-- phpMyAdmin SQL Dump
-- version 5.2.0
-- https://www.phpmyadmin.net/
--
-- Host: localhost:3306
-- Generation Time: Dec 10, 2024 at 04:02 AM
-- Server version: 8.0.30
-- PHP Version: 8.1.10

SET SQL_MODE = "NO_AUTO_VALUE_ON_ZERO";
START TRANSACTION;
SET time_zone = "+00:00";


/*!40101 SET @OLD_CHARACTER_SET_CLIENT=@@CHARACTER_SET_CLIENT */;
/*!40101 SET @OLD_CHARACTER_SET_RESULTS=@@CHARACTER_SET_RESULTS */;
/*!40101 SET @OLD_COLLATION_CONNECTION=@@COLLATION_CONNECTION */;
/*!40101 SET NAMES utf8mb4 */;

--
-- Database: `doantotnghiep2`
--

-- --------------------------------------------------------

--
-- Table structure for table `admins`
--

CREATE TABLE `admins` (
  `id` bigint UNSIGNED NOT NULL,
  `name` varchar(255) CHARACTER SET utf8mb4 COLLATE utf8mb4_unicode_ci NOT NULL,
  `email` varchar(255) CHARACTER SET utf8mb4 COLLATE utf8mb4_unicode_ci NOT NULL,
  `password` varchar(255) CHARACTER SET utf8mb4 COLLATE utf8mb4_unicode_ci NOT NULL,
  `name_role` varchar(255) CHARACTER SET utf8mb4 COLLATE utf8mb4_unicode_ci NOT NULL DEFAULT 'admin',
  `is_active` tinyint(1) NOT NULL DEFAULT '1',
  `remember_token` varchar(100) CHARACTER SET utf8mb4 COLLATE utf8mb4_unicode_ci DEFAULT NULL,
  `created_at` timestamp NULL DEFAULT NULL,
  `updated_at` timestamp NULL DEFAULT NULL
) ENGINE=InnoDB DEFAULT CHARSET=utf8mb4 COLLATE=utf8mb4_unicode_ci;

--
-- Dumping data for table `admins`
--

INSERT INTO `admins` (`id`, `name`, `email`, `password`, `name_role`, `is_active`, `remember_token`, `created_at`, `updated_at`) VALUES
(1, 'Admin', 'admin@admin.com', '$2y$12$8Q/SjeVhyQSKLBS5o2GvXun1L0moqKIbWUXXtXYAJvDXBHFDSAvBG', 'admin', 1, NULL, '2024-11-17 00:51:28', '2024-11-17 00:51:28'),
(2, 'Nguyễn Quốc Triệu', 'anhtrieu147@gmail.com', '$2y$12$wAjNIZU5WK6480hciPPJK.lJoRkklo.sFcar9x.3VwpIPu0zGHbvy', 'admin', 1, NULL, '2024-11-17 08:50:32', '2024-11-17 08:56:32');

-- --------------------------------------------------------

--
-- Table structure for table `banners`
--

CREATE TABLE `banners` (
  `id` bigint UNSIGNED NOT NULL,
  `image_url` varchar(255) CHARACTER SET utf8mb4 COLLATE utf8mb4_unicode_ci DEFAULT NULL,
  `link` varchar(255) CHARACTER SET utf8mb4 COLLATE utf8mb4_unicode_ci NOT NULL,
  `start_date` date NOT NULL,
  `end_date` date NOT NULL,
  `is_active` tinyint(1) NOT NULL DEFAULT '1',
  `deleted_at` timestamp NULL DEFAULT NULL,
  `created_at` timestamp NULL DEFAULT NULL,
  `updated_at` timestamp NULL DEFAULT NULL
) ENGINE=InnoDB DEFAULT CHARSET=utf8mb4 COLLATE=utf8mb4_unicode_ci;

--
-- Dumping data for table `banners`
--

INSERT INTO `banners` (`id`, `image_url`, `link`, `start_date`, `end_date`, `is_active`, `deleted_at`, `created_at`, `updated_at`) VALUES
(1, 'banners/cl7GEmDWOve9A3QnBrGpenROIDBF8PFrWTBqRDyQ.jpg', 'https://ycc.com.vn/kich-thuoc-banner-treo-xe/fdgfhygjjj', '2024-11-02', '2024-11-06', 1, '2024-11-04 01:48:41', '2024-11-04 01:40:36', '2024-11-04 01:48:41'),
(2, 'banners/K94f0f19ddP2Ro2nXyL5IX21uAmiD7vGz9OKVV8e.png', 'https://meet.google.com/yyb-zmrp-ddjafadaggvqvwgvwrvrwlnfejfnejkvnjkvnqjkvnqjkvnqjkvbnqjkvbjkvbwrjkvbwrjkvwjkvbnwrjkvwrnvjkwvbnwrkj', '2024-11-08', '2024-11-22', 1, '2024-11-18 07:01:26', '2024-11-14 08:40:44', '2024-11-18 07:01:26'),
(3, 'banners/bOPRYlaaN7HjbqFiTQuEDhmt7nCvgHrpKMsTk019.jpg', 'https://www.instagram.commmmm', '2024-11-17', '2024-11-23', 1, '2024-12-09 07:15:36', '2024-11-17 09:36:01', '2024-12-09 07:15:36'),
(4, 'banners/TNO5wsUpeD4qBm2Z9CIElD6lYxijm5I0uI6hNkfz.jpg', 'https://www.instagram.commmmm', '2024-11-19', '2024-11-24', 1, '2024-12-09 07:15:33', '2024-11-17 12:13:19', '2024-12-09 07:15:33'),
(5, 'banners/jCYfI9EkzZm6zQdAugO2tAsLUWM8T0SjrG9ZwpHT.png', 'https://www.instagram.commmmm', '2024-11-19', '2024-11-21', 1, '2024-12-09 07:15:30', '2024-11-18 07:01:21', '2024-12-09 07:15:30'),
(6, 'banners/8fJ2ml7mTEZPD5v17clbCLxd3YqhrzPO9Y0PGRiA.jpg', 'https://meet.google.com/yyb-zmrp-ddjafadaggvqvwgvwrvrwlnfejfnejkvnjkvnqjkvnqjkvnqjkvbnqjkvbjkvbwrjkvbwrjkvwjkvbnwrjkvwrnvjkwvbnwrkj', '2024-12-11', '2024-12-25', 1, NULL, '2024-12-09 07:16:37', '2024-12-09 07:16:37');

-- --------------------------------------------------------

--
-- Table structure for table `buses`
--

CREATE TABLE `buses` (
  `id` bigint UNSIGNED NOT NULL,
  `driver_id` bigint UNSIGNED NOT NULL,
  `name_bus` varchar(255) CHARACTER SET utf8mb4 COLLATE utf8mb4_unicode_ci NOT NULL,
  `model` varchar(255) CHARACTER SET utf8mb4 COLLATE utf8mb4_unicode_ci NOT NULL,
  `license_plate` varchar(255) CHARACTER SET utf8mb4 COLLATE utf8mb4_unicode_ci NOT NULL,
  `total_seats` int NOT NULL,
  `image` varchar(255) CHARACTER SET utf8mb4 COLLATE utf8mb4_unicode_ci NOT NULL,
  `description` text CHARACTER SET utf8mb4 COLLATE utf8mb4_unicode_ci NOT NULL,
  `is_active` tinyint(1) NOT NULL DEFAULT '1',
  `deleted_at` timestamp NULL DEFAULT NULL,
  `created_at` timestamp NULL DEFAULT NULL,
  `updated_at` timestamp NULL DEFAULT NULL
) ENGINE=InnoDB DEFAULT CHARSET=utf8mb4 COLLATE=utf8mb4_unicode_ci;

--
-- Dumping data for table `buses`
--

INSERT INTO `buses` (`id`, `driver_id`, `name_bus`, `model`, `license_plate`, `total_seats`, `image`, `description`, `is_active`, `deleted_at`, `created_at`, `updated_at`) VALUES
(1, 2, 'Xe giường nằm', 'Hyundai', '22B2 - 00001', 40, 'buses/3EwOFmnaFbL14EkZpkp7oPp5tL3kuBJnJVjiey1J.png', 'Xe giường nằm 40 chỗ - chạy cao tốc', 1, NULL, '2024-10-26 03:18:45', '2024-10-27 00:53:44'),
(2, 3, 'Xe ghế ngồi', 'Hyundai', '22B2 - 00002', 45, 'buses/018AZkNSTBihLLZwzTPVaSb7gCNRiRNhoudAfVnm.jpg', 'Xe ghế ngồi 45 chỗ - chạy quốc lộ', 1, NULL, '2024-10-26 03:19:48', '2024-11-12 20:48:49'),
(3, 4, 'Xe ghế ngồi', 'Hyundai', '22B2 - 00003', 45, 'buses/jhJAViPOZWNFyDq5WG41z1ZNpAsL2RbBy9HWc4t8.png', 'Xe ghế ngồi 45 chỗ - chạy quốc lộ', 1, NULL, '2024-10-26 03:20:40', '2024-11-12 20:48:31'),
(4, 5, 'Xe giường nằm - Cabin', 'Hyundai', '22B2 - 00004', 34, 'buses/LbrvNKL5gtWg3gTBWtIjEVYfKZeOBaJGuN7GeQU0.png', 'Xe giường nằm - Cabin - 34 chỗ - chạy cao tốc', 1, NULL, '2024-10-26 03:21:53', '2024-11-12 18:25:26'),
(5, 17, 'Xe giường nằm - Cabin', 'Hyundai', '22B2 - 00005', 34, 'buses/hCNvptrhpZPYVGiHaohzuwpElyMDfN52lBQM5teR.png', 'Xe giường nằm - Cabin - 34 chỗ - Chạy cao tốc', 1, NULL, '2024-10-26 03:23:12', '2024-11-12 18:25:09'),
(6, 6, 'Xe giường nằm - Cabin', 'Hyundai', '22B2 - 00006', 34, 'buses/QU4jWUCpiuO1Fr3YLMfGFtTBfuTVoezhm8n0LMxa.png', 'Xe giường nằm - Cabin - 34 chỗ - Chạy cao tốc', 1, NULL, '2024-10-26 03:23:58', '2024-11-12 18:24:54'),
(7, 7, 'Xe ghế ngồi', 'Hyundai', '22B2 - 00007', 45, 'buses/WhTRnDq1qOhTBghq9a8BVeICsZj7I4KPdrlL2o1z.png', 'Xe ghế ngồi - 45 chỗ - Chạy quốc lộ', 1, NULL, '2024-10-26 03:24:39', '2024-11-12 20:49:07'),
(8, 8, 'Xe ghế ngồi', 'Hyundai', '22B2 - 00008', 45, 'buses/FpaWawqw6eyzVPNHp8DbBdkz0dt9CmBfqtVEycam.jpg', 'Xe ghế ngồi - 45 chỗ - Chạy quốc lộ', 1, NULL, '2024-10-26 03:25:26', '2024-11-12 20:49:28'),
(9, 9, 'Xe giường nằm', 'Hyundai', '22B2 - 00009', 40, 'buses/Xb3wtYMZXVbFH9KXuHqYWOSmYddUYACADh5xxl7N.png', 'Xe giường nằm - 40 chỗ - Chạy cao tốc', 1, NULL, '2024-10-26 03:27:58', '2024-10-27 00:54:26'),
(10, 10, 'Xe giường nằm', 'Hyundai', '22B2 - 00010', 40, 'buses/auU4gnlOkQJzGoZ5UD6hLAU2bhIlmb9MC2nS4gUn.png', 'Xe giường nằm - 40 chỗ - Chạy cao tốc', 1, NULL, '2024-10-26 03:28:35', '2024-10-27 00:54:26'),
(11, 11, 'Xe giường nằm', 'Hyundai', '22B2 - 00011', 40, 'buses/VBO9yi8RSFuRYgAIVO8g4hBbli0p7lqlzoJia16U.png', 'Xe giường nằm - 40 chỗ - Chạy cao tốc', 1, NULL, '2024-10-26 03:29:03', '2024-10-27 01:03:28'),
(12, 12, 'Xe giường nằm', 'Hyundai', '22B2 - 00012', 40, 'buses/2L9DvfVJ2JzOXa6DHwhK4Btu4BCRDcgtXZmTBx8x.png', 'Xe giường nằm - 40 chỗ - Chạy cao tốc', 1, NULL, '2024-10-26 03:29:30', '2024-10-27 01:03:28'),
(13, 13, 'Xe giường nằm', 'Hyundai', '22B2 - 00013', 40, 'buses/Aqac79HtgHZHZ6knG5GIbzZThi00Aei2OARIKCNk.png', 'Xe giường nằm - 40 chỗ - Chạy cao tốc', 1, NULL, '2024-10-26 03:29:57', '2024-10-27 01:03:28'),
(14, 14, 'Xe giường nằm', 'Hyundai', '22B2 - 00014', 40, 'buses/9KWbSoowDcYdZjVhZI4vXeV1O5LJx6GrkWlIc2te.png', 'Xe giường nằm - 40 chỗ - Chạy cao tốc', 1, NULL, '2024-10-26 03:30:24', '2024-11-17 11:31:35'),
(15, 26, 'Xe giường nằm', 'Hyundai', '22B2 - 00015', 40, 'buses/sBjHDku0HpD2hUKXRdzFUETezJew4czCJsHTdPxI.png', 'Xe giường nằm - 40 chỗ - Chạy cao tốc', 1, NULL, '2024-10-26 03:30:48', '2024-12-07 19:36:41'),
(16, 16, 'Xe giường nằm', 'Hyundai', '22B2 - 00016', 40, 'buses/ta7xuhuerEhcp2YwPMxFC1DZOliGGHSqgr6iGuET.png', 'Xe giường nằm - 40 chỗ - Chạy cao tốc', 1, NULL, '2024-10-26 03:38:12', '2024-11-17 11:31:35'),
(17, 18, 'Xe khách 40 chỗ', 'Hyundai', '22B2 - 00017', 40, 'buses/wYBs8nHph0IDZJXAJhxhbLiypg40orM99hqmfbpN.jpg', 'Xe giường nằm - 40 chỗ - Chạy cao tốc', 1, NULL, '2024-11-01 08:15:25', '2024-11-17 11:31:35'),
(18, 21, 'okeoek', 'Hyundai', '22B2 - 01111', 33, 'buses/znyd8maVMq5kJQT1AgYu4qEHfC3NtEkwF0oyy2pg.jpg', 'áacafdsfdsfds', 0, '2024-11-17 00:33:15', '2024-11-17 00:09:56', '2024-11-17 00:33:15'),
(19, 19, 'Xe Container', 'Honda', '29Y5-04953', 40, 'buses/Cq9XMQ79NQGddt8vJXeBMGvgYUuarkKi5dBjJ31I.png', 'sdfsdfsdf', 0, NULL, '2024-11-17 12:08:17', '2024-12-09 18:57:02'),
(20, 22, 'Mercedes 45', 'Mercedes', '29Y5-04953', 40, 'buses/qVuMcqP2PQ4YQkNgX5Ts8vvV9QSmhm8zy8Q298IC.png', 'lên xe', 1, NULL, '2024-11-18 05:05:51', '2024-11-18 05:05:57'),
(21, 25, 'Container Đưa em đi', 'Mercedes', '29Y5-04953', 40, 'buses/UEtA0Dys9AwV2BWCiTf4MRsyj5CrZRGYElVEBVHW.jpg', 'sdfsdfsdfsdf', 1, NULL, '2024-11-18 05:07:36', '2024-11-18 05:09:09'),
(22, 23, 'Xe 34 chỗ', 'Hyndai', '34AA-26941', 34, 'buses/Xi20bglaSdmSDt2lKxqYLfpuCmzbT29GNvdhWPrA.png', 'Đây là xe 35 chỗ', 0, '2024-12-09 08:32:06', '2024-12-07 18:44:08', '2024-12-09 08:32:06'),
(23, 15, 'Xe giường nằm - Cabin', 'Hyundai', '23B2 - 23233', 34, 'buses/7ibaTi7nOtCyJTMrCcn6LpfkQesRvs5CJPKUTl1X.jpg', 'Xe cabin chạy cao tốc', 1, NULL, '2024-12-09 09:09:24', '2024-12-09 18:55:51');

-- --------------------------------------------------------

--
-- Table structure for table `contacts`
--

CREATE TABLE `contacts` (
  `id` bigint UNSIGNED NOT NULL,
  `name` varchar(255) CHARACTER SET utf8mb4 COLLATE utf8mb4_unicode_ci NOT NULL,
  `email` varchar(255) CHARACTER SET utf8mb4 COLLATE utf8mb4_unicode_ci NOT NULL,
  `phone` varchar(255) CHARACTER SET utf8mb4 COLLATE utf8mb4_unicode_ci NOT NULL,
  `title` varchar(255) CHARACTER SET utf8mb4 COLLATE utf8mb4_unicode_ci NOT NULL,
  `is_active` tinyint(1) NOT NULL DEFAULT '1',
  `message` text CHARACTER SET utf8mb4 COLLATE utf8mb4_unicode_ci,
  `deleted_at` timestamp NULL DEFAULT NULL,
  `created_at` timestamp NULL DEFAULT NULL,
  `updated_at` timestamp NULL DEFAULT NULL
) ENGINE=InnoDB DEFAULT CHARSET=utf8mb4 COLLATE=utf8mb4_unicode_ci;

--
-- Dumping data for table `contacts`
--

INSERT INTO `contacts` (`id`, `name`, `email`, `phone`, `title`, `is_active`, `message`, `deleted_at`, `created_at`, `updated_at`) VALUES
(1, 'Phùng Thị Hồng Nhung', 'nhungpthph37011@fpt.edu.vn', '37774381', 'jij', 0, 'nnnnnnnnnnnn', '2024-11-08 08:38:24', '2024-11-08 08:36:07', '2024-11-08 08:38:24'),
(2, 'letrong long', 'longltph36997@fpt.edu.vn', '0987535333', 'Mã khuyến mãi giành cho người mới', 1, 'haha', NULL, '2024-12-07 18:55:13', '2024-12-07 18:55:24');

-- --------------------------------------------------------

--
-- Table structure for table `drivers`
--

CREATE TABLE `drivers` (
  `id` bigint UNSIGNED NOT NULL,
  `name` varchar(255) CHARACTER SET utf8mb4 COLLATE utf8mb4_unicode_ci NOT NULL,
  `date_of_birth` date NOT NULL,
  `email` varchar(255) CHARACTER SET utf8mb4 COLLATE utf8mb4_unicode_ci NOT NULL,
  `password` varchar(255) CHARACTER SET utf8mb4 COLLATE utf8mb4_unicode_ci NOT NULL,
  `phone` varchar(255) CHARACTER SET utf8mb4 COLLATE utf8mb4_unicode_ci DEFAULT NULL,
  `license_number` varchar(255) CHARACTER SET utf8mb4 COLLATE utf8mb4_unicode_ci DEFAULT NULL,
  `address` varchar(255) CHARACTER SET utf8mb4 COLLATE utf8mb4_unicode_ci DEFAULT NULL,
  `profile_image` varchar(255) CHARACTER SET utf8mb4 COLLATE utf8mb4_unicode_ci DEFAULT NULL,
  `is_active` tinyint(1) NOT NULL DEFAULT '0',
  `created_at` timestamp NULL DEFAULT NULL,
  `updated_at` timestamp NULL DEFAULT NULL
) ENGINE=InnoDB DEFAULT CHARSET=utf8mb4 COLLATE=utf8mb4_unicode_ci;

--
-- Dumping data for table `drivers`
--

INSERT INTO `drivers` (`id`, `name`, `date_of_birth`, `email`, `password`, `phone`, `license_number`, `address`, `profile_image`, `is_active`, `created_at`, `updated_at`) VALUES
(2, 'hhai03', '2024-11-23', 'mahoanghaicv@gmail.com', 'hongnhung', '0352441179', '4234324234', 'tuyên quang', 'drivers/rOaWmrvrxpKtzeEdXrYShSiM99mKzhRug0yoF3kg.jpg', 1, '2024-11-14 09:07:48', '2024-11-17 00:09:56'),
(3, 'Nguyễn Như Hoàng', '2024-11-16', 'hoanghai07092003@gmail.com', 'hongnhung', '0917555305', '332324234324', 'Chương Mỹ', 'drivers/FHlPYzahZ6mAIGI0CSv7SvNHWawBWoqAB2vIWNcj.jpg', 1, '2024-11-16 23:03:25', '2024-11-16 23:03:25'),
(4, 'Nguyễn Quốc Triệu', '2024-11-15', 'nguyenquoctrieu@gmail.com', 'hongnhung', '0352441179', '9784278784', 'Linh Đàm', 'drivers/IdMn7Zm0yyLL3vI56drCz7EIInSp7FG2ndU63bm8.jpg', 1, '2024-11-16 23:11:22', '2024-11-16 23:16:12'),
(5, 'Tài xế 1', '2024-11-16', 'mahoanghaicv1@gmail.com', 'hongnhung', '0352441179', '4873578457', 'Hà Nội', 'drivers/3ZgDDSyaKDOJqwhYqLBRPkSFk9PnXAgB5XLGmvUU.jpg', 1, '2024-11-16 23:17:26', '2024-11-16 23:17:26'),
(6, 'Tài xế 2', '2024-11-17', 'mahoanghaicv@gmail.com2', 'hongnhung', '0917555305', '98489489498924', 'Hà Nội', 'drivers/YM1aFaZr0GAwfhEpqCKOSY8bkcX8BWoriZbGqi6R.jpg', 1, '2024-11-16 23:17:48', '2024-11-16 23:17:48'),
(7, 'Tài xế 3', '2024-11-17', 'mahoanghaicv@gmail.com3', 'hongnhung', '0352441179', '48989825892', 'Hà Nội', 'drivers/5V2WMJrp5AEynvKFl8PniSaghGPkcja2KbyflVMj.jpg', 1, '2024-11-16 23:18:10', '2024-11-16 23:18:10'),
(8, 'Tài xế 4', '2024-11-17', 'mahoanghaicv@gmail.com4', 'hongnhung', '0352441179', '8932489328943', 'Hà Nội', 'drivers/20SOCQ2rbUgtrWLS1G8hM5xtUIcd0txAop2Qsry9.jpg', 1, '2024-11-16 23:18:35', '2024-11-16 23:18:35'),
(9, 'Tài xế 5', '2024-11-17', 'mahoanghaicv@gmail.com5', 'hongnhung', '0352441179', '8745782482', 'Hà Nội', 'drivers/CdClYjvUiJGUqWuuxdQR50xxFiJs49KsNg0SwKKM.jpg', 1, '2024-11-16 23:19:03', '2024-11-17 09:34:14'),
(10, 'Tài xế 6', '2024-11-17', 'mahoanghaicv@gmail.com6', 'hongnhung', '0352441179', '87478278423', 'Hà Nội', 'drivers/iAED3HmPTq6dFhbW3tCCFbeXK7cauY9h1xdqA6lL.jpg', 1, '2024-11-16 23:19:25', '2024-11-16 23:19:25'),
(11, 'Tài xế 7', '2024-11-17', 'mahoanghaicv@gmail.com8', 'hongnhung', '0352441179', '2789347832478', 'Hà Nội', 'drivers/twrsn3sBzNNOzqn5s6CCafxYMOpwpMmgv2jt0sR9.jpg', 1, '2024-11-16 23:20:04', '2024-11-16 23:20:04'),
(12, 'Tài xế 8', '2024-11-17', 'mahoanghaicv@gmail.com9', 'hongnhung', '0352441179', '3489789425', 'Hà Nội', 'drivers/iKEuf6lw1GU0yKGpu9S5lmlmbOeiv89UoBHEi4RV.jpg', 1, '2024-11-16 23:20:48', '2024-11-16 23:20:48'),
(13, 'Tài Xế 10', '2024-11-18', 'mahoanghaicv@gmail.com10', 'hongnhung', '0352441179', '78237832784', 'Hà Nội', 'drivers/xnXeGUoecqjq8XkeqjQMUeuFznbTboradwZZaUCp.jpg', 1, '2024-11-16 23:21:36', '2024-11-16 23:21:36'),
(14, 'Tài xế 12', '2024-11-17', 'mahoanghaicv@gmail.com12', 'hongnhung', '0352441179', '873478314783', 'Hà Nội', 'drivers/XgPqxKFQ75sa3FjRXrx3WjIqtGPcDQcCUIo5LE3O.jpg', 1, '2024-11-16 23:24:15', '2024-11-16 23:24:15'),
(15, 'Tài xế 14', '2024-11-17', 'mahoanghaicv@gmail.com14', 'hongnhung', '0352441179', '089248924', 'Hà Nội', 'drivers/TkXcT32ezNVL739pKwvRed6THl9Z1qjL3VHDZnon.jpg', 0, '2024-11-16 23:24:49', '2024-12-09 18:57:02'),
(16, 'Tài xế 15', '2024-11-17', 'mahoanghaicv@gmail.com15', 'hongnhung', '0352441179', '478578425', 'Hà Nội', 'drivers/QephQAE4XXktgk2lHW1YQjRPzuLUwWRSHx8bK8m2.jpg', 1, '2024-11-16 23:25:15', '2024-11-16 23:25:15'),
(17, 'Tài xế 16', '2024-11-17', 'mahoanghaicv@gmail.com16', 'hongnhung', '0352441179', '8323289423894', 'Hà Nội', 'drivers/mi9AyZYHcLRs6m2IfqzR9J1dvh6zQPrO5oLoiypi.jpg', 1, '2024-11-16 23:25:46', '2024-11-16 23:25:46'),
(18, 'Tài xế 17', '2024-11-17', 'mahoanghaicv@gmail.com17', 'hongnhung', '0352441179', '2378327843', 'Hà Nội', 'drivers/TtpD2c1YCJzno1UWWqIA0uDwOXjpzDis4JhffTZo.jpg', 1, '2024-11-16 23:26:09', '2024-11-16 23:26:09'),
(19, 'Tài xế 18', '2024-11-17', 'mahoanghaicv@gmail.com18', 'hongnhung', '0352441179', '278478243', 'Hà Nội', 'drivers/yGfFxz8ufTSFgqhJHKIIs5Ab0JRoBwHrPsFaeVeG.jpg', 1, '2024-11-16 23:26:47', '2024-12-09 18:57:02'),
(20, 'Tài xế 19', '2024-11-17', 'mahoanghaicv@gmail.com19', 'hongnhung', '0352441179', '38989439413', 'Hà Nội', 'drivers/LDMfM6oAKowcVTBQKt8c7LbUWUdXxe0nD5b3Yw0e.jpg', 0, '2024-11-16 23:27:11', '2024-12-09 18:55:51'),
(21, 'Tài xế 20', '2024-11-17', 'mahoanghaicv@gmail.com20', 'hongnhung', '0352441179', '238487347832', 'Hà Nội', 'drivers/JUDCDUrMhLHKL7WNxW89Wlw3BPUBvLfCW3aPyg8E.jpg', 0, '2024-11-16 23:27:34', '2024-11-17 00:33:15'),
(22, 'Nguyễn Quốc Triệu', '2024-11-17', 'anhtrieu147@gmail.com', '12345678', '0387214423', '234234', 'Làng Đan nhiễm', 'drivers/qOOcHafsiVZpKviujsG6T8sl5PYsg9VHeuLP9iCT.png', 1, '2024-11-17 01:52:37', '2024-11-18 05:05:51'),
(23, 'Nguyễn Quốc Triệu', '2024-11-19', 'anhtrieu156@gmail.com', '12345678', '0387214423', '12345678', 'Làng Đan nhiễm', 'drivers/tXccBlxJRSVsGv52KpQFBKiBZGBVZ73rOTDrqieo.jpg', 0, '2024-11-17 12:08:54', '2024-12-09 08:32:06'),
(24, 'Quốc Triệu', '2024-11-18', 'quoctrieu1447@gmail.com', '12345678', '0387214423', '42323423', 'Làng Đan nhiễm', 'drivers/3lqnxbKU4MAyXBqxRd59D9kKVebJ17wQIztjZBT6.jpg', 1, '2024-11-18 05:04:23', '2024-11-18 05:06:20'),
(25, 'Triệu', '2024-11-18', '34eu147@gmail.com', '12345678', '0387214423', '4435345345', 'Làng Đan nhiễm', 'drivers/j6ZH79JsGedAyHjpqfzCbXDQdGJ0Nrdvvca6420G.jpg', 1, '2024-11-18 05:07:12', '2024-11-18 05:07:36'),
(26, 'long 34', '2024-12-08', 'letronglong26012004@gmail.com', '$2y$12$lIFJMMrv6JwDThne/tSmhOusU3bcnvSPXU8h2GNZOvN7Xx0cdMDSm', '0375156253', '3', 'Hải dương', 'drivers/SQJ9DXjWqgHGotL0sICDBUiAdsGpOJUbd7bMnne8.png', 1, '2024-12-07 18:46:00', '2024-12-07 19:39:21');

-- --------------------------------------------------------

--
-- Table structure for table `failed_jobs`
--

CREATE TABLE `failed_jobs` (
  `id` bigint UNSIGNED NOT NULL,
  `uuid` varchar(255) CHARACTER SET utf8mb4 COLLATE utf8mb4_unicode_ci NOT NULL,
  `connection` text CHARACTER SET utf8mb4 COLLATE utf8mb4_unicode_ci NOT NULL,
  `queue` text CHARACTER SET utf8mb4 COLLATE utf8mb4_unicode_ci NOT NULL,
  `payload` longtext CHARACTER SET utf8mb4 COLLATE utf8mb4_unicode_ci NOT NULL,
  `exception` longtext CHARACTER SET utf8mb4 COLLATE utf8mb4_unicode_ci NOT NULL,
  `failed_at` timestamp NOT NULL DEFAULT CURRENT_TIMESTAMP
) ENGINE=InnoDB DEFAULT CHARSET=utf8mb4 COLLATE=utf8mb4_unicode_ci;

--
-- Dumping data for table `failed_jobs`
--

INSERT INTO `failed_jobs` (`id`, `uuid`, `connection`, `queue`, `payload`, `exception`, `failed_at`) VALUES
(15, 'a0f82fa4-68c6-4a9d-a010-59c3ca897636', 'database', 'default', '{\"uuid\":\"a0f82fa4-68c6-4a9d-a010-59c3ca897636\",\"displayName\":\"App\\\\Listeners\\\\SendNotification\",\"job\":\"Illuminate\\\\Queue\\\\CallQueuedHandler@call\",\"maxTries\":null,\"maxExceptions\":null,\"failOnTimeout\":false,\"backoff\":null,\"timeout\":null,\"retryUntil\":null,\"data\":{\"commandName\":\"Illuminate\\\\Events\\\\CallQueuedListener\",\"command\":\"O:36:\\\"Illuminate\\\\Events\\\\CallQueuedListener\\\":20:{s:5:\\\"class\\\";s:30:\\\"App\\\\Listeners\\\\SendNotification\\\";s:6:\\\"method\\\";s:6:\\\"handle\\\";s:4:\\\"data\\\";a:1:{i:0;O:22:\\\"App\\\\Events\\\\OrderTicket\\\":1:{s:6:\\\"ticket\\\";O:45:\\\"Illuminate\\\\Contracts\\\\Database\\\\ModelIdentifier\\\":5:{s:5:\\\"class\\\";s:24:\\\"App\\\\Models\\\\TicketBooking\\\";s:2:\\\"id\\\";i:34;s:9:\\\"relations\\\";a:4:{i:0;s:5:\\\"route\\\";i:1;s:3:\\\"bus\\\";i:2;s:13:\\\"paymentMethod\\\";i:3;s:13:\\\"ticketDetails\\\";}s:10:\\\"connection\\\";s:5:\\\"mysql\\\";s:15:\\\"collectionClass\\\";N;}}}s:5:\\\"tries\\\";N;s:13:\\\"maxExceptions\\\";N;s:7:\\\"backoff\\\";N;s:10:\\\"retryUntil\\\";N;s:7:\\\"timeout\\\";N;s:13:\\\"failOnTimeout\\\";b:0;s:17:\\\"shouldBeEncrypted\\\";b:0;s:3:\\\"job\\\";N;s:10:\\\"connection\\\";N;s:5:\\\"queue\\\";N;s:15:\\\"chainConnection\\\";N;s:10:\\\"chainQueue\\\";N;s:19:\\\"chainCatchCallbacks\\\";N;s:5:\\\"delay\\\";N;s:11:\\\"afterCommit\\\";N;s:10:\\\"middleware\\\";a:0:{}s:7:\\\"chained\\\";a:0:{}}\"}}', 'Exception: Property [ticket_code] does not exist on this collection instance. in D:\\laragon\\www\\doantotnghiep\\vendor\\laravel\\framework\\src\\Illuminate\\Collections\\Traits\\EnumeratesValues.php:1011\nStack trace:\n#0 D:\\laragon\\www\\doantotnghiep\\app\\Listeners\\SendNotification.php(49): Illuminate\\Support\\Collection->__get(\'ticket_code\')\n#1 D:\\laragon\\www\\doantotnghiep\\vendor\\laravel\\framework\\src\\Illuminate\\Events\\CallQueuedListener.php(114): App\\Listeners\\SendNotification->handle(Object(App\\Events\\OrderTicket))\n#2 D:\\laragon\\www\\doantotnghiep\\vendor\\laravel\\framework\\src\\Illuminate\\Container\\BoundMethod.php(36): Illuminate\\Events\\CallQueuedListener->handle(Object(Illuminate\\Foundation\\Application))\n#3 D:\\laragon\\www\\doantotnghiep\\vendor\\laravel\\framework\\src\\Illuminate\\Container\\Util.php(41): Illuminate\\Container\\BoundMethod::Illuminate\\Container\\{closure}()\n#4 D:\\laragon\\www\\doantotnghiep\\vendor\\laravel\\framework\\src\\Illuminate\\Container\\BoundMethod.php(93): Illuminate\\Container\\Util::unwrapIfClosure(Object(Closure))\n#5 D:\\laragon\\www\\doantotnghiep\\vendor\\laravel\\framework\\src\\Illuminate\\Container\\BoundMethod.php(37): Illuminate\\Container\\BoundMethod::callBoundMethod(Object(Illuminate\\Foundation\\Application), Array, Object(Closure))\n#6 D:\\laragon\\www\\doantotnghiep\\vendor\\laravel\\framework\\src\\Illuminate\\Container\\Container.php(662): Illuminate\\Container\\BoundMethod::call(Object(Illuminate\\Foundation\\Application), Array, Array, NULL)\n#7 D:\\laragon\\www\\doantotnghiep\\vendor\\laravel\\framework\\src\\Illuminate\\Bus\\Dispatcher.php(128): Illuminate\\Container\\Container->call(Array)\n#8 D:\\laragon\\www\\doantotnghiep\\vendor\\laravel\\framework\\src\\Illuminate\\Pipeline\\Pipeline.php(144): Illuminate\\Bus\\Dispatcher->Illuminate\\Bus\\{closure}(Object(Illuminate\\Events\\CallQueuedListener))\n#9 D:\\laragon\\www\\doantotnghiep\\vendor\\laravel\\framework\\src\\Illuminate\\Pipeline\\Pipeline.php(119): Illuminate\\Pipeline\\Pipeline->Illuminate\\Pipeline\\{closure}(Object(Illuminate\\Events\\CallQueuedListener))\n#10 D:\\laragon\\www\\doantotnghiep\\vendor\\laravel\\framework\\src\\Illuminate\\Bus\\Dispatcher.php(132): Illuminate\\Pipeline\\Pipeline->then(Object(Closure))\n#11 D:\\laragon\\www\\doantotnghiep\\vendor\\laravel\\framework\\src\\Illuminate\\Queue\\CallQueuedHandler.php(124): Illuminate\\Bus\\Dispatcher->dispatchNow(Object(Illuminate\\Events\\CallQueuedListener), false)\n#12 D:\\laragon\\www\\doantotnghiep\\vendor\\laravel\\framework\\src\\Illuminate\\Pipeline\\Pipeline.php(144): Illuminate\\Queue\\CallQueuedHandler->Illuminate\\Queue\\{closure}(Object(Illuminate\\Events\\CallQueuedListener))\n#13 D:\\laragon\\www\\doantotnghiep\\vendor\\laravel\\framework\\src\\Illuminate\\Pipeline\\Pipeline.php(119): Illuminate\\Pipeline\\Pipeline->Illuminate\\Pipeline\\{closure}(Object(Illuminate\\Events\\CallQueuedListener))\n#14 D:\\laragon\\www\\doantotnghiep\\vendor\\laravel\\framework\\src\\Illuminate\\Queue\\CallQueuedHandler.php(126): Illuminate\\Pipeline\\Pipeline->then(Object(Closure))\n#15 D:\\laragon\\www\\doantotnghiep\\vendor\\laravel\\framework\\src\\Illuminate\\Queue\\CallQueuedHandler.php(70): Illuminate\\Queue\\CallQueuedHandler->dispatchThroughMiddleware(Object(Illuminate\\Queue\\Jobs\\DatabaseJob), Object(Illuminate\\Events\\CallQueuedListener))\n#16 D:\\laragon\\www\\doantotnghiep\\vendor\\laravel\\framework\\src\\Illuminate\\Queue\\Jobs\\Job.php(102): Illuminate\\Queue\\CallQueuedHandler->call(Object(Illuminate\\Queue\\Jobs\\DatabaseJob), Array)\n#17 D:\\laragon\\www\\doantotnghiep\\vendor\\laravel\\framework\\src\\Illuminate\\Queue\\Worker.php(439): Illuminate\\Queue\\Jobs\\Job->fire()\n#18 D:\\laragon\\www\\doantotnghiep\\vendor\\laravel\\framework\\src\\Illuminate\\Queue\\Worker.php(389): Illuminate\\Queue\\Worker->process(\'database\', Object(Illuminate\\Queue\\Jobs\\DatabaseJob), Object(Illuminate\\Queue\\WorkerOptions))\n#19 D:\\laragon\\www\\doantotnghiep\\vendor\\laravel\\framework\\src\\Illuminate\\Queue\\Worker.php(176): Illuminate\\Queue\\Worker->runJob(Object(Illuminate\\Queue\\Jobs\\DatabaseJob), \'database\', Object(Illuminate\\Queue\\WorkerOptions))\n#20 D:\\laragon\\www\\doantotnghiep\\vendor\\laravel\\framework\\src\\Illuminate\\Queue\\Console\\WorkCommand.php(138): Illuminate\\Queue\\Worker->daemon(\'database\', \'default\', Object(Illuminate\\Queue\\WorkerOptions))\n#21 D:\\laragon\\www\\doantotnghiep\\vendor\\laravel\\framework\\src\\Illuminate\\Queue\\Console\\WorkCommand.php(121): Illuminate\\Queue\\Console\\WorkCommand->runWorker(\'database\', \'default\')\n#22 D:\\laragon\\www\\doantotnghiep\\vendor\\laravel\\framework\\src\\Illuminate\\Container\\BoundMethod.php(36): Illuminate\\Queue\\Console\\WorkCommand->handle()\n#23 D:\\laragon\\www\\doantotnghiep\\vendor\\laravel\\framework\\src\\Illuminate\\Container\\Util.php(41): Illuminate\\Container\\BoundMethod::Illuminate\\Container\\{closure}()\n#24 D:\\laragon\\www\\doantotnghiep\\vendor\\laravel\\framework\\src\\Illuminate\\Container\\BoundMethod.php(93): Illuminate\\Container\\Util::unwrapIfClosure(Object(Closure))\n#25 D:\\laragon\\www\\doantotnghiep\\vendor\\laravel\\framework\\src\\Illuminate\\Container\\BoundMethod.php(37): Illuminate\\Container\\BoundMethod::callBoundMethod(Object(Illuminate\\Foundation\\Application), Array, Object(Closure))\n#26 D:\\laragon\\www\\doantotnghiep\\vendor\\laravel\\framework\\src\\Illuminate\\Container\\Container.php(662): Illuminate\\Container\\BoundMethod::call(Object(Illuminate\\Foundation\\Application), Array, Array, NULL)\n#27 D:\\laragon\\www\\doantotnghiep\\vendor\\laravel\\framework\\src\\Illuminate\\Console\\Command.php(211): Illuminate\\Container\\Container->call(Array)\n#28 D:\\laragon\\www\\doantotnghiep\\vendor\\symfony\\console\\Command\\Command.php(326): Illuminate\\Console\\Command->execute(Object(Symfony\\Component\\Console\\Input\\ArgvInput), Object(Illuminate\\Console\\OutputStyle))\n#29 D:\\laragon\\www\\doantotnghiep\\vendor\\laravel\\framework\\src\\Illuminate\\Console\\Command.php(181): Symfony\\Component\\Console\\Command\\Command->run(Object(Symfony\\Component\\Console\\Input\\ArgvInput), Object(Illuminate\\Console\\OutputStyle))\n#30 D:\\laragon\\www\\doantotnghiep\\vendor\\symfony\\console\\Application.php(1096): Illuminate\\Console\\Command->run(Object(Symfony\\Component\\Console\\Input\\ArgvInput), Object(Symfony\\Component\\Console\\Output\\ConsoleOutput))\n#31 D:\\laragon\\www\\doantotnghiep\\vendor\\symfony\\console\\Application.php(324): Symfony\\Component\\Console\\Application->doRunCommand(Object(Illuminate\\Queue\\Console\\WorkCommand), Object(Symfony\\Component\\Console\\Input\\ArgvInput), Object(Symfony\\Component\\Console\\Output\\ConsoleOutput))\n#32 D:\\laragon\\www\\doantotnghiep\\vendor\\symfony\\console\\Application.php(175): Symfony\\Component\\Console\\Application->doRun(Object(Symfony\\Component\\Console\\Input\\ArgvInput), Object(Symfony\\Component\\Console\\Output\\ConsoleOutput))\n#33 D:\\laragon\\www\\doantotnghiep\\vendor\\laravel\\framework\\src\\Illuminate\\Foundation\\Console\\Kernel.php(201): Symfony\\Component\\Console\\Application->run(Object(Symfony\\Component\\Console\\Input\\ArgvInput), Object(Symfony\\Component\\Console\\Output\\ConsoleOutput))\n#34 D:\\laragon\\www\\doantotnghiep\\artisan(37): Illuminate\\Foundation\\Console\\Kernel->handle(Object(Symfony\\Component\\Console\\Input\\ArgvInput), Object(Symfony\\Component\\Console\\Output\\ConsoleOutput))\n#35 {main}', '2024-11-12 21:18:44'),
(16, 'd89c3961-5e34-4cae-a975-b2d255746034', 'database', 'default', '{\"uuid\":\"d89c3961-5e34-4cae-a975-b2d255746034\",\"displayName\":\"App\\\\Listeners\\\\SendNotification\",\"job\":\"Illuminate\\\\Queue\\\\CallQueuedHandler@call\",\"maxTries\":null,\"maxExceptions\":null,\"failOnTimeout\":false,\"backoff\":null,\"timeout\":null,\"retryUntil\":null,\"data\":{\"commandName\":\"Illuminate\\\\Events\\\\CallQueuedListener\",\"command\":\"O:36:\\\"Illuminate\\\\Events\\\\CallQueuedListener\\\":20:{s:5:\\\"class\\\";s:30:\\\"App\\\\Listeners\\\\SendNotification\\\";s:6:\\\"method\\\";s:6:\\\"handle\\\";s:4:\\\"data\\\";a:1:{i:0;O:22:\\\"App\\\\Events\\\\OrderTicket\\\":1:{s:6:\\\"ticket\\\";O:45:\\\"Illuminate\\\\Contracts\\\\Database\\\\ModelIdentifier\\\":5:{s:5:\\\"class\\\";s:24:\\\"App\\\\Models\\\\TicketBooking\\\";s:2:\\\"id\\\";i:35;s:9:\\\"relations\\\";a:4:{i:0;s:5:\\\"route\\\";i:1;s:3:\\\"bus\\\";i:2;s:13:\\\"paymentMethod\\\";i:3;s:13:\\\"ticketDetails\\\";}s:10:\\\"connection\\\";s:5:\\\"mysql\\\";s:15:\\\"collectionClass\\\";N;}}}s:5:\\\"tries\\\";N;s:13:\\\"maxExceptions\\\";N;s:7:\\\"backoff\\\";N;s:10:\\\"retryUntil\\\";N;s:7:\\\"timeout\\\";N;s:13:\\\"failOnTimeout\\\";b:0;s:17:\\\"shouldBeEncrypted\\\";b:0;s:3:\\\"job\\\";N;s:10:\\\"connection\\\";N;s:5:\\\"queue\\\";N;s:15:\\\"chainConnection\\\";N;s:10:\\\"chainQueue\\\";N;s:19:\\\"chainCatchCallbacks\\\";N;s:5:\\\"delay\\\";N;s:11:\\\"afterCommit\\\";N;s:10:\\\"middleware\\\";a:0:{}s:7:\\\"chained\\\";a:0:{}}\"}}', 'Exception: Property [ticket_code] does not exist on this collection instance. in D:\\laragon\\www\\doantotnghiep\\vendor\\laravel\\framework\\src\\Illuminate\\Collections\\Traits\\EnumeratesValues.php:1011\nStack trace:\n#0 D:\\laragon\\www\\doantotnghiep\\app\\Listeners\\SendNotification.php(49): Illuminate\\Support\\Collection->__get(\'ticket_code\')\n#1 D:\\laragon\\www\\doantotnghiep\\vendor\\laravel\\framework\\src\\Illuminate\\Events\\CallQueuedListener.php(114): App\\Listeners\\SendNotification->handle(Object(App\\Events\\OrderTicket))\n#2 D:\\laragon\\www\\doantotnghiep\\vendor\\laravel\\framework\\src\\Illuminate\\Container\\BoundMethod.php(36): Illuminate\\Events\\CallQueuedListener->handle(Object(Illuminate\\Foundation\\Application))\n#3 D:\\laragon\\www\\doantotnghiep\\vendor\\laravel\\framework\\src\\Illuminate\\Container\\Util.php(41): Illuminate\\Container\\BoundMethod::Illuminate\\Container\\{closure}()\n#4 D:\\laragon\\www\\doantotnghiep\\vendor\\laravel\\framework\\src\\Illuminate\\Container\\BoundMethod.php(93): Illuminate\\Container\\Util::unwrapIfClosure(Object(Closure))\n#5 D:\\laragon\\www\\doantotnghiep\\vendor\\laravel\\framework\\src\\Illuminate\\Container\\BoundMethod.php(37): Illuminate\\Container\\BoundMethod::callBoundMethod(Object(Illuminate\\Foundation\\Application), Array, Object(Closure))\n#6 D:\\laragon\\www\\doantotnghiep\\vendor\\laravel\\framework\\src\\Illuminate\\Container\\Container.php(662): Illuminate\\Container\\BoundMethod::call(Object(Illuminate\\Foundation\\Application), Array, Array, NULL)\n#7 D:\\laragon\\www\\doantotnghiep\\vendor\\laravel\\framework\\src\\Illuminate\\Bus\\Dispatcher.php(128): Illuminate\\Container\\Container->call(Array)\n#8 D:\\laragon\\www\\doantotnghiep\\vendor\\laravel\\framework\\src\\Illuminate\\Pipeline\\Pipeline.php(144): Illuminate\\Bus\\Dispatcher->Illuminate\\Bus\\{closure}(Object(Illuminate\\Events\\CallQueuedListener))\n#9 D:\\laragon\\www\\doantotnghiep\\vendor\\laravel\\framework\\src\\Illuminate\\Pipeline\\Pipeline.php(119): Illuminate\\Pipeline\\Pipeline->Illuminate\\Pipeline\\{closure}(Object(Illuminate\\Events\\CallQueuedListener))\n#10 D:\\laragon\\www\\doantotnghiep\\vendor\\laravel\\framework\\src\\Illuminate\\Bus\\Dispatcher.php(132): Illuminate\\Pipeline\\Pipeline->then(Object(Closure))\n#11 D:\\laragon\\www\\doantotnghiep\\vendor\\laravel\\framework\\src\\Illuminate\\Queue\\CallQueuedHandler.php(124): Illuminate\\Bus\\Dispatcher->dispatchNow(Object(Illuminate\\Events\\CallQueuedListener), false)\n#12 D:\\laragon\\www\\doantotnghiep\\vendor\\laravel\\framework\\src\\Illuminate\\Pipeline\\Pipeline.php(144): Illuminate\\Queue\\CallQueuedHandler->Illuminate\\Queue\\{closure}(Object(Illuminate\\Events\\CallQueuedListener))\n#13 D:\\laragon\\www\\doantotnghiep\\vendor\\laravel\\framework\\src\\Illuminate\\Pipeline\\Pipeline.php(119): Illuminate\\Pipeline\\Pipeline->Illuminate\\Pipeline\\{closure}(Object(Illuminate\\Events\\CallQueuedListener))\n#14 D:\\laragon\\www\\doantotnghiep\\vendor\\laravel\\framework\\src\\Illuminate\\Queue\\CallQueuedHandler.php(126): Illuminate\\Pipeline\\Pipeline->then(Object(Closure))\n#15 D:\\laragon\\www\\doantotnghiep\\vendor\\laravel\\framework\\src\\Illuminate\\Queue\\CallQueuedHandler.php(70): Illuminate\\Queue\\CallQueuedHandler->dispatchThroughMiddleware(Object(Illuminate\\Queue\\Jobs\\DatabaseJob), Object(Illuminate\\Events\\CallQueuedListener))\n#16 D:\\laragon\\www\\doantotnghiep\\vendor\\laravel\\framework\\src\\Illuminate\\Queue\\Jobs\\Job.php(102): Illuminate\\Queue\\CallQueuedHandler->call(Object(Illuminate\\Queue\\Jobs\\DatabaseJob), Array)\n#17 D:\\laragon\\www\\doantotnghiep\\vendor\\laravel\\framework\\src\\Illuminate\\Queue\\Worker.php(439): Illuminate\\Queue\\Jobs\\Job->fire()\n#18 D:\\laragon\\www\\doantotnghiep\\vendor\\laravel\\framework\\src\\Illuminate\\Queue\\Worker.php(389): Illuminate\\Queue\\Worker->process(\'database\', Object(Illuminate\\Queue\\Jobs\\DatabaseJob), Object(Illuminate\\Queue\\WorkerOptions))\n#19 D:\\laragon\\www\\doantotnghiep\\vendor\\laravel\\framework\\src\\Illuminate\\Queue\\Worker.php(176): Illuminate\\Queue\\Worker->runJob(Object(Illuminate\\Queue\\Jobs\\DatabaseJob), \'database\', Object(Illuminate\\Queue\\WorkerOptions))\n#20 D:\\laragon\\www\\doantotnghiep\\vendor\\laravel\\framework\\src\\Illuminate\\Queue\\Console\\WorkCommand.php(138): Illuminate\\Queue\\Worker->daemon(\'database\', \'default\', Object(Illuminate\\Queue\\WorkerOptions))\n#21 D:\\laragon\\www\\doantotnghiep\\vendor\\laravel\\framework\\src\\Illuminate\\Queue\\Console\\WorkCommand.php(121): Illuminate\\Queue\\Console\\WorkCommand->runWorker(\'database\', \'default\')\n#22 D:\\laragon\\www\\doantotnghiep\\vendor\\laravel\\framework\\src\\Illuminate\\Container\\BoundMethod.php(36): Illuminate\\Queue\\Console\\WorkCommand->handle()\n#23 D:\\laragon\\www\\doantotnghiep\\vendor\\laravel\\framework\\src\\Illuminate\\Container\\Util.php(41): Illuminate\\Container\\BoundMethod::Illuminate\\Container\\{closure}()\n#24 D:\\laragon\\www\\doantotnghiep\\vendor\\laravel\\framework\\src\\Illuminate\\Container\\BoundMethod.php(93): Illuminate\\Container\\Util::unwrapIfClosure(Object(Closure))\n#25 D:\\laragon\\www\\doantotnghiep\\vendor\\laravel\\framework\\src\\Illuminate\\Container\\BoundMethod.php(37): Illuminate\\Container\\BoundMethod::callBoundMethod(Object(Illuminate\\Foundation\\Application), Array, Object(Closure))\n#26 D:\\laragon\\www\\doantotnghiep\\vendor\\laravel\\framework\\src\\Illuminate\\Container\\Container.php(662): Illuminate\\Container\\BoundMethod::call(Object(Illuminate\\Foundation\\Application), Array, Array, NULL)\n#27 D:\\laragon\\www\\doantotnghiep\\vendor\\laravel\\framework\\src\\Illuminate\\Console\\Command.php(211): Illuminate\\Container\\Container->call(Array)\n#28 D:\\laragon\\www\\doantotnghiep\\vendor\\symfony\\console\\Command\\Command.php(326): Illuminate\\Console\\Command->execute(Object(Symfony\\Component\\Console\\Input\\ArgvInput), Object(Illuminate\\Console\\OutputStyle))\n#29 D:\\laragon\\www\\doantotnghiep\\vendor\\laravel\\framework\\src\\Illuminate\\Console\\Command.php(181): Symfony\\Component\\Console\\Command\\Command->run(Object(Symfony\\Component\\Console\\Input\\ArgvInput), Object(Illuminate\\Console\\OutputStyle))\n#30 D:\\laragon\\www\\doantotnghiep\\vendor\\symfony\\console\\Application.php(1096): Illuminate\\Console\\Command->run(Object(Symfony\\Component\\Console\\Input\\ArgvInput), Object(Symfony\\Component\\Console\\Output\\ConsoleOutput))\n#31 D:\\laragon\\www\\doantotnghiep\\vendor\\symfony\\console\\Application.php(324): Symfony\\Component\\Console\\Application->doRunCommand(Object(Illuminate\\Queue\\Console\\WorkCommand), Object(Symfony\\Component\\Console\\Input\\ArgvInput), Object(Symfony\\Component\\Console\\Output\\ConsoleOutput))\n#32 D:\\laragon\\www\\doantotnghiep\\vendor\\symfony\\console\\Application.php(175): Symfony\\Component\\Console\\Application->doRun(Object(Symfony\\Component\\Console\\Input\\ArgvInput), Object(Symfony\\Component\\Console\\Output\\ConsoleOutput))\n#33 D:\\laragon\\www\\doantotnghiep\\vendor\\laravel\\framework\\src\\Illuminate\\Foundation\\Console\\Kernel.php(201): Symfony\\Component\\Console\\Application->run(Object(Symfony\\Component\\Console\\Input\\ArgvInput), Object(Symfony\\Component\\Console\\Output\\ConsoleOutput))\n#34 D:\\laragon\\www\\doantotnghiep\\artisan(37): Illuminate\\Foundation\\Console\\Kernel->handle(Object(Symfony\\Component\\Console\\Input\\ArgvInput), Object(Symfony\\Component\\Console\\Output\\ConsoleOutput))\n#35 {main}', '2024-11-12 21:22:14'),
(17, '2eb9f98e-9823-4cd2-9096-f7d96f28f68b', 'database', 'default', '{\"uuid\":\"2eb9f98e-9823-4cd2-9096-f7d96f28f68b\",\"displayName\":\"App\\\\Listeners\\\\SendNotification\",\"job\":\"Illuminate\\\\Queue\\\\CallQueuedHandler@call\",\"maxTries\":null,\"maxExceptions\":null,\"failOnTimeout\":false,\"backoff\":null,\"timeout\":null,\"retryUntil\":null,\"data\":{\"commandName\":\"Illuminate\\\\Events\\\\CallQueuedListener\",\"command\":\"O:36:\\\"Illuminate\\\\Events\\\\CallQueuedListener\\\":20:{s:5:\\\"class\\\";s:30:\\\"App\\\\Listeners\\\\SendNotification\\\";s:6:\\\"method\\\";s:6:\\\"handle\\\";s:4:\\\"data\\\";a:1:{i:0;O:22:\\\"App\\\\Events\\\\OrderTicket\\\":1:{s:6:\\\"ticket\\\";O:45:\\\"Illuminate\\\\Contracts\\\\Database\\\\ModelIdentifier\\\":5:{s:5:\\\"class\\\";s:24:\\\"App\\\\Models\\\\TicketBooking\\\";s:2:\\\"id\\\";i:36;s:9:\\\"relations\\\";a:4:{i:0;s:5:\\\"route\\\";i:1;s:3:\\\"bus\\\";i:2;s:13:\\\"paymentMethod\\\";i:3;s:13:\\\"ticketDetails\\\";}s:10:\\\"connection\\\";s:5:\\\"mysql\\\";s:15:\\\"collectionClass\\\";N;}}}s:5:\\\"tries\\\";N;s:13:\\\"maxExceptions\\\";N;s:7:\\\"backoff\\\";N;s:10:\\\"retryUntil\\\";N;s:7:\\\"timeout\\\";N;s:13:\\\"failOnTimeout\\\";b:0;s:17:\\\"shouldBeEncrypted\\\";b:0;s:3:\\\"job\\\";N;s:10:\\\"connection\\\";N;s:5:\\\"queue\\\";N;s:15:\\\"chainConnection\\\";N;s:10:\\\"chainQueue\\\";N;s:19:\\\"chainCatchCallbacks\\\";N;s:5:\\\"delay\\\";N;s:11:\\\"afterCommit\\\";N;s:10:\\\"middleware\\\";a:0:{}s:7:\\\"chained\\\";a:0:{}}\"}}', 'Exception: Property [ticket_code] does not exist on this collection instance. in D:\\laragon\\www\\doantotnghiep\\vendor\\laravel\\framework\\src\\Illuminate\\Collections\\Traits\\EnumeratesValues.php:1011\nStack trace:\n#0 D:\\laragon\\www\\doantotnghiep\\app\\Listeners\\SendNotification.php(49): Illuminate\\Support\\Collection->__get(\'ticket_code\')\n#1 D:\\laragon\\www\\doantotnghiep\\vendor\\laravel\\framework\\src\\Illuminate\\Events\\CallQueuedListener.php(114): App\\Listeners\\SendNotification->handle(Object(App\\Events\\OrderTicket))\n#2 D:\\laragon\\www\\doantotnghiep\\vendor\\laravel\\framework\\src\\Illuminate\\Container\\BoundMethod.php(36): Illuminate\\Events\\CallQueuedListener->handle(Object(Illuminate\\Foundation\\Application))\n#3 D:\\laragon\\www\\doantotnghiep\\vendor\\laravel\\framework\\src\\Illuminate\\Container\\Util.php(41): Illuminate\\Container\\BoundMethod::Illuminate\\Container\\{closure}()\n#4 D:\\laragon\\www\\doantotnghiep\\vendor\\laravel\\framework\\src\\Illuminate\\Container\\BoundMethod.php(93): Illuminate\\Container\\Util::unwrapIfClosure(Object(Closure))\n#5 D:\\laragon\\www\\doantotnghiep\\vendor\\laravel\\framework\\src\\Illuminate\\Container\\BoundMethod.php(37): Illuminate\\Container\\BoundMethod::callBoundMethod(Object(Illuminate\\Foundation\\Application), Array, Object(Closure))\n#6 D:\\laragon\\www\\doantotnghiep\\vendor\\laravel\\framework\\src\\Illuminate\\Container\\Container.php(662): Illuminate\\Container\\BoundMethod::call(Object(Illuminate\\Foundation\\Application), Array, Array, NULL)\n#7 D:\\laragon\\www\\doantotnghiep\\vendor\\laravel\\framework\\src\\Illuminate\\Bus\\Dispatcher.php(128): Illuminate\\Container\\Container->call(Array)\n#8 D:\\laragon\\www\\doantotnghiep\\vendor\\laravel\\framework\\src\\Illuminate\\Pipeline\\Pipeline.php(144): Illuminate\\Bus\\Dispatcher->Illuminate\\Bus\\{closure}(Object(Illuminate\\Events\\CallQueuedListener))\n#9 D:\\laragon\\www\\doantotnghiep\\vendor\\laravel\\framework\\src\\Illuminate\\Pipeline\\Pipeline.php(119): Illuminate\\Pipeline\\Pipeline->Illuminate\\Pipeline\\{closure}(Object(Illuminate\\Events\\CallQueuedListener))\n#10 D:\\laragon\\www\\doantotnghiep\\vendor\\laravel\\framework\\src\\Illuminate\\Bus\\Dispatcher.php(132): Illuminate\\Pipeline\\Pipeline->then(Object(Closure))\n#11 D:\\laragon\\www\\doantotnghiep\\vendor\\laravel\\framework\\src\\Illuminate\\Queue\\CallQueuedHandler.php(124): Illuminate\\Bus\\Dispatcher->dispatchNow(Object(Illuminate\\Events\\CallQueuedListener), false)\n#12 D:\\laragon\\www\\doantotnghiep\\vendor\\laravel\\framework\\src\\Illuminate\\Pipeline\\Pipeline.php(144): Illuminate\\Queue\\CallQueuedHandler->Illuminate\\Queue\\{closure}(Object(Illuminate\\Events\\CallQueuedListener))\n#13 D:\\laragon\\www\\doantotnghiep\\vendor\\laravel\\framework\\src\\Illuminate\\Pipeline\\Pipeline.php(119): Illuminate\\Pipeline\\Pipeline->Illuminate\\Pipeline\\{closure}(Object(Illuminate\\Events\\CallQueuedListener))\n#14 D:\\laragon\\www\\doantotnghiep\\vendor\\laravel\\framework\\src\\Illuminate\\Queue\\CallQueuedHandler.php(126): Illuminate\\Pipeline\\Pipeline->then(Object(Closure))\n#15 D:\\laragon\\www\\doantotnghiep\\vendor\\laravel\\framework\\src\\Illuminate\\Queue\\CallQueuedHandler.php(70): Illuminate\\Queue\\CallQueuedHandler->dispatchThroughMiddleware(Object(Illuminate\\Queue\\Jobs\\DatabaseJob), Object(Illuminate\\Events\\CallQueuedListener))\n#16 D:\\laragon\\www\\doantotnghiep\\vendor\\laravel\\framework\\src\\Illuminate\\Queue\\Jobs\\Job.php(102): Illuminate\\Queue\\CallQueuedHandler->call(Object(Illuminate\\Queue\\Jobs\\DatabaseJob), Array)\n#17 D:\\laragon\\www\\doantotnghiep\\vendor\\laravel\\framework\\src\\Illuminate\\Queue\\Worker.php(439): Illuminate\\Queue\\Jobs\\Job->fire()\n#18 D:\\laragon\\www\\doantotnghiep\\vendor\\laravel\\framework\\src\\Illuminate\\Queue\\Worker.php(389): Illuminate\\Queue\\Worker->process(\'database\', Object(Illuminate\\Queue\\Jobs\\DatabaseJob), Object(Illuminate\\Queue\\WorkerOptions))\n#19 D:\\laragon\\www\\doantotnghiep\\vendor\\laravel\\framework\\src\\Illuminate\\Queue\\Worker.php(176): Illuminate\\Queue\\Worker->runJob(Object(Illuminate\\Queue\\Jobs\\DatabaseJob), \'database\', Object(Illuminate\\Queue\\WorkerOptions))\n#20 D:\\laragon\\www\\doantotnghiep\\vendor\\laravel\\framework\\src\\Illuminate\\Queue\\Console\\WorkCommand.php(138): Illuminate\\Queue\\Worker->daemon(\'database\', \'default\', Object(Illuminate\\Queue\\WorkerOptions))\n#21 D:\\laragon\\www\\doantotnghiep\\vendor\\laravel\\framework\\src\\Illuminate\\Queue\\Console\\WorkCommand.php(121): Illuminate\\Queue\\Console\\WorkCommand->runWorker(\'database\', \'default\')\n#22 D:\\laragon\\www\\doantotnghiep\\vendor\\laravel\\framework\\src\\Illuminate\\Container\\BoundMethod.php(36): Illuminate\\Queue\\Console\\WorkCommand->handle()\n#23 D:\\laragon\\www\\doantotnghiep\\vendor\\laravel\\framework\\src\\Illuminate\\Container\\Util.php(41): Illuminate\\Container\\BoundMethod::Illuminate\\Container\\{closure}()\n#24 D:\\laragon\\www\\doantotnghiep\\vendor\\laravel\\framework\\src\\Illuminate\\Container\\BoundMethod.php(93): Illuminate\\Container\\Util::unwrapIfClosure(Object(Closure))\n#25 D:\\laragon\\www\\doantotnghiep\\vendor\\laravel\\framework\\src\\Illuminate\\Container\\BoundMethod.php(37): Illuminate\\Container\\BoundMethod::callBoundMethod(Object(Illuminate\\Foundation\\Application), Array, Object(Closure))\n#26 D:\\laragon\\www\\doantotnghiep\\vendor\\laravel\\framework\\src\\Illuminate\\Container\\Container.php(662): Illuminate\\Container\\BoundMethod::call(Object(Illuminate\\Foundation\\Application), Array, Array, NULL)\n#27 D:\\laragon\\www\\doantotnghiep\\vendor\\laravel\\framework\\src\\Illuminate\\Console\\Command.php(211): Illuminate\\Container\\Container->call(Array)\n#28 D:\\laragon\\www\\doantotnghiep\\vendor\\symfony\\console\\Command\\Command.php(326): Illuminate\\Console\\Command->execute(Object(Symfony\\Component\\Console\\Input\\ArgvInput), Object(Illuminate\\Console\\OutputStyle))\n#29 D:\\laragon\\www\\doantotnghiep\\vendor\\laravel\\framework\\src\\Illuminate\\Console\\Command.php(181): Symfony\\Component\\Console\\Command\\Command->run(Object(Symfony\\Component\\Console\\Input\\ArgvInput), Object(Illuminate\\Console\\OutputStyle))\n#30 D:\\laragon\\www\\doantotnghiep\\vendor\\symfony\\console\\Application.php(1096): Illuminate\\Console\\Command->run(Object(Symfony\\Component\\Console\\Input\\ArgvInput), Object(Symfony\\Component\\Console\\Output\\ConsoleOutput))\n#31 D:\\laragon\\www\\doantotnghiep\\vendor\\symfony\\console\\Application.php(324): Symfony\\Component\\Console\\Application->doRunCommand(Object(Illuminate\\Queue\\Console\\WorkCommand), Object(Symfony\\Component\\Console\\Input\\ArgvInput), Object(Symfony\\Component\\Console\\Output\\ConsoleOutput))\n#32 D:\\laragon\\www\\doantotnghiep\\vendor\\symfony\\console\\Application.php(175): Symfony\\Component\\Console\\Application->doRun(Object(Symfony\\Component\\Console\\Input\\ArgvInput), Object(Symfony\\Component\\Console\\Output\\ConsoleOutput))\n#33 D:\\laragon\\www\\doantotnghiep\\vendor\\laravel\\framework\\src\\Illuminate\\Foundation\\Console\\Kernel.php(201): Symfony\\Component\\Console\\Application->run(Object(Symfony\\Component\\Console\\Input\\ArgvInput), Object(Symfony\\Component\\Console\\Output\\ConsoleOutput))\n#34 D:\\laragon\\www\\doantotnghiep\\artisan(37): Illuminate\\Foundation\\Console\\Kernel->handle(Object(Symfony\\Component\\Console\\Input\\ArgvInput), Object(Symfony\\Component\\Console\\Output\\ConsoleOutput))\n#35 {main}', '2024-11-12 21:22:57'),
(18, '9c0977d0-78a5-4b7d-927c-a87993a030ac', 'database', 'default', '{\"uuid\":\"9c0977d0-78a5-4b7d-927c-a87993a030ac\",\"displayName\":\"App\\\\Listeners\\\\SendNotification\",\"job\":\"Illuminate\\\\Queue\\\\CallQueuedHandler@call\",\"maxTries\":null,\"maxExceptions\":null,\"failOnTimeout\":false,\"backoff\":null,\"timeout\":null,\"retryUntil\":null,\"data\":{\"commandName\":\"Illuminate\\\\Events\\\\CallQueuedListener\",\"command\":\"O:36:\\\"Illuminate\\\\Events\\\\CallQueuedListener\\\":20:{s:5:\\\"class\\\";s:30:\\\"App\\\\Listeners\\\\SendNotification\\\";s:6:\\\"method\\\";s:6:\\\"handle\\\";s:4:\\\"data\\\";a:1:{i:0;O:22:\\\"App\\\\Events\\\\OrderTicket\\\":1:{s:6:\\\"ticket\\\";O:45:\\\"Illuminate\\\\Contracts\\\\Database\\\\ModelIdentifier\\\":5:{s:5:\\\"class\\\";s:24:\\\"App\\\\Models\\\\TicketBooking\\\";s:2:\\\"id\\\";i:37;s:9:\\\"relations\\\";a:4:{i:0;s:5:\\\"route\\\";i:1;s:3:\\\"bus\\\";i:2;s:13:\\\"paymentMethod\\\";i:3;s:13:\\\"ticketDetails\\\";}s:10:\\\"connection\\\";s:5:\\\"mysql\\\";s:15:\\\"collectionClass\\\";N;}}}s:5:\\\"tries\\\";N;s:13:\\\"maxExceptions\\\";N;s:7:\\\"backoff\\\";N;s:10:\\\"retryUntil\\\";N;s:7:\\\"timeout\\\";N;s:13:\\\"failOnTimeout\\\";b:0;s:17:\\\"shouldBeEncrypted\\\";b:0;s:3:\\\"job\\\";N;s:10:\\\"connection\\\";N;s:5:\\\"queue\\\";N;s:15:\\\"chainConnection\\\";N;s:10:\\\"chainQueue\\\";N;s:19:\\\"chainCatchCallbacks\\\";N;s:5:\\\"delay\\\";N;s:11:\\\"afterCommit\\\";N;s:10:\\\"middleware\\\";a:0:{}s:7:\\\"chained\\\";a:0:{}}\"}}', 'Exception: Property [ticket_code] does not exist on this collection instance. in D:\\laragon\\www\\doantotnghiep\\vendor\\laravel\\framework\\src\\Illuminate\\Collections\\Traits\\EnumeratesValues.php:1011\nStack trace:\n#0 D:\\laragon\\www\\doantotnghiep\\app\\Listeners\\SendNotification.php(49): Illuminate\\Support\\Collection->__get(\'ticket_code\')\n#1 D:\\laragon\\www\\doantotnghiep\\vendor\\laravel\\framework\\src\\Illuminate\\Events\\CallQueuedListener.php(114): App\\Listeners\\SendNotification->handle(Object(App\\Events\\OrderTicket))\n#2 D:\\laragon\\www\\doantotnghiep\\vendor\\laravel\\framework\\src\\Illuminate\\Container\\BoundMethod.php(36): Illuminate\\Events\\CallQueuedListener->handle(Object(Illuminate\\Foundation\\Application))\n#3 D:\\laragon\\www\\doantotnghiep\\vendor\\laravel\\framework\\src\\Illuminate\\Container\\Util.php(41): Illuminate\\Container\\BoundMethod::Illuminate\\Container\\{closure}()\n#4 D:\\laragon\\www\\doantotnghiep\\vendor\\laravel\\framework\\src\\Illuminate\\Container\\BoundMethod.php(93): Illuminate\\Container\\Util::unwrapIfClosure(Object(Closure))\n#5 D:\\laragon\\www\\doantotnghiep\\vendor\\laravel\\framework\\src\\Illuminate\\Container\\BoundMethod.php(37): Illuminate\\Container\\BoundMethod::callBoundMethod(Object(Illuminate\\Foundation\\Application), Array, Object(Closure))\n#6 D:\\laragon\\www\\doantotnghiep\\vendor\\laravel\\framework\\src\\Illuminate\\Container\\Container.php(662): Illuminate\\Container\\BoundMethod::call(Object(Illuminate\\Foundation\\Application), Array, Array, NULL)\n#7 D:\\laragon\\www\\doantotnghiep\\vendor\\laravel\\framework\\src\\Illuminate\\Bus\\Dispatcher.php(128): Illuminate\\Container\\Container->call(Array)\n#8 D:\\laragon\\www\\doantotnghiep\\vendor\\laravel\\framework\\src\\Illuminate\\Pipeline\\Pipeline.php(144): Illuminate\\Bus\\Dispatcher->Illuminate\\Bus\\{closure}(Object(Illuminate\\Events\\CallQueuedListener))\n#9 D:\\laragon\\www\\doantotnghiep\\vendor\\laravel\\framework\\src\\Illuminate\\Pipeline\\Pipeline.php(119): Illuminate\\Pipeline\\Pipeline->Illuminate\\Pipeline\\{closure}(Object(Illuminate\\Events\\CallQueuedListener))\n#10 D:\\laragon\\www\\doantotnghiep\\vendor\\laravel\\framework\\src\\Illuminate\\Bus\\Dispatcher.php(132): Illuminate\\Pipeline\\Pipeline->then(Object(Closure))\n#11 D:\\laragon\\www\\doantotnghiep\\vendor\\laravel\\framework\\src\\Illuminate\\Queue\\CallQueuedHandler.php(124): Illuminate\\Bus\\Dispatcher->dispatchNow(Object(Illuminate\\Events\\CallQueuedListener), false)\n#12 D:\\laragon\\www\\doantotnghiep\\vendor\\laravel\\framework\\src\\Illuminate\\Pipeline\\Pipeline.php(144): Illuminate\\Queue\\CallQueuedHandler->Illuminate\\Queue\\{closure}(Object(Illuminate\\Events\\CallQueuedListener))\n#13 D:\\laragon\\www\\doantotnghiep\\vendor\\laravel\\framework\\src\\Illuminate\\Pipeline\\Pipeline.php(119): Illuminate\\Pipeline\\Pipeline->Illuminate\\Pipeline\\{closure}(Object(Illuminate\\Events\\CallQueuedListener))\n#14 D:\\laragon\\www\\doantotnghiep\\vendor\\laravel\\framework\\src\\Illuminate\\Queue\\CallQueuedHandler.php(126): Illuminate\\Pipeline\\Pipeline->then(Object(Closure))\n#15 D:\\laragon\\www\\doantotnghiep\\vendor\\laravel\\framework\\src\\Illuminate\\Queue\\CallQueuedHandler.php(70): Illuminate\\Queue\\CallQueuedHandler->dispatchThroughMiddleware(Object(Illuminate\\Queue\\Jobs\\DatabaseJob), Object(Illuminate\\Events\\CallQueuedListener))\n#16 D:\\laragon\\www\\doantotnghiep\\vendor\\laravel\\framework\\src\\Illuminate\\Queue\\Jobs\\Job.php(102): Illuminate\\Queue\\CallQueuedHandler->call(Object(Illuminate\\Queue\\Jobs\\DatabaseJob), Array)\n#17 D:\\laragon\\www\\doantotnghiep\\vendor\\laravel\\framework\\src\\Illuminate\\Queue\\Worker.php(439): Illuminate\\Queue\\Jobs\\Job->fire()\n#18 D:\\laragon\\www\\doantotnghiep\\vendor\\laravel\\framework\\src\\Illuminate\\Queue\\Worker.php(389): Illuminate\\Queue\\Worker->process(\'database\', Object(Illuminate\\Queue\\Jobs\\DatabaseJob), Object(Illuminate\\Queue\\WorkerOptions))\n#19 D:\\laragon\\www\\doantotnghiep\\vendor\\laravel\\framework\\src\\Illuminate\\Queue\\Worker.php(176): Illuminate\\Queue\\Worker->runJob(Object(Illuminate\\Queue\\Jobs\\DatabaseJob), \'database\', Object(Illuminate\\Queue\\WorkerOptions))\n#20 D:\\laragon\\www\\doantotnghiep\\vendor\\laravel\\framework\\src\\Illuminate\\Queue\\Console\\WorkCommand.php(138): Illuminate\\Queue\\Worker->daemon(\'database\', \'default\', Object(Illuminate\\Queue\\WorkerOptions))\n#21 D:\\laragon\\www\\doantotnghiep\\vendor\\laravel\\framework\\src\\Illuminate\\Queue\\Console\\WorkCommand.php(121): Illuminate\\Queue\\Console\\WorkCommand->runWorker(\'database\', \'default\')\n#22 D:\\laragon\\www\\doantotnghiep\\vendor\\laravel\\framework\\src\\Illuminate\\Container\\BoundMethod.php(36): Illuminate\\Queue\\Console\\WorkCommand->handle()\n#23 D:\\laragon\\www\\doantotnghiep\\vendor\\laravel\\framework\\src\\Illuminate\\Container\\Util.php(41): Illuminate\\Container\\BoundMethod::Illuminate\\Container\\{closure}()\n#24 D:\\laragon\\www\\doantotnghiep\\vendor\\laravel\\framework\\src\\Illuminate\\Container\\BoundMethod.php(93): Illuminate\\Container\\Util::unwrapIfClosure(Object(Closure))\n#25 D:\\laragon\\www\\doantotnghiep\\vendor\\laravel\\framework\\src\\Illuminate\\Container\\BoundMethod.php(37): Illuminate\\Container\\BoundMethod::callBoundMethod(Object(Illuminate\\Foundation\\Application), Array, Object(Closure))\n#26 D:\\laragon\\www\\doantotnghiep\\vendor\\laravel\\framework\\src\\Illuminate\\Container\\Container.php(662): Illuminate\\Container\\BoundMethod::call(Object(Illuminate\\Foundation\\Application), Array, Array, NULL)\n#27 D:\\laragon\\www\\doantotnghiep\\vendor\\laravel\\framework\\src\\Illuminate\\Console\\Command.php(211): Illuminate\\Container\\Container->call(Array)\n#28 D:\\laragon\\www\\doantotnghiep\\vendor\\symfony\\console\\Command\\Command.php(326): Illuminate\\Console\\Command->execute(Object(Symfony\\Component\\Console\\Input\\ArgvInput), Object(Illuminate\\Console\\OutputStyle))\n#29 D:\\laragon\\www\\doantotnghiep\\vendor\\laravel\\framework\\src\\Illuminate\\Console\\Command.php(181): Symfony\\Component\\Console\\Command\\Command->run(Object(Symfony\\Component\\Console\\Input\\ArgvInput), Object(Illuminate\\Console\\OutputStyle))\n#30 D:\\laragon\\www\\doantotnghiep\\vendor\\symfony\\console\\Application.php(1096): Illuminate\\Console\\Command->run(Object(Symfony\\Component\\Console\\Input\\ArgvInput), Object(Symfony\\Component\\Console\\Output\\ConsoleOutput))\n#31 D:\\laragon\\www\\doantotnghiep\\vendor\\symfony\\console\\Application.php(324): Symfony\\Component\\Console\\Application->doRunCommand(Object(Illuminate\\Queue\\Console\\WorkCommand), Object(Symfony\\Component\\Console\\Input\\ArgvInput), Object(Symfony\\Component\\Console\\Output\\ConsoleOutput))\n#32 D:\\laragon\\www\\doantotnghiep\\vendor\\symfony\\console\\Application.php(175): Symfony\\Component\\Console\\Application->doRun(Object(Symfony\\Component\\Console\\Input\\ArgvInput), Object(Symfony\\Component\\Console\\Output\\ConsoleOutput))\n#33 D:\\laragon\\www\\doantotnghiep\\vendor\\laravel\\framework\\src\\Illuminate\\Foundation\\Console\\Kernel.php(201): Symfony\\Component\\Console\\Application->run(Object(Symfony\\Component\\Console\\Input\\ArgvInput), Object(Symfony\\Component\\Console\\Output\\ConsoleOutput))\n#34 D:\\laragon\\www\\doantotnghiep\\artisan(37): Illuminate\\Foundation\\Console\\Kernel->handle(Object(Symfony\\Component\\Console\\Input\\ArgvInput), Object(Symfony\\Component\\Console\\Output\\ConsoleOutput))\n#35 {main}', '2024-11-12 21:24:33'),
(19, '2a297319-d2f3-4e0c-993f-1927afd4d7ba', 'database', 'default', '{\"uuid\":\"2a297319-d2f3-4e0c-993f-1927afd4d7ba\",\"displayName\":\"App\\\\Listeners\\\\SendNotification\",\"job\":\"Illuminate\\\\Queue\\\\CallQueuedHandler@call\",\"maxTries\":null,\"maxExceptions\":null,\"failOnTimeout\":false,\"backoff\":null,\"timeout\":null,\"retryUntil\":null,\"data\":{\"commandName\":\"Illuminate\\\\Events\\\\CallQueuedListener\",\"command\":\"O:36:\\\"Illuminate\\\\Events\\\\CallQueuedListener\\\":20:{s:5:\\\"class\\\";s:30:\\\"App\\\\Listeners\\\\SendNotification\\\";s:6:\\\"method\\\";s:6:\\\"handle\\\";s:4:\\\"data\\\";a:1:{i:0;O:22:\\\"App\\\\Events\\\\OrderTicket\\\":1:{s:6:\\\"ticket\\\";O:45:\\\"Illuminate\\\\Contracts\\\\Database\\\\ModelIdentifier\\\":5:{s:5:\\\"class\\\";s:24:\\\"App\\\\Models\\\\TicketBooking\\\";s:2:\\\"id\\\";i:38;s:9:\\\"relations\\\";a:4:{i:0;s:5:\\\"route\\\";i:1;s:3:\\\"bus\\\";i:2;s:13:\\\"paymentMethod\\\";i:3;s:13:\\\"ticketDetails\\\";}s:10:\\\"connection\\\";s:5:\\\"mysql\\\";s:15:\\\"collectionClass\\\";N;}}}s:5:\\\"tries\\\";N;s:13:\\\"maxExceptions\\\";N;s:7:\\\"backoff\\\";N;s:10:\\\"retryUntil\\\";N;s:7:\\\"timeout\\\";N;s:13:\\\"failOnTimeout\\\";b:0;s:17:\\\"shouldBeEncrypted\\\";b:0;s:3:\\\"job\\\";N;s:10:\\\"connection\\\";N;s:5:\\\"queue\\\";N;s:15:\\\"chainConnection\\\";N;s:10:\\\"chainQueue\\\";N;s:19:\\\"chainCatchCallbacks\\\";N;s:5:\\\"delay\\\";N;s:11:\\\"afterCommit\\\";N;s:10:\\\"middleware\\\";a:0:{}s:7:\\\"chained\\\";a:0:{}}\"}}', 'Exception: Property [ticket_code] does not exist on this collection instance. in D:\\laragon\\www\\doantotnghiep\\vendor\\laravel\\framework\\src\\Illuminate\\Collections\\Traits\\EnumeratesValues.php:1011\nStack trace:\n#0 D:\\laragon\\www\\doantotnghiep\\app\\Listeners\\SendNotification.php(49): Illuminate\\Support\\Collection->__get(\'ticket_code\')\n#1 D:\\laragon\\www\\doantotnghiep\\vendor\\laravel\\framework\\src\\Illuminate\\Events\\CallQueuedListener.php(114): App\\Listeners\\SendNotification->handle(Object(App\\Events\\OrderTicket))\n#2 D:\\laragon\\www\\doantotnghiep\\vendor\\laravel\\framework\\src\\Illuminate\\Container\\BoundMethod.php(36): Illuminate\\Events\\CallQueuedListener->handle(Object(Illuminate\\Foundation\\Application))\n#3 D:\\laragon\\www\\doantotnghiep\\vendor\\laravel\\framework\\src\\Illuminate\\Container\\Util.php(41): Illuminate\\Container\\BoundMethod::Illuminate\\Container\\{closure}()\n#4 D:\\laragon\\www\\doantotnghiep\\vendor\\laravel\\framework\\src\\Illuminate\\Container\\BoundMethod.php(93): Illuminate\\Container\\Util::unwrapIfClosure(Object(Closure))\n#5 D:\\laragon\\www\\doantotnghiep\\vendor\\laravel\\framework\\src\\Illuminate\\Container\\BoundMethod.php(37): Illuminate\\Container\\BoundMethod::callBoundMethod(Object(Illuminate\\Foundation\\Application), Array, Object(Closure))\n#6 D:\\laragon\\www\\doantotnghiep\\vendor\\laravel\\framework\\src\\Illuminate\\Container\\Container.php(662): Illuminate\\Container\\BoundMethod::call(Object(Illuminate\\Foundation\\Application), Array, Array, NULL)\n#7 D:\\laragon\\www\\doantotnghiep\\vendor\\laravel\\framework\\src\\Illuminate\\Bus\\Dispatcher.php(128): Illuminate\\Container\\Container->call(Array)\n#8 D:\\laragon\\www\\doantotnghiep\\vendor\\laravel\\framework\\src\\Illuminate\\Pipeline\\Pipeline.php(144): Illuminate\\Bus\\Dispatcher->Illuminate\\Bus\\{closure}(Object(Illuminate\\Events\\CallQueuedListener))\n#9 D:\\laragon\\www\\doantotnghiep\\vendor\\laravel\\framework\\src\\Illuminate\\Pipeline\\Pipeline.php(119): Illuminate\\Pipeline\\Pipeline->Illuminate\\Pipeline\\{closure}(Object(Illuminate\\Events\\CallQueuedListener))\n#10 D:\\laragon\\www\\doantotnghiep\\vendor\\laravel\\framework\\src\\Illuminate\\Bus\\Dispatcher.php(132): Illuminate\\Pipeline\\Pipeline->then(Object(Closure))\n#11 D:\\laragon\\www\\doantotnghiep\\vendor\\laravel\\framework\\src\\Illuminate\\Queue\\CallQueuedHandler.php(124): Illuminate\\Bus\\Dispatcher->dispatchNow(Object(Illuminate\\Events\\CallQueuedListener), false)\n#12 D:\\laragon\\www\\doantotnghiep\\vendor\\laravel\\framework\\src\\Illuminate\\Pipeline\\Pipeline.php(144): Illuminate\\Queue\\CallQueuedHandler->Illuminate\\Queue\\{closure}(Object(Illuminate\\Events\\CallQueuedListener))\n#13 D:\\laragon\\www\\doantotnghiep\\vendor\\laravel\\framework\\src\\Illuminate\\Pipeline\\Pipeline.php(119): Illuminate\\Pipeline\\Pipeline->Illuminate\\Pipeline\\{closure}(Object(Illuminate\\Events\\CallQueuedListener))\n#14 D:\\laragon\\www\\doantotnghiep\\vendor\\laravel\\framework\\src\\Illuminate\\Queue\\CallQueuedHandler.php(126): Illuminate\\Pipeline\\Pipeline->then(Object(Closure))\n#15 D:\\laragon\\www\\doantotnghiep\\vendor\\laravel\\framework\\src\\Illuminate\\Queue\\CallQueuedHandler.php(70): Illuminate\\Queue\\CallQueuedHandler->dispatchThroughMiddleware(Object(Illuminate\\Queue\\Jobs\\DatabaseJob), Object(Illuminate\\Events\\CallQueuedListener))\n#16 D:\\laragon\\www\\doantotnghiep\\vendor\\laravel\\framework\\src\\Illuminate\\Queue\\Jobs\\Job.php(102): Illuminate\\Queue\\CallQueuedHandler->call(Object(Illuminate\\Queue\\Jobs\\DatabaseJob), Array)\n#17 D:\\laragon\\www\\doantotnghiep\\vendor\\laravel\\framework\\src\\Illuminate\\Queue\\Worker.php(439): Illuminate\\Queue\\Jobs\\Job->fire()\n#18 D:\\laragon\\www\\doantotnghiep\\vendor\\laravel\\framework\\src\\Illuminate\\Queue\\Worker.php(389): Illuminate\\Queue\\Worker->process(\'database\', Object(Illuminate\\Queue\\Jobs\\DatabaseJob), Object(Illuminate\\Queue\\WorkerOptions))\n#19 D:\\laragon\\www\\doantotnghiep\\vendor\\laravel\\framework\\src\\Illuminate\\Queue\\Worker.php(176): Illuminate\\Queue\\Worker->runJob(Object(Illuminate\\Queue\\Jobs\\DatabaseJob), \'database\', Object(Illuminate\\Queue\\WorkerOptions))\n#20 D:\\laragon\\www\\doantotnghiep\\vendor\\laravel\\framework\\src\\Illuminate\\Queue\\Console\\WorkCommand.php(138): Illuminate\\Queue\\Worker->daemon(\'database\', \'default\', Object(Illuminate\\Queue\\WorkerOptions))\n#21 D:\\laragon\\www\\doantotnghiep\\vendor\\laravel\\framework\\src\\Illuminate\\Queue\\Console\\WorkCommand.php(121): Illuminate\\Queue\\Console\\WorkCommand->runWorker(\'database\', \'default\')\n#22 D:\\laragon\\www\\doantotnghiep\\vendor\\laravel\\framework\\src\\Illuminate\\Container\\BoundMethod.php(36): Illuminate\\Queue\\Console\\WorkCommand->handle()\n#23 D:\\laragon\\www\\doantotnghiep\\vendor\\laravel\\framework\\src\\Illuminate\\Container\\Util.php(41): Illuminate\\Container\\BoundMethod::Illuminate\\Container\\{closure}()\n#24 D:\\laragon\\www\\doantotnghiep\\vendor\\laravel\\framework\\src\\Illuminate\\Container\\BoundMethod.php(93): Illuminate\\Container\\Util::unwrapIfClosure(Object(Closure))\n#25 D:\\laragon\\www\\doantotnghiep\\vendor\\laravel\\framework\\src\\Illuminate\\Container\\BoundMethod.php(37): Illuminate\\Container\\BoundMethod::callBoundMethod(Object(Illuminate\\Foundation\\Application), Array, Object(Closure))\n#26 D:\\laragon\\www\\doantotnghiep\\vendor\\laravel\\framework\\src\\Illuminate\\Container\\Container.php(662): Illuminate\\Container\\BoundMethod::call(Object(Illuminate\\Foundation\\Application), Array, Array, NULL)\n#27 D:\\laragon\\www\\doantotnghiep\\vendor\\laravel\\framework\\src\\Illuminate\\Console\\Command.php(211): Illuminate\\Container\\Container->call(Array)\n#28 D:\\laragon\\www\\doantotnghiep\\vendor\\symfony\\console\\Command\\Command.php(326): Illuminate\\Console\\Command->execute(Object(Symfony\\Component\\Console\\Input\\ArgvInput), Object(Illuminate\\Console\\OutputStyle))\n#29 D:\\laragon\\www\\doantotnghiep\\vendor\\laravel\\framework\\src\\Illuminate\\Console\\Command.php(181): Symfony\\Component\\Console\\Command\\Command->run(Object(Symfony\\Component\\Console\\Input\\ArgvInput), Object(Illuminate\\Console\\OutputStyle))\n#30 D:\\laragon\\www\\doantotnghiep\\vendor\\symfony\\console\\Application.php(1096): Illuminate\\Console\\Command->run(Object(Symfony\\Component\\Console\\Input\\ArgvInput), Object(Symfony\\Component\\Console\\Output\\ConsoleOutput))\n#31 D:\\laragon\\www\\doantotnghiep\\vendor\\symfony\\console\\Application.php(324): Symfony\\Component\\Console\\Application->doRunCommand(Object(Illuminate\\Queue\\Console\\WorkCommand), Object(Symfony\\Component\\Console\\Input\\ArgvInput), Object(Symfony\\Component\\Console\\Output\\ConsoleOutput))\n#32 D:\\laragon\\www\\doantotnghiep\\vendor\\symfony\\console\\Application.php(175): Symfony\\Component\\Console\\Application->doRun(Object(Symfony\\Component\\Console\\Input\\ArgvInput), Object(Symfony\\Component\\Console\\Output\\ConsoleOutput))\n#33 D:\\laragon\\www\\doantotnghiep\\vendor\\laravel\\framework\\src\\Illuminate\\Foundation\\Console\\Kernel.php(201): Symfony\\Component\\Console\\Application->run(Object(Symfony\\Component\\Console\\Input\\ArgvInput), Object(Symfony\\Component\\Console\\Output\\ConsoleOutput))\n#34 D:\\laragon\\www\\doantotnghiep\\artisan(37): Illuminate\\Foundation\\Console\\Kernel->handle(Object(Symfony\\Component\\Console\\Input\\ArgvInput), Object(Symfony\\Component\\Console\\Output\\ConsoleOutput))\n#35 {main}', '2024-11-12 21:25:06');
INSERT INTO `failed_jobs` (`id`, `uuid`, `connection`, `queue`, `payload`, `exception`, `failed_at`) VALUES
(20, '01cc1549-93f5-4e3b-b3bb-2f07a56898e6', 'database', 'default', '{\"uuid\":\"01cc1549-93f5-4e3b-b3bb-2f07a56898e6\",\"displayName\":\"App\\\\Listeners\\\\SendNotification\",\"job\":\"Illuminate\\\\Queue\\\\CallQueuedHandler@call\",\"maxTries\":null,\"maxExceptions\":null,\"failOnTimeout\":false,\"backoff\":null,\"timeout\":null,\"retryUntil\":null,\"data\":{\"commandName\":\"Illuminate\\\\Events\\\\CallQueuedListener\",\"command\":\"O:36:\\\"Illuminate\\\\Events\\\\CallQueuedListener\\\":20:{s:5:\\\"class\\\";s:30:\\\"App\\\\Listeners\\\\SendNotification\\\";s:6:\\\"method\\\";s:6:\\\"handle\\\";s:4:\\\"data\\\";a:1:{i:0;O:22:\\\"App\\\\Events\\\\OrderTicket\\\":1:{s:6:\\\"ticket\\\";O:45:\\\"Illuminate\\\\Contracts\\\\Database\\\\ModelIdentifier\\\":5:{s:5:\\\"class\\\";s:24:\\\"App\\\\Models\\\\TicketBooking\\\";s:2:\\\"id\\\";i:39;s:9:\\\"relations\\\";a:4:{i:0;s:5:\\\"route\\\";i:1;s:3:\\\"bus\\\";i:2;s:13:\\\"paymentMethod\\\";i:3;s:13:\\\"ticketDetails\\\";}s:10:\\\"connection\\\";s:5:\\\"mysql\\\";s:15:\\\"collectionClass\\\";N;}}}s:5:\\\"tries\\\";N;s:13:\\\"maxExceptions\\\";N;s:7:\\\"backoff\\\";N;s:10:\\\"retryUntil\\\";N;s:7:\\\"timeout\\\";N;s:13:\\\"failOnTimeout\\\";b:0;s:17:\\\"shouldBeEncrypted\\\";b:0;s:3:\\\"job\\\";N;s:10:\\\"connection\\\";N;s:5:\\\"queue\\\";N;s:15:\\\"chainConnection\\\";N;s:10:\\\"chainQueue\\\";N;s:19:\\\"chainCatchCallbacks\\\";N;s:5:\\\"delay\\\";N;s:11:\\\"afterCommit\\\";N;s:10:\\\"middleware\\\";a:0:{}s:7:\\\"chained\\\";a:0:{}}\"}}', 'Exception: Property [ticket_code] does not exist on this collection instance. in D:\\laragon\\www\\doantotnghiep\\vendor\\laravel\\framework\\src\\Illuminate\\Collections\\Traits\\EnumeratesValues.php:1011\nStack trace:\n#0 D:\\laragon\\www\\doantotnghiep\\app\\Listeners\\SendNotification.php(49): Illuminate\\Support\\Collection->__get(\'ticket_code\')\n#1 D:\\laragon\\www\\doantotnghiep\\vendor\\laravel\\framework\\src\\Illuminate\\Events\\CallQueuedListener.php(114): App\\Listeners\\SendNotification->handle(Object(App\\Events\\OrderTicket))\n#2 D:\\laragon\\www\\doantotnghiep\\vendor\\laravel\\framework\\src\\Illuminate\\Container\\BoundMethod.php(36): Illuminate\\Events\\CallQueuedListener->handle(Object(Illuminate\\Foundation\\Application))\n#3 D:\\laragon\\www\\doantotnghiep\\vendor\\laravel\\framework\\src\\Illuminate\\Container\\Util.php(41): Illuminate\\Container\\BoundMethod::Illuminate\\Container\\{closure}()\n#4 D:\\laragon\\www\\doantotnghiep\\vendor\\laravel\\framework\\src\\Illuminate\\Container\\BoundMethod.php(93): Illuminate\\Container\\Util::unwrapIfClosure(Object(Closure))\n#5 D:\\laragon\\www\\doantotnghiep\\vendor\\laravel\\framework\\src\\Illuminate\\Container\\BoundMethod.php(37): Illuminate\\Container\\BoundMethod::callBoundMethod(Object(Illuminate\\Foundation\\Application), Array, Object(Closure))\n#6 D:\\laragon\\www\\doantotnghiep\\vendor\\laravel\\framework\\src\\Illuminate\\Container\\Container.php(662): Illuminate\\Container\\BoundMethod::call(Object(Illuminate\\Foundation\\Application), Array, Array, NULL)\n#7 D:\\laragon\\www\\doantotnghiep\\vendor\\laravel\\framework\\src\\Illuminate\\Bus\\Dispatcher.php(128): Illuminate\\Container\\Container->call(Array)\n#8 D:\\laragon\\www\\doantotnghiep\\vendor\\laravel\\framework\\src\\Illuminate\\Pipeline\\Pipeline.php(144): Illuminate\\Bus\\Dispatcher->Illuminate\\Bus\\{closure}(Object(Illuminate\\Events\\CallQueuedListener))\n#9 D:\\laragon\\www\\doantotnghiep\\vendor\\laravel\\framework\\src\\Illuminate\\Pipeline\\Pipeline.php(119): Illuminate\\Pipeline\\Pipeline->Illuminate\\Pipeline\\{closure}(Object(Illuminate\\Events\\CallQueuedListener))\n#10 D:\\laragon\\www\\doantotnghiep\\vendor\\laravel\\framework\\src\\Illuminate\\Bus\\Dispatcher.php(132): Illuminate\\Pipeline\\Pipeline->then(Object(Closure))\n#11 D:\\laragon\\www\\doantotnghiep\\vendor\\laravel\\framework\\src\\Illuminate\\Queue\\CallQueuedHandler.php(124): Illuminate\\Bus\\Dispatcher->dispatchNow(Object(Illuminate\\Events\\CallQueuedListener), false)\n#12 D:\\laragon\\www\\doantotnghiep\\vendor\\laravel\\framework\\src\\Illuminate\\Pipeline\\Pipeline.php(144): Illuminate\\Queue\\CallQueuedHandler->Illuminate\\Queue\\{closure}(Object(Illuminate\\Events\\CallQueuedListener))\n#13 D:\\laragon\\www\\doantotnghiep\\vendor\\laravel\\framework\\src\\Illuminate\\Pipeline\\Pipeline.php(119): Illuminate\\Pipeline\\Pipeline->Illuminate\\Pipeline\\{closure}(Object(Illuminate\\Events\\CallQueuedListener))\n#14 D:\\laragon\\www\\doantotnghiep\\vendor\\laravel\\framework\\src\\Illuminate\\Queue\\CallQueuedHandler.php(126): Illuminate\\Pipeline\\Pipeline->then(Object(Closure))\n#15 D:\\laragon\\www\\doantotnghiep\\vendor\\laravel\\framework\\src\\Illuminate\\Queue\\CallQueuedHandler.php(70): Illuminate\\Queue\\CallQueuedHandler->dispatchThroughMiddleware(Object(Illuminate\\Queue\\Jobs\\DatabaseJob), Object(Illuminate\\Events\\CallQueuedListener))\n#16 D:\\laragon\\www\\doantotnghiep\\vendor\\laravel\\framework\\src\\Illuminate\\Queue\\Jobs\\Job.php(102): Illuminate\\Queue\\CallQueuedHandler->call(Object(Illuminate\\Queue\\Jobs\\DatabaseJob), Array)\n#17 D:\\laragon\\www\\doantotnghiep\\vendor\\laravel\\framework\\src\\Illuminate\\Queue\\Worker.php(439): Illuminate\\Queue\\Jobs\\Job->fire()\n#18 D:\\laragon\\www\\doantotnghiep\\vendor\\laravel\\framework\\src\\Illuminate\\Queue\\Worker.php(389): Illuminate\\Queue\\Worker->process(\'database\', Object(Illuminate\\Queue\\Jobs\\DatabaseJob), Object(Illuminate\\Queue\\WorkerOptions))\n#19 D:\\laragon\\www\\doantotnghiep\\vendor\\laravel\\framework\\src\\Illuminate\\Queue\\Worker.php(176): Illuminate\\Queue\\Worker->runJob(Object(Illuminate\\Queue\\Jobs\\DatabaseJob), \'database\', Object(Illuminate\\Queue\\WorkerOptions))\n#20 D:\\laragon\\www\\doantotnghiep\\vendor\\laravel\\framework\\src\\Illuminate\\Queue\\Console\\WorkCommand.php(138): Illuminate\\Queue\\Worker->daemon(\'database\', \'default\', Object(Illuminate\\Queue\\WorkerOptions))\n#21 D:\\laragon\\www\\doantotnghiep\\vendor\\laravel\\framework\\src\\Illuminate\\Queue\\Console\\WorkCommand.php(121): Illuminate\\Queue\\Console\\WorkCommand->runWorker(\'database\', \'default\')\n#22 D:\\laragon\\www\\doantotnghiep\\vendor\\laravel\\framework\\src\\Illuminate\\Container\\BoundMethod.php(36): Illuminate\\Queue\\Console\\WorkCommand->handle()\n#23 D:\\laragon\\www\\doantotnghiep\\vendor\\laravel\\framework\\src\\Illuminate\\Container\\Util.php(41): Illuminate\\Container\\BoundMethod::Illuminate\\Container\\{closure}()\n#24 D:\\laragon\\www\\doantotnghiep\\vendor\\laravel\\framework\\src\\Illuminate\\Container\\BoundMethod.php(93): Illuminate\\Container\\Util::unwrapIfClosure(Object(Closure))\n#25 D:\\laragon\\www\\doantotnghiep\\vendor\\laravel\\framework\\src\\Illuminate\\Container\\BoundMethod.php(37): Illuminate\\Container\\BoundMethod::callBoundMethod(Object(Illuminate\\Foundation\\Application), Array, Object(Closure))\n#26 D:\\laragon\\www\\doantotnghiep\\vendor\\laravel\\framework\\src\\Illuminate\\Container\\Container.php(662): Illuminate\\Container\\BoundMethod::call(Object(Illuminate\\Foundation\\Application), Array, Array, NULL)\n#27 D:\\laragon\\www\\doantotnghiep\\vendor\\laravel\\framework\\src\\Illuminate\\Console\\Command.php(211): Illuminate\\Container\\Container->call(Array)\n#28 D:\\laragon\\www\\doantotnghiep\\vendor\\symfony\\console\\Command\\Command.php(326): Illuminate\\Console\\Command->execute(Object(Symfony\\Component\\Console\\Input\\ArgvInput), Object(Illuminate\\Console\\OutputStyle))\n#29 D:\\laragon\\www\\doantotnghiep\\vendor\\laravel\\framework\\src\\Illuminate\\Console\\Command.php(181): Symfony\\Component\\Console\\Command\\Command->run(Object(Symfony\\Component\\Console\\Input\\ArgvInput), Object(Illuminate\\Console\\OutputStyle))\n#30 D:\\laragon\\www\\doantotnghiep\\vendor\\symfony\\console\\Application.php(1096): Illuminate\\Console\\Command->run(Object(Symfony\\Component\\Console\\Input\\ArgvInput), Object(Symfony\\Component\\Console\\Output\\ConsoleOutput))\n#31 D:\\laragon\\www\\doantotnghiep\\vendor\\symfony\\console\\Application.php(324): Symfony\\Component\\Console\\Application->doRunCommand(Object(Illuminate\\Queue\\Console\\WorkCommand), Object(Symfony\\Component\\Console\\Input\\ArgvInput), Object(Symfony\\Component\\Console\\Output\\ConsoleOutput))\n#32 D:\\laragon\\www\\doantotnghiep\\vendor\\symfony\\console\\Application.php(175): Symfony\\Component\\Console\\Application->doRun(Object(Symfony\\Component\\Console\\Input\\ArgvInput), Object(Symfony\\Component\\Console\\Output\\ConsoleOutput))\n#33 D:\\laragon\\www\\doantotnghiep\\vendor\\laravel\\framework\\src\\Illuminate\\Foundation\\Console\\Kernel.php(201): Symfony\\Component\\Console\\Application->run(Object(Symfony\\Component\\Console\\Input\\ArgvInput), Object(Symfony\\Component\\Console\\Output\\ConsoleOutput))\n#34 D:\\laragon\\www\\doantotnghiep\\artisan(37): Illuminate\\Foundation\\Console\\Kernel->handle(Object(Symfony\\Component\\Console\\Input\\ArgvInput), Object(Symfony\\Component\\Console\\Output\\ConsoleOutput))\n#35 {main}', '2024-11-12 21:28:01'),
(21, 'c579a06a-f98a-4e2d-b101-aa6d31da44c4', 'database', 'default', '{\"uuid\":\"c579a06a-f98a-4e2d-b101-aa6d31da44c4\",\"displayName\":\"App\\\\Listeners\\\\SendNotification\",\"job\":\"Illuminate\\\\Queue\\\\CallQueuedHandler@call\",\"maxTries\":null,\"maxExceptions\":null,\"failOnTimeout\":false,\"backoff\":null,\"timeout\":null,\"retryUntil\":null,\"data\":{\"commandName\":\"Illuminate\\\\Events\\\\CallQueuedListener\",\"command\":\"O:36:\\\"Illuminate\\\\Events\\\\CallQueuedListener\\\":20:{s:5:\\\"class\\\";s:30:\\\"App\\\\Listeners\\\\SendNotification\\\";s:6:\\\"method\\\";s:6:\\\"handle\\\";s:4:\\\"data\\\";a:1:{i:0;O:22:\\\"App\\\\Events\\\\OrderTicket\\\":1:{s:6:\\\"ticket\\\";O:45:\\\"Illuminate\\\\Contracts\\\\Database\\\\ModelIdentifier\\\":5:{s:5:\\\"class\\\";s:24:\\\"App\\\\Models\\\\TicketBooking\\\";s:2:\\\"id\\\";i:49;s:9:\\\"relations\\\";a:4:{i:0;s:5:\\\"route\\\";i:1;s:3:\\\"bus\\\";i:2;s:13:\\\"paymentMethod\\\";i:3;s:13:\\\"ticketDetails\\\";}s:10:\\\"connection\\\";s:5:\\\"mysql\\\";s:15:\\\"collectionClass\\\";N;}}}s:5:\\\"tries\\\";N;s:13:\\\"maxExceptions\\\";N;s:7:\\\"backoff\\\";N;s:10:\\\"retryUntil\\\";N;s:7:\\\"timeout\\\";N;s:13:\\\"failOnTimeout\\\";b:0;s:17:\\\"shouldBeEncrypted\\\";b:0;s:3:\\\"job\\\";N;s:10:\\\"connection\\\";N;s:5:\\\"queue\\\";N;s:15:\\\"chainConnection\\\";N;s:10:\\\"chainQueue\\\";N;s:19:\\\"chainCatchCallbacks\\\";N;s:5:\\\"delay\\\";N;s:11:\\\"afterCommit\\\";N;s:10:\\\"middleware\\\";a:0:{}s:7:\\\"chained\\\";a:0:{}}\"}}', 'Illuminate\\Database\\Eloquent\\ModelNotFoundException: No query results for model [App\\Models\\TicketBooking]. in D:\\laragon\\www\\doantotnghiep\\vendor\\laravel\\framework\\src\\Illuminate\\Database\\Eloquent\\Builder.php:621\nStack trace:\n#0 D:\\laragon\\www\\doantotnghiep\\vendor\\laravel\\framework\\src\\Illuminate\\Queue\\SerializesAndRestoresModelIdentifiers.php(109): Illuminate\\Database\\Eloquent\\Builder->firstOrFail()\n#1 D:\\laragon\\www\\doantotnghiep\\vendor\\laravel\\framework\\src\\Illuminate\\Queue\\SerializesAndRestoresModelIdentifiers.php(62): App\\Events\\OrderTicket->restoreModel(Object(Illuminate\\Contracts\\Database\\ModelIdentifier))\n#2 D:\\laragon\\www\\doantotnghiep\\vendor\\laravel\\framework\\src\\Illuminate\\Queue\\SerializesModels.php(93): App\\Events\\OrderTicket->getRestoredPropertyValue(Object(Illuminate\\Contracts\\Database\\ModelIdentifier))\n#3 [internal function]: App\\Events\\OrderTicket->__unserialize(Array)\n#4 D:\\laragon\\www\\doantotnghiep\\vendor\\laravel\\framework\\src\\Illuminate\\Queue\\CallQueuedHandler.php(97): unserialize(\'O:36:\"Illuminat...\')\n#5 D:\\laragon\\www\\doantotnghiep\\vendor\\laravel\\framework\\src\\Illuminate\\Queue\\CallQueuedHandler.php(60): Illuminate\\Queue\\CallQueuedHandler->getCommand(Array)\n#6 D:\\laragon\\www\\doantotnghiep\\vendor\\laravel\\framework\\src\\Illuminate\\Queue\\Jobs\\Job.php(102): Illuminate\\Queue\\CallQueuedHandler->call(Object(Illuminate\\Queue\\Jobs\\DatabaseJob), Array)\n#7 D:\\laragon\\www\\doantotnghiep\\vendor\\laravel\\framework\\src\\Illuminate\\Queue\\Worker.php(439): Illuminate\\Queue\\Jobs\\Job->fire()\n#8 D:\\laragon\\www\\doantotnghiep\\vendor\\laravel\\framework\\src\\Illuminate\\Queue\\Worker.php(389): Illuminate\\Queue\\Worker->process(\'database\', Object(Illuminate\\Queue\\Jobs\\DatabaseJob), Object(Illuminate\\Queue\\WorkerOptions))\n#9 D:\\laragon\\www\\doantotnghiep\\vendor\\laravel\\framework\\src\\Illuminate\\Queue\\Worker.php(176): Illuminate\\Queue\\Worker->runJob(Object(Illuminate\\Queue\\Jobs\\DatabaseJob), \'database\', Object(Illuminate\\Queue\\WorkerOptions))\n#10 D:\\laragon\\www\\doantotnghiep\\vendor\\laravel\\framework\\src\\Illuminate\\Queue\\Console\\WorkCommand.php(138): Illuminate\\Queue\\Worker->daemon(\'database\', \'default\', Object(Illuminate\\Queue\\WorkerOptions))\n#11 D:\\laragon\\www\\doantotnghiep\\vendor\\laravel\\framework\\src\\Illuminate\\Queue\\Console\\WorkCommand.php(121): Illuminate\\Queue\\Console\\WorkCommand->runWorker(\'database\', \'default\')\n#12 D:\\laragon\\www\\doantotnghiep\\vendor\\laravel\\framework\\src\\Illuminate\\Container\\BoundMethod.php(36): Illuminate\\Queue\\Console\\WorkCommand->handle()\n#13 D:\\laragon\\www\\doantotnghiep\\vendor\\laravel\\framework\\src\\Illuminate\\Container\\Util.php(41): Illuminate\\Container\\BoundMethod::Illuminate\\Container\\{closure}()\n#14 D:\\laragon\\www\\doantotnghiep\\vendor\\laravel\\framework\\src\\Illuminate\\Container\\BoundMethod.php(93): Illuminate\\Container\\Util::unwrapIfClosure(Object(Closure))\n#15 D:\\laragon\\www\\doantotnghiep\\vendor\\laravel\\framework\\src\\Illuminate\\Container\\BoundMethod.php(37): Illuminate\\Container\\BoundMethod::callBoundMethod(Object(Illuminate\\Foundation\\Application), Array, Object(Closure))\n#16 D:\\laragon\\www\\doantotnghiep\\vendor\\laravel\\framework\\src\\Illuminate\\Container\\Container.php(662): Illuminate\\Container\\BoundMethod::call(Object(Illuminate\\Foundation\\Application), Array, Array, NULL)\n#17 D:\\laragon\\www\\doantotnghiep\\vendor\\laravel\\framework\\src\\Illuminate\\Console\\Command.php(211): Illuminate\\Container\\Container->call(Array)\n#18 D:\\laragon\\www\\doantotnghiep\\vendor\\symfony\\console\\Command\\Command.php(326): Illuminate\\Console\\Command->execute(Object(Symfony\\Component\\Console\\Input\\ArgvInput), Object(Illuminate\\Console\\OutputStyle))\n#19 D:\\laragon\\www\\doantotnghiep\\vendor\\laravel\\framework\\src\\Illuminate\\Console\\Command.php(181): Symfony\\Component\\Console\\Command\\Command->run(Object(Symfony\\Component\\Console\\Input\\ArgvInput), Object(Illuminate\\Console\\OutputStyle))\n#20 D:\\laragon\\www\\doantotnghiep\\vendor\\symfony\\console\\Application.php(1096): Illuminate\\Console\\Command->run(Object(Symfony\\Component\\Console\\Input\\ArgvInput), Object(Symfony\\Component\\Console\\Output\\ConsoleOutput))\n#21 D:\\laragon\\www\\doantotnghiep\\vendor\\symfony\\console\\Application.php(324): Symfony\\Component\\Console\\Application->doRunCommand(Object(Illuminate\\Queue\\Console\\WorkCommand), Object(Symfony\\Component\\Console\\Input\\ArgvInput), Object(Symfony\\Component\\Console\\Output\\ConsoleOutput))\n#22 D:\\laragon\\www\\doantotnghiep\\vendor\\symfony\\console\\Application.php(175): Symfony\\Component\\Console\\Application->doRun(Object(Symfony\\Component\\Console\\Input\\ArgvInput), Object(Symfony\\Component\\Console\\Output\\ConsoleOutput))\n#23 D:\\laragon\\www\\doantotnghiep\\vendor\\laravel\\framework\\src\\Illuminate\\Foundation\\Console\\Kernel.php(201): Symfony\\Component\\Console\\Application->run(Object(Symfony\\Component\\Console\\Input\\ArgvInput), Object(Symfony\\Component\\Console\\Output\\ConsoleOutput))\n#24 D:\\laragon\\www\\doantotnghiep\\artisan(37): Illuminate\\Foundation\\Console\\Kernel->handle(Object(Symfony\\Component\\Console\\Input\\ArgvInput), Object(Symfony\\Component\\Console\\Output\\ConsoleOutput))\n#25 {main}', '2024-11-17 11:50:42'),
(22, '78861019-f277-4b5a-a594-79f59bc58a25', 'database', 'default', '{\"uuid\":\"78861019-f277-4b5a-a594-79f59bc58a25\",\"displayName\":\"App\\\\Listeners\\\\SendNotification\",\"job\":\"Illuminate\\\\Queue\\\\CallQueuedHandler@call\",\"maxTries\":null,\"maxExceptions\":null,\"failOnTimeout\":false,\"backoff\":null,\"timeout\":null,\"retryUntil\":null,\"data\":{\"commandName\":\"Illuminate\\\\Events\\\\CallQueuedListener\",\"command\":\"O:36:\\\"Illuminate\\\\Events\\\\CallQueuedListener\\\":20:{s:5:\\\"class\\\";s:30:\\\"App\\\\Listeners\\\\SendNotification\\\";s:6:\\\"method\\\";s:6:\\\"handle\\\";s:4:\\\"data\\\";a:1:{i:0;O:22:\\\"App\\\\Events\\\\OrderTicket\\\":1:{s:6:\\\"ticket\\\";O:45:\\\"Illuminate\\\\Contracts\\\\Database\\\\ModelIdentifier\\\":5:{s:5:\\\"class\\\";s:24:\\\"App\\\\Models\\\\TicketBooking\\\";s:2:\\\"id\\\";i:61;s:9:\\\"relations\\\";a:4:{i:0;s:5:\\\"route\\\";i:1;s:3:\\\"bus\\\";i:2;s:13:\\\"paymentMethod\\\";i:3;s:13:\\\"ticketDetails\\\";}s:10:\\\"connection\\\";s:5:\\\"mysql\\\";s:15:\\\"collectionClass\\\";N;}}}s:5:\\\"tries\\\";N;s:13:\\\"maxExceptions\\\";N;s:7:\\\"backoff\\\";N;s:10:\\\"retryUntil\\\";N;s:7:\\\"timeout\\\";N;s:13:\\\"failOnTimeout\\\";b:0;s:17:\\\"shouldBeEncrypted\\\";b:0;s:3:\\\"job\\\";N;s:10:\\\"connection\\\";N;s:5:\\\"queue\\\";N;s:15:\\\"chainConnection\\\";N;s:10:\\\"chainQueue\\\";N;s:19:\\\"chainCatchCallbacks\\\";N;s:5:\\\"delay\\\";N;s:11:\\\"afterCommit\\\";N;s:10:\\\"middleware\\\";a:0:{}s:7:\\\"chained\\\";a:0:{}}\"}}', 'Illuminate\\Database\\Eloquent\\ModelNotFoundException: No query results for model [App\\Models\\TicketBooking]. in D:\\laragon\\www\\doantotnghiep\\vendor\\laravel\\framework\\src\\Illuminate\\Database\\Eloquent\\Builder.php:621\nStack trace:\n#0 D:\\laragon\\www\\doantotnghiep\\vendor\\laravel\\framework\\src\\Illuminate\\Queue\\SerializesAndRestoresModelIdentifiers.php(109): Illuminate\\Database\\Eloquent\\Builder->firstOrFail()\n#1 D:\\laragon\\www\\doantotnghiep\\vendor\\laravel\\framework\\src\\Illuminate\\Queue\\SerializesAndRestoresModelIdentifiers.php(62): App\\Events\\OrderTicket->restoreModel(Object(Illuminate\\Contracts\\Database\\ModelIdentifier))\n#2 D:\\laragon\\www\\doantotnghiep\\vendor\\laravel\\framework\\src\\Illuminate\\Queue\\SerializesModels.php(93): App\\Events\\OrderTicket->getRestoredPropertyValue(Object(Illuminate\\Contracts\\Database\\ModelIdentifier))\n#3 [internal function]: App\\Events\\OrderTicket->__unserialize(Array)\n#4 D:\\laragon\\www\\doantotnghiep\\vendor\\laravel\\framework\\src\\Illuminate\\Queue\\CallQueuedHandler.php(97): unserialize(\'O:36:\"Illuminat...\')\n#5 D:\\laragon\\www\\doantotnghiep\\vendor\\laravel\\framework\\src\\Illuminate\\Queue\\CallQueuedHandler.php(60): Illuminate\\Queue\\CallQueuedHandler->getCommand(Array)\n#6 D:\\laragon\\www\\doantotnghiep\\vendor\\laravel\\framework\\src\\Illuminate\\Queue\\Jobs\\Job.php(102): Illuminate\\Queue\\CallQueuedHandler->call(Object(Illuminate\\Queue\\Jobs\\DatabaseJob), Array)\n#7 D:\\laragon\\www\\doantotnghiep\\vendor\\laravel\\framework\\src\\Illuminate\\Queue\\Worker.php(439): Illuminate\\Queue\\Jobs\\Job->fire()\n#8 D:\\laragon\\www\\doantotnghiep\\vendor\\laravel\\framework\\src\\Illuminate\\Queue\\Worker.php(389): Illuminate\\Queue\\Worker->process(\'database\', Object(Illuminate\\Queue\\Jobs\\DatabaseJob), Object(Illuminate\\Queue\\WorkerOptions))\n#9 D:\\laragon\\www\\doantotnghiep\\vendor\\laravel\\framework\\src\\Illuminate\\Queue\\Worker.php(176): Illuminate\\Queue\\Worker->runJob(Object(Illuminate\\Queue\\Jobs\\DatabaseJob), \'database\', Object(Illuminate\\Queue\\WorkerOptions))\n#10 D:\\laragon\\www\\doantotnghiep\\vendor\\laravel\\framework\\src\\Illuminate\\Queue\\Console\\WorkCommand.php(138): Illuminate\\Queue\\Worker->daemon(\'database\', \'default\', Object(Illuminate\\Queue\\WorkerOptions))\n#11 D:\\laragon\\www\\doantotnghiep\\vendor\\laravel\\framework\\src\\Illuminate\\Queue\\Console\\WorkCommand.php(121): Illuminate\\Queue\\Console\\WorkCommand->runWorker(\'database\', \'default\')\n#12 D:\\laragon\\www\\doantotnghiep\\vendor\\laravel\\framework\\src\\Illuminate\\Container\\BoundMethod.php(36): Illuminate\\Queue\\Console\\WorkCommand->handle()\n#13 D:\\laragon\\www\\doantotnghiep\\vendor\\laravel\\framework\\src\\Illuminate\\Container\\Util.php(41): Illuminate\\Container\\BoundMethod::Illuminate\\Container\\{closure}()\n#14 D:\\laragon\\www\\doantotnghiep\\vendor\\laravel\\framework\\src\\Illuminate\\Container\\BoundMethod.php(93): Illuminate\\Container\\Util::unwrapIfClosure(Object(Closure))\n#15 D:\\laragon\\www\\doantotnghiep\\vendor\\laravel\\framework\\src\\Illuminate\\Container\\BoundMethod.php(37): Illuminate\\Container\\BoundMethod::callBoundMethod(Object(Illuminate\\Foundation\\Application), Array, Object(Closure))\n#16 D:\\laragon\\www\\doantotnghiep\\vendor\\laravel\\framework\\src\\Illuminate\\Container\\Container.php(662): Illuminate\\Container\\BoundMethod::call(Object(Illuminate\\Foundation\\Application), Array, Array, NULL)\n#17 D:\\laragon\\www\\doantotnghiep\\vendor\\laravel\\framework\\src\\Illuminate\\Console\\Command.php(211): Illuminate\\Container\\Container->call(Array)\n#18 D:\\laragon\\www\\doantotnghiep\\vendor\\symfony\\console\\Command\\Command.php(326): Illuminate\\Console\\Command->execute(Object(Symfony\\Component\\Console\\Input\\ArgvInput), Object(Illuminate\\Console\\OutputStyle))\n#19 D:\\laragon\\www\\doantotnghiep\\vendor\\laravel\\framework\\src\\Illuminate\\Console\\Command.php(181): Symfony\\Component\\Console\\Command\\Command->run(Object(Symfony\\Component\\Console\\Input\\ArgvInput), Object(Illuminate\\Console\\OutputStyle))\n#20 D:\\laragon\\www\\doantotnghiep\\vendor\\symfony\\console\\Application.php(1096): Illuminate\\Console\\Command->run(Object(Symfony\\Component\\Console\\Input\\ArgvInput), Object(Symfony\\Component\\Console\\Output\\ConsoleOutput))\n#21 D:\\laragon\\www\\doantotnghiep\\vendor\\symfony\\console\\Application.php(324): Symfony\\Component\\Console\\Application->doRunCommand(Object(Illuminate\\Queue\\Console\\WorkCommand), Object(Symfony\\Component\\Console\\Input\\ArgvInput), Object(Symfony\\Component\\Console\\Output\\ConsoleOutput))\n#22 D:\\laragon\\www\\doantotnghiep\\vendor\\symfony\\console\\Application.php(175): Symfony\\Component\\Console\\Application->doRun(Object(Symfony\\Component\\Console\\Input\\ArgvInput), Object(Symfony\\Component\\Console\\Output\\ConsoleOutput))\n#23 D:\\laragon\\www\\doantotnghiep\\vendor\\laravel\\framework\\src\\Illuminate\\Foundation\\Console\\Kernel.php(201): Symfony\\Component\\Console\\Application->run(Object(Symfony\\Component\\Console\\Input\\ArgvInput), Object(Symfony\\Component\\Console\\Output\\ConsoleOutput))\n#24 D:\\laragon\\www\\doantotnghiep\\artisan(37): Illuminate\\Foundation\\Console\\Kernel->handle(Object(Symfony\\Component\\Console\\Input\\ArgvInput), Object(Symfony\\Component\\Console\\Output\\ConsoleOutput))\n#25 {main}', '2024-11-17 11:50:43'),
(23, '182dd983-5ae2-4853-bd4d-71bd29348d64', 'database', 'default', '{\"uuid\":\"182dd983-5ae2-4853-bd4d-71bd29348d64\",\"displayName\":\"App\\\\Listeners\\\\SendNotification\",\"job\":\"Illuminate\\\\Queue\\\\CallQueuedHandler@call\",\"maxTries\":null,\"maxExceptions\":null,\"failOnTimeout\":false,\"backoff\":null,\"timeout\":null,\"retryUntil\":null,\"data\":{\"commandName\":\"Illuminate\\\\Events\\\\CallQueuedListener\",\"command\":\"O:36:\\\"Illuminate\\\\Events\\\\CallQueuedListener\\\":20:{s:5:\\\"class\\\";s:30:\\\"App\\\\Listeners\\\\SendNotification\\\";s:6:\\\"method\\\";s:6:\\\"handle\\\";s:4:\\\"data\\\";a:1:{i:0;O:22:\\\"App\\\\Events\\\\OrderTicket\\\":1:{s:6:\\\"ticket\\\";O:45:\\\"Illuminate\\\\Contracts\\\\Database\\\\ModelIdentifier\\\":5:{s:5:\\\"class\\\";s:24:\\\"App\\\\Models\\\\TicketBooking\\\";s:2:\\\"id\\\";i:67;s:9:\\\"relations\\\";a:4:{i:0;s:5:\\\"route\\\";i:1;s:3:\\\"bus\\\";i:2;s:13:\\\"paymentMethod\\\";i:3;s:13:\\\"ticketDetails\\\";}s:10:\\\"connection\\\";s:5:\\\"mysql\\\";s:15:\\\"collectionClass\\\";N;}}}s:5:\\\"tries\\\";N;s:13:\\\"maxExceptions\\\";N;s:7:\\\"backoff\\\";N;s:10:\\\"retryUntil\\\";N;s:7:\\\"timeout\\\";N;s:13:\\\"failOnTimeout\\\";b:0;s:17:\\\"shouldBeEncrypted\\\";b:0;s:3:\\\"job\\\";N;s:10:\\\"connection\\\";N;s:5:\\\"queue\\\";N;s:15:\\\"chainConnection\\\";N;s:10:\\\"chainQueue\\\";N;s:19:\\\"chainCatchCallbacks\\\";N;s:5:\\\"delay\\\";N;s:11:\\\"afterCommit\\\";N;s:10:\\\"middleware\\\";a:0:{}s:7:\\\"chained\\\";a:0:{}}\"}}', 'Illuminate\\Database\\Eloquent\\ModelNotFoundException: No query results for model [App\\Models\\TicketBooking]. in D:\\laragon\\www\\doantotnghiep\\vendor\\laravel\\framework\\src\\Illuminate\\Database\\Eloquent\\Builder.php:621\nStack trace:\n#0 D:\\laragon\\www\\doantotnghiep\\vendor\\laravel\\framework\\src\\Illuminate\\Queue\\SerializesAndRestoresModelIdentifiers.php(109): Illuminate\\Database\\Eloquent\\Builder->firstOrFail()\n#1 D:\\laragon\\www\\doantotnghiep\\vendor\\laravel\\framework\\src\\Illuminate\\Queue\\SerializesAndRestoresModelIdentifiers.php(62): App\\Events\\OrderTicket->restoreModel(Object(Illuminate\\Contracts\\Database\\ModelIdentifier))\n#2 D:\\laragon\\www\\doantotnghiep\\vendor\\laravel\\framework\\src\\Illuminate\\Queue\\SerializesModels.php(93): App\\Events\\OrderTicket->getRestoredPropertyValue(Object(Illuminate\\Contracts\\Database\\ModelIdentifier))\n#3 [internal function]: App\\Events\\OrderTicket->__unserialize(Array)\n#4 D:\\laragon\\www\\doantotnghiep\\vendor\\laravel\\framework\\src\\Illuminate\\Queue\\CallQueuedHandler.php(97): unserialize(\'O:36:\"Illuminat...\')\n#5 D:\\laragon\\www\\doantotnghiep\\vendor\\laravel\\framework\\src\\Illuminate\\Queue\\CallQueuedHandler.php(60): Illuminate\\Queue\\CallQueuedHandler->getCommand(Array)\n#6 D:\\laragon\\www\\doantotnghiep\\vendor\\laravel\\framework\\src\\Illuminate\\Queue\\Jobs\\Job.php(102): Illuminate\\Queue\\CallQueuedHandler->call(Object(Illuminate\\Queue\\Jobs\\DatabaseJob), Array)\n#7 D:\\laragon\\www\\doantotnghiep\\vendor\\laravel\\framework\\src\\Illuminate\\Queue\\Worker.php(439): Illuminate\\Queue\\Jobs\\Job->fire()\n#8 D:\\laragon\\www\\doantotnghiep\\vendor\\laravel\\framework\\src\\Illuminate\\Queue\\Worker.php(389): Illuminate\\Queue\\Worker->process(\'database\', Object(Illuminate\\Queue\\Jobs\\DatabaseJob), Object(Illuminate\\Queue\\WorkerOptions))\n#9 D:\\laragon\\www\\doantotnghiep\\vendor\\laravel\\framework\\src\\Illuminate\\Queue\\Worker.php(176): Illuminate\\Queue\\Worker->runJob(Object(Illuminate\\Queue\\Jobs\\DatabaseJob), \'database\', Object(Illuminate\\Queue\\WorkerOptions))\n#10 D:\\laragon\\www\\doantotnghiep\\vendor\\laravel\\framework\\src\\Illuminate\\Queue\\Console\\WorkCommand.php(138): Illuminate\\Queue\\Worker->daemon(\'database\', \'default\', Object(Illuminate\\Queue\\WorkerOptions))\n#11 D:\\laragon\\www\\doantotnghiep\\vendor\\laravel\\framework\\src\\Illuminate\\Queue\\Console\\WorkCommand.php(121): Illuminate\\Queue\\Console\\WorkCommand->runWorker(\'database\', \'default\')\n#12 D:\\laragon\\www\\doantotnghiep\\vendor\\laravel\\framework\\src\\Illuminate\\Container\\BoundMethod.php(36): Illuminate\\Queue\\Console\\WorkCommand->handle()\n#13 D:\\laragon\\www\\doantotnghiep\\vendor\\laravel\\framework\\src\\Illuminate\\Container\\Util.php(41): Illuminate\\Container\\BoundMethod::Illuminate\\Container\\{closure}()\n#14 D:\\laragon\\www\\doantotnghiep\\vendor\\laravel\\framework\\src\\Illuminate\\Container\\BoundMethod.php(93): Illuminate\\Container\\Util::unwrapIfClosure(Object(Closure))\n#15 D:\\laragon\\www\\doantotnghiep\\vendor\\laravel\\framework\\src\\Illuminate\\Container\\BoundMethod.php(37): Illuminate\\Container\\BoundMethod::callBoundMethod(Object(Illuminate\\Foundation\\Application), Array, Object(Closure))\n#16 D:\\laragon\\www\\doantotnghiep\\vendor\\laravel\\framework\\src\\Illuminate\\Container\\Container.php(662): Illuminate\\Container\\BoundMethod::call(Object(Illuminate\\Foundation\\Application), Array, Array, NULL)\n#17 D:\\laragon\\www\\doantotnghiep\\vendor\\laravel\\framework\\src\\Illuminate\\Console\\Command.php(211): Illuminate\\Container\\Container->call(Array)\n#18 D:\\laragon\\www\\doantotnghiep\\vendor\\symfony\\console\\Command\\Command.php(326): Illuminate\\Console\\Command->execute(Object(Symfony\\Component\\Console\\Input\\ArgvInput), Object(Illuminate\\Console\\OutputStyle))\n#19 D:\\laragon\\www\\doantotnghiep\\vendor\\laravel\\framework\\src\\Illuminate\\Console\\Command.php(181): Symfony\\Component\\Console\\Command\\Command->run(Object(Symfony\\Component\\Console\\Input\\ArgvInput), Object(Illuminate\\Console\\OutputStyle))\n#20 D:\\laragon\\www\\doantotnghiep\\vendor\\symfony\\console\\Application.php(1096): Illuminate\\Console\\Command->run(Object(Symfony\\Component\\Console\\Input\\ArgvInput), Object(Symfony\\Component\\Console\\Output\\ConsoleOutput))\n#21 D:\\laragon\\www\\doantotnghiep\\vendor\\symfony\\console\\Application.php(324): Symfony\\Component\\Console\\Application->doRunCommand(Object(Illuminate\\Queue\\Console\\WorkCommand), Object(Symfony\\Component\\Console\\Input\\ArgvInput), Object(Symfony\\Component\\Console\\Output\\ConsoleOutput))\n#22 D:\\laragon\\www\\doantotnghiep\\vendor\\symfony\\console\\Application.php(175): Symfony\\Component\\Console\\Application->doRun(Object(Symfony\\Component\\Console\\Input\\ArgvInput), Object(Symfony\\Component\\Console\\Output\\ConsoleOutput))\n#23 D:\\laragon\\www\\doantotnghiep\\vendor\\laravel\\framework\\src\\Illuminate\\Foundation\\Console\\Kernel.php(201): Symfony\\Component\\Console\\Application->run(Object(Symfony\\Component\\Console\\Input\\ArgvInput), Object(Symfony\\Component\\Console\\Output\\ConsoleOutput))\n#24 D:\\laragon\\www\\doantotnghiep\\artisan(37): Illuminate\\Foundation\\Console\\Kernel->handle(Object(Symfony\\Component\\Console\\Input\\ArgvInput), Object(Symfony\\Component\\Console\\Output\\ConsoleOutput))\n#25 {main}', '2024-11-17 11:50:43'),
(24, '6339389e-56bc-4da1-b32e-6ec388645aa2', 'database', 'default', '{\"uuid\":\"6339389e-56bc-4da1-b32e-6ec388645aa2\",\"displayName\":\"App\\\\Listeners\\\\SendNotification\",\"job\":\"Illuminate\\\\Queue\\\\CallQueuedHandler@call\",\"maxTries\":null,\"maxExceptions\":null,\"failOnTimeout\":false,\"backoff\":null,\"timeout\":null,\"retryUntil\":null,\"data\":{\"commandName\":\"Illuminate\\\\Events\\\\CallQueuedListener\",\"command\":\"O:36:\\\"Illuminate\\\\Events\\\\CallQueuedListener\\\":20:{s:5:\\\"class\\\";s:30:\\\"App\\\\Listeners\\\\SendNotification\\\";s:6:\\\"method\\\";s:6:\\\"handle\\\";s:4:\\\"data\\\";a:1:{i:0;O:22:\\\"App\\\\Events\\\\OrderTicket\\\":1:{s:6:\\\"ticket\\\";O:45:\\\"Illuminate\\\\Contracts\\\\Database\\\\ModelIdentifier\\\":5:{s:5:\\\"class\\\";s:24:\\\"App\\\\Models\\\\TicketBooking\\\";s:2:\\\"id\\\";i:92;s:9:\\\"relations\\\";a:4:{i:0;s:5:\\\"route\\\";i:1;s:3:\\\"bus\\\";i:2;s:13:\\\"paymentMethod\\\";i:3;s:13:\\\"ticketDetails\\\";}s:10:\\\"connection\\\";s:5:\\\"mysql\\\";s:15:\\\"collectionClass\\\";N;}}}s:5:\\\"tries\\\";N;s:13:\\\"maxExceptions\\\";N;s:7:\\\"backoff\\\";N;s:10:\\\"retryUntil\\\";N;s:7:\\\"timeout\\\";N;s:13:\\\"failOnTimeout\\\";b:0;s:17:\\\"shouldBeEncrypted\\\";b:0;s:3:\\\"job\\\";N;s:10:\\\"connection\\\";N;s:5:\\\"queue\\\";N;s:15:\\\"chainConnection\\\";N;s:10:\\\"chainQueue\\\";N;s:19:\\\"chainCatchCallbacks\\\";N;s:5:\\\"delay\\\";N;s:11:\\\"afterCommit\\\";N;s:10:\\\"middleware\\\";a:0:{}s:7:\\\"chained\\\";a:0:{}}\"}}', 'Illuminate\\Database\\Eloquent\\ModelNotFoundException: No query results for model [App\\Models\\TicketBooking]. in D:\\laragon\\www\\doantotnghiep\\vendor\\laravel\\framework\\src\\Illuminate\\Database\\Eloquent\\Builder.php:621\nStack trace:\n#0 D:\\laragon\\www\\doantotnghiep\\vendor\\laravel\\framework\\src\\Illuminate\\Queue\\SerializesAndRestoresModelIdentifiers.php(109): Illuminate\\Database\\Eloquent\\Builder->firstOrFail()\n#1 D:\\laragon\\www\\doantotnghiep\\vendor\\laravel\\framework\\src\\Illuminate\\Queue\\SerializesAndRestoresModelIdentifiers.php(62): App\\Events\\OrderTicket->restoreModel(Object(Illuminate\\Contracts\\Database\\ModelIdentifier))\n#2 D:\\laragon\\www\\doantotnghiep\\vendor\\laravel\\framework\\src\\Illuminate\\Queue\\SerializesModels.php(93): App\\Events\\OrderTicket->getRestoredPropertyValue(Object(Illuminate\\Contracts\\Database\\ModelIdentifier))\n#3 [internal function]: App\\Events\\OrderTicket->__unserialize(Array)\n#4 D:\\laragon\\www\\doantotnghiep\\vendor\\laravel\\framework\\src\\Illuminate\\Queue\\CallQueuedHandler.php(97): unserialize(\'O:36:\"Illuminat...\')\n#5 D:\\laragon\\www\\doantotnghiep\\vendor\\laravel\\framework\\src\\Illuminate\\Queue\\CallQueuedHandler.php(60): Illuminate\\Queue\\CallQueuedHandler->getCommand(Array)\n#6 D:\\laragon\\www\\doantotnghiep\\vendor\\laravel\\framework\\src\\Illuminate\\Queue\\Jobs\\Job.php(102): Illuminate\\Queue\\CallQueuedHandler->call(Object(Illuminate\\Queue\\Jobs\\DatabaseJob), Array)\n#7 D:\\laragon\\www\\doantotnghiep\\vendor\\laravel\\framework\\src\\Illuminate\\Queue\\Worker.php(439): Illuminate\\Queue\\Jobs\\Job->fire()\n#8 D:\\laragon\\www\\doantotnghiep\\vendor\\laravel\\framework\\src\\Illuminate\\Queue\\Worker.php(389): Illuminate\\Queue\\Worker->process(\'database\', Object(Illuminate\\Queue\\Jobs\\DatabaseJob), Object(Illuminate\\Queue\\WorkerOptions))\n#9 D:\\laragon\\www\\doantotnghiep\\vendor\\laravel\\framework\\src\\Illuminate\\Queue\\Worker.php(176): Illuminate\\Queue\\Worker->runJob(Object(Illuminate\\Queue\\Jobs\\DatabaseJob), \'database\', Object(Illuminate\\Queue\\WorkerOptions))\n#10 D:\\laragon\\www\\doantotnghiep\\vendor\\laravel\\framework\\src\\Illuminate\\Queue\\Console\\WorkCommand.php(138): Illuminate\\Queue\\Worker->daemon(\'database\', \'default\', Object(Illuminate\\Queue\\WorkerOptions))\n#11 D:\\laragon\\www\\doantotnghiep\\vendor\\laravel\\framework\\src\\Illuminate\\Queue\\Console\\WorkCommand.php(121): Illuminate\\Queue\\Console\\WorkCommand->runWorker(\'database\', \'default\')\n#12 D:\\laragon\\www\\doantotnghiep\\vendor\\laravel\\framework\\src\\Illuminate\\Container\\BoundMethod.php(36): Illuminate\\Queue\\Console\\WorkCommand->handle()\n#13 D:\\laragon\\www\\doantotnghiep\\vendor\\laravel\\framework\\src\\Illuminate\\Container\\Util.php(41): Illuminate\\Container\\BoundMethod::Illuminate\\Container\\{closure}()\n#14 D:\\laragon\\www\\doantotnghiep\\vendor\\laravel\\framework\\src\\Illuminate\\Container\\BoundMethod.php(93): Illuminate\\Container\\Util::unwrapIfClosure(Object(Closure))\n#15 D:\\laragon\\www\\doantotnghiep\\vendor\\laravel\\framework\\src\\Illuminate\\Container\\BoundMethod.php(37): Illuminate\\Container\\BoundMethod::callBoundMethod(Object(Illuminate\\Foundation\\Application), Array, Object(Closure))\n#16 D:\\laragon\\www\\doantotnghiep\\vendor\\laravel\\framework\\src\\Illuminate\\Container\\Container.php(662): Illuminate\\Container\\BoundMethod::call(Object(Illuminate\\Foundation\\Application), Array, Array, NULL)\n#17 D:\\laragon\\www\\doantotnghiep\\vendor\\laravel\\framework\\src\\Illuminate\\Console\\Command.php(211): Illuminate\\Container\\Container->call(Array)\n#18 D:\\laragon\\www\\doantotnghiep\\vendor\\symfony\\console\\Command\\Command.php(326): Illuminate\\Console\\Command->execute(Object(Symfony\\Component\\Console\\Input\\ArgvInput), Object(Illuminate\\Console\\OutputStyle))\n#19 D:\\laragon\\www\\doantotnghiep\\vendor\\laravel\\framework\\src\\Illuminate\\Console\\Command.php(181): Symfony\\Component\\Console\\Command\\Command->run(Object(Symfony\\Component\\Console\\Input\\ArgvInput), Object(Illuminate\\Console\\OutputStyle))\n#20 D:\\laragon\\www\\doantotnghiep\\vendor\\symfony\\console\\Application.php(1096): Illuminate\\Console\\Command->run(Object(Symfony\\Component\\Console\\Input\\ArgvInput), Object(Symfony\\Component\\Console\\Output\\ConsoleOutput))\n#21 D:\\laragon\\www\\doantotnghiep\\vendor\\symfony\\console\\Application.php(324): Symfony\\Component\\Console\\Application->doRunCommand(Object(Illuminate\\Queue\\Console\\WorkCommand), Object(Symfony\\Component\\Console\\Input\\ArgvInput), Object(Symfony\\Component\\Console\\Output\\ConsoleOutput))\n#22 D:\\laragon\\www\\doantotnghiep\\vendor\\symfony\\console\\Application.php(175): Symfony\\Component\\Console\\Application->doRun(Object(Symfony\\Component\\Console\\Input\\ArgvInput), Object(Symfony\\Component\\Console\\Output\\ConsoleOutput))\n#23 D:\\laragon\\www\\doantotnghiep\\vendor\\laravel\\framework\\src\\Illuminate\\Foundation\\Console\\Kernel.php(201): Symfony\\Component\\Console\\Application->run(Object(Symfony\\Component\\Console\\Input\\ArgvInput), Object(Symfony\\Component\\Console\\Output\\ConsoleOutput))\n#24 D:\\laragon\\www\\doantotnghiep\\artisan(37): Illuminate\\Foundation\\Console\\Kernel->handle(Object(Symfony\\Component\\Console\\Input\\ArgvInput), Object(Symfony\\Component\\Console\\Output\\ConsoleOutput))\n#25 {main}', '2024-11-17 11:50:43'),
(25, '25a218a4-157c-494b-bda6-041e9e4fe9a3', 'database', 'default', '{\"uuid\":\"25a218a4-157c-494b-bda6-041e9e4fe9a3\",\"displayName\":\"App\\\\Listeners\\\\SendNotification\",\"job\":\"Illuminate\\\\Queue\\\\CallQueuedHandler@call\",\"maxTries\":null,\"maxExceptions\":null,\"failOnTimeout\":false,\"backoff\":null,\"timeout\":null,\"retryUntil\":null,\"data\":{\"commandName\":\"Illuminate\\\\Events\\\\CallQueuedListener\",\"command\":\"O:36:\\\"Illuminate\\\\Events\\\\CallQueuedListener\\\":20:{s:5:\\\"class\\\";s:30:\\\"App\\\\Listeners\\\\SendNotification\\\";s:6:\\\"method\\\";s:6:\\\"handle\\\";s:4:\\\"data\\\";a:1:{i:0;O:22:\\\"App\\\\Events\\\\OrderTicket\\\":1:{s:6:\\\"ticket\\\";O:45:\\\"Illuminate\\\\Contracts\\\\Database\\\\ModelIdentifier\\\":5:{s:5:\\\"class\\\";s:24:\\\"App\\\\Models\\\\TicketBooking\\\";s:2:\\\"id\\\";i:97;s:9:\\\"relations\\\";a:4:{i:0;s:5:\\\"route\\\";i:1;s:3:\\\"bus\\\";i:2;s:13:\\\"paymentMethod\\\";i:3;s:13:\\\"ticketDetails\\\";}s:10:\\\"connection\\\";s:5:\\\"mysql\\\";s:15:\\\"collectionClass\\\";N;}}}s:5:\\\"tries\\\";N;s:13:\\\"maxExceptions\\\";N;s:7:\\\"backoff\\\";N;s:10:\\\"retryUntil\\\";N;s:7:\\\"timeout\\\";N;s:13:\\\"failOnTimeout\\\";b:0;s:17:\\\"shouldBeEncrypted\\\";b:0;s:3:\\\"job\\\";N;s:10:\\\"connection\\\";N;s:5:\\\"queue\\\";N;s:15:\\\"chainConnection\\\";N;s:10:\\\"chainQueue\\\";N;s:19:\\\"chainCatchCallbacks\\\";N;s:5:\\\"delay\\\";N;s:11:\\\"afterCommit\\\";N;s:10:\\\"middleware\\\";a:0:{}s:7:\\\"chained\\\";a:0:{}}\"}}', 'Illuminate\\Database\\Eloquent\\ModelNotFoundException: No query results for model [App\\Models\\TicketBooking]. in D:\\laragon\\www\\doantotnghiep\\vendor\\laravel\\framework\\src\\Illuminate\\Database\\Eloquent\\Builder.php:621\nStack trace:\n#0 D:\\laragon\\www\\doantotnghiep\\vendor\\laravel\\framework\\src\\Illuminate\\Queue\\SerializesAndRestoresModelIdentifiers.php(109): Illuminate\\Database\\Eloquent\\Builder->firstOrFail()\n#1 D:\\laragon\\www\\doantotnghiep\\vendor\\laravel\\framework\\src\\Illuminate\\Queue\\SerializesAndRestoresModelIdentifiers.php(62): App\\Events\\OrderTicket->restoreModel(Object(Illuminate\\Contracts\\Database\\ModelIdentifier))\n#2 D:\\laragon\\www\\doantotnghiep\\vendor\\laravel\\framework\\src\\Illuminate\\Queue\\SerializesModels.php(93): App\\Events\\OrderTicket->getRestoredPropertyValue(Object(Illuminate\\Contracts\\Database\\ModelIdentifier))\n#3 [internal function]: App\\Events\\OrderTicket->__unserialize(Array)\n#4 D:\\laragon\\www\\doantotnghiep\\vendor\\laravel\\framework\\src\\Illuminate\\Queue\\CallQueuedHandler.php(97): unserialize(\'O:36:\"Illuminat...\')\n#5 D:\\laragon\\www\\doantotnghiep\\vendor\\laravel\\framework\\src\\Illuminate\\Queue\\CallQueuedHandler.php(60): Illuminate\\Queue\\CallQueuedHandler->getCommand(Array)\n#6 D:\\laragon\\www\\doantotnghiep\\vendor\\laravel\\framework\\src\\Illuminate\\Queue\\Jobs\\Job.php(102): Illuminate\\Queue\\CallQueuedHandler->call(Object(Illuminate\\Queue\\Jobs\\DatabaseJob), Array)\n#7 D:\\laragon\\www\\doantotnghiep\\vendor\\laravel\\framework\\src\\Illuminate\\Queue\\Worker.php(439): Illuminate\\Queue\\Jobs\\Job->fire()\n#8 D:\\laragon\\www\\doantotnghiep\\vendor\\laravel\\framework\\src\\Illuminate\\Queue\\Worker.php(389): Illuminate\\Queue\\Worker->process(\'database\', Object(Illuminate\\Queue\\Jobs\\DatabaseJob), Object(Illuminate\\Queue\\WorkerOptions))\n#9 D:\\laragon\\www\\doantotnghiep\\vendor\\laravel\\framework\\src\\Illuminate\\Queue\\Worker.php(176): Illuminate\\Queue\\Worker->runJob(Object(Illuminate\\Queue\\Jobs\\DatabaseJob), \'database\', Object(Illuminate\\Queue\\WorkerOptions))\n#10 D:\\laragon\\www\\doantotnghiep\\vendor\\laravel\\framework\\src\\Illuminate\\Queue\\Console\\WorkCommand.php(138): Illuminate\\Queue\\Worker->daemon(\'database\', \'default\', Object(Illuminate\\Queue\\WorkerOptions))\n#11 D:\\laragon\\www\\doantotnghiep\\vendor\\laravel\\framework\\src\\Illuminate\\Queue\\Console\\WorkCommand.php(121): Illuminate\\Queue\\Console\\WorkCommand->runWorker(\'database\', \'default\')\n#12 D:\\laragon\\www\\doantotnghiep\\vendor\\laravel\\framework\\src\\Illuminate\\Container\\BoundMethod.php(36): Illuminate\\Queue\\Console\\WorkCommand->handle()\n#13 D:\\laragon\\www\\doantotnghiep\\vendor\\laravel\\framework\\src\\Illuminate\\Container\\Util.php(41): Illuminate\\Container\\BoundMethod::Illuminate\\Container\\{closure}()\n#14 D:\\laragon\\www\\doantotnghiep\\vendor\\laravel\\framework\\src\\Illuminate\\Container\\BoundMethod.php(93): Illuminate\\Container\\Util::unwrapIfClosure(Object(Closure))\n#15 D:\\laragon\\www\\doantotnghiep\\vendor\\laravel\\framework\\src\\Illuminate\\Container\\BoundMethod.php(37): Illuminate\\Container\\BoundMethod::callBoundMethod(Object(Illuminate\\Foundation\\Application), Array, Object(Closure))\n#16 D:\\laragon\\www\\doantotnghiep\\vendor\\laravel\\framework\\src\\Illuminate\\Container\\Container.php(662): Illuminate\\Container\\BoundMethod::call(Object(Illuminate\\Foundation\\Application), Array, Array, NULL)\n#17 D:\\laragon\\www\\doantotnghiep\\vendor\\laravel\\framework\\src\\Illuminate\\Console\\Command.php(211): Illuminate\\Container\\Container->call(Array)\n#18 D:\\laragon\\www\\doantotnghiep\\vendor\\symfony\\console\\Command\\Command.php(326): Illuminate\\Console\\Command->execute(Object(Symfony\\Component\\Console\\Input\\ArgvInput), Object(Illuminate\\Console\\OutputStyle))\n#19 D:\\laragon\\www\\doantotnghiep\\vendor\\laravel\\framework\\src\\Illuminate\\Console\\Command.php(181): Symfony\\Component\\Console\\Command\\Command->run(Object(Symfony\\Component\\Console\\Input\\ArgvInput), Object(Illuminate\\Console\\OutputStyle))\n#20 D:\\laragon\\www\\doantotnghiep\\vendor\\symfony\\console\\Application.php(1096): Illuminate\\Console\\Command->run(Object(Symfony\\Component\\Console\\Input\\ArgvInput), Object(Symfony\\Component\\Console\\Output\\ConsoleOutput))\n#21 D:\\laragon\\www\\doantotnghiep\\vendor\\symfony\\console\\Application.php(324): Symfony\\Component\\Console\\Application->doRunCommand(Object(Illuminate\\Queue\\Console\\WorkCommand), Object(Symfony\\Component\\Console\\Input\\ArgvInput), Object(Symfony\\Component\\Console\\Output\\ConsoleOutput))\n#22 D:\\laragon\\www\\doantotnghiep\\vendor\\symfony\\console\\Application.php(175): Symfony\\Component\\Console\\Application->doRun(Object(Symfony\\Component\\Console\\Input\\ArgvInput), Object(Symfony\\Component\\Console\\Output\\ConsoleOutput))\n#23 D:\\laragon\\www\\doantotnghiep\\vendor\\laravel\\framework\\src\\Illuminate\\Foundation\\Console\\Kernel.php(201): Symfony\\Component\\Console\\Application->run(Object(Symfony\\Component\\Console\\Input\\ArgvInput), Object(Symfony\\Component\\Console\\Output\\ConsoleOutput))\n#24 D:\\laragon\\www\\doantotnghiep\\artisan(37): Illuminate\\Foundation\\Console\\Kernel->handle(Object(Symfony\\Component\\Console\\Input\\ArgvInput), Object(Symfony\\Component\\Console\\Output\\ConsoleOutput))\n#25 {main}', '2024-11-17 11:50:43');
INSERT INTO `failed_jobs` (`id`, `uuid`, `connection`, `queue`, `payload`, `exception`, `failed_at`) VALUES
(26, '33052f77-e0d9-4c19-ae04-ecfc63737d0a', 'database', 'default', '{\"uuid\":\"33052f77-e0d9-4c19-ae04-ecfc63737d0a\",\"displayName\":\"App\\\\Listeners\\\\SendNotification\",\"job\":\"Illuminate\\\\Queue\\\\CallQueuedHandler@call\",\"maxTries\":null,\"maxExceptions\":null,\"failOnTimeout\":false,\"backoff\":null,\"timeout\":null,\"retryUntil\":null,\"data\":{\"commandName\":\"Illuminate\\\\Events\\\\CallQueuedListener\",\"command\":\"O:36:\\\"Illuminate\\\\Events\\\\CallQueuedListener\\\":20:{s:5:\\\"class\\\";s:30:\\\"App\\\\Listeners\\\\SendNotification\\\";s:6:\\\"method\\\";s:6:\\\"handle\\\";s:4:\\\"data\\\";a:1:{i:0;O:22:\\\"App\\\\Events\\\\OrderTicket\\\":1:{s:6:\\\"ticket\\\";O:45:\\\"Illuminate\\\\Contracts\\\\Database\\\\ModelIdentifier\\\":5:{s:5:\\\"class\\\";s:24:\\\"App\\\\Models\\\\TicketBooking\\\";s:2:\\\"id\\\";i:108;s:9:\\\"relations\\\";a:4:{i:0;s:5:\\\"route\\\";i:1;s:3:\\\"bus\\\";i:2;s:13:\\\"paymentMethod\\\";i:3;s:13:\\\"ticketDetails\\\";}s:10:\\\"connection\\\";s:5:\\\"mysql\\\";s:15:\\\"collectionClass\\\";N;}}}s:5:\\\"tries\\\";N;s:13:\\\"maxExceptions\\\";N;s:7:\\\"backoff\\\";N;s:10:\\\"retryUntil\\\";N;s:7:\\\"timeout\\\";N;s:13:\\\"failOnTimeout\\\";b:0;s:17:\\\"shouldBeEncrypted\\\";b:0;s:3:\\\"job\\\";N;s:10:\\\"connection\\\";N;s:5:\\\"queue\\\";N;s:15:\\\"chainConnection\\\";N;s:10:\\\"chainQueue\\\";N;s:19:\\\"chainCatchCallbacks\\\";N;s:5:\\\"delay\\\";N;s:11:\\\"afterCommit\\\";N;s:10:\\\"middleware\\\";a:0:{}s:7:\\\"chained\\\";a:0:{}}\"}}', 'Illuminate\\Database\\Eloquent\\ModelNotFoundException: No query results for model [App\\Models\\TicketBooking]. in D:\\laragon\\www\\doantotnghiep\\vendor\\laravel\\framework\\src\\Illuminate\\Database\\Eloquent\\Builder.php:621\nStack trace:\n#0 D:\\laragon\\www\\doantotnghiep\\vendor\\laravel\\framework\\src\\Illuminate\\Queue\\SerializesAndRestoresModelIdentifiers.php(109): Illuminate\\Database\\Eloquent\\Builder->firstOrFail()\n#1 D:\\laragon\\www\\doantotnghiep\\vendor\\laravel\\framework\\src\\Illuminate\\Queue\\SerializesAndRestoresModelIdentifiers.php(62): App\\Events\\OrderTicket->restoreModel(Object(Illuminate\\Contracts\\Database\\ModelIdentifier))\n#2 D:\\laragon\\www\\doantotnghiep\\vendor\\laravel\\framework\\src\\Illuminate\\Queue\\SerializesModels.php(93): App\\Events\\OrderTicket->getRestoredPropertyValue(Object(Illuminate\\Contracts\\Database\\ModelIdentifier))\n#3 [internal function]: App\\Events\\OrderTicket->__unserialize(Array)\n#4 D:\\laragon\\www\\doantotnghiep\\vendor\\laravel\\framework\\src\\Illuminate\\Queue\\CallQueuedHandler.php(97): unserialize(\'O:36:\"Illuminat...\')\n#5 D:\\laragon\\www\\doantotnghiep\\vendor\\laravel\\framework\\src\\Illuminate\\Queue\\CallQueuedHandler.php(60): Illuminate\\Queue\\CallQueuedHandler->getCommand(Array)\n#6 D:\\laragon\\www\\doantotnghiep\\vendor\\laravel\\framework\\src\\Illuminate\\Queue\\Jobs\\Job.php(102): Illuminate\\Queue\\CallQueuedHandler->call(Object(Illuminate\\Queue\\Jobs\\DatabaseJob), Array)\n#7 D:\\laragon\\www\\doantotnghiep\\vendor\\laravel\\framework\\src\\Illuminate\\Queue\\Worker.php(439): Illuminate\\Queue\\Jobs\\Job->fire()\n#8 D:\\laragon\\www\\doantotnghiep\\vendor\\laravel\\framework\\src\\Illuminate\\Queue\\Worker.php(389): Illuminate\\Queue\\Worker->process(\'database\', Object(Illuminate\\Queue\\Jobs\\DatabaseJob), Object(Illuminate\\Queue\\WorkerOptions))\n#9 D:\\laragon\\www\\doantotnghiep\\vendor\\laravel\\framework\\src\\Illuminate\\Queue\\Worker.php(176): Illuminate\\Queue\\Worker->runJob(Object(Illuminate\\Queue\\Jobs\\DatabaseJob), \'database\', Object(Illuminate\\Queue\\WorkerOptions))\n#10 D:\\laragon\\www\\doantotnghiep\\vendor\\laravel\\framework\\src\\Illuminate\\Queue\\Console\\WorkCommand.php(138): Illuminate\\Queue\\Worker->daemon(\'database\', \'default\', Object(Illuminate\\Queue\\WorkerOptions))\n#11 D:\\laragon\\www\\doantotnghiep\\vendor\\laravel\\framework\\src\\Illuminate\\Queue\\Console\\WorkCommand.php(121): Illuminate\\Queue\\Console\\WorkCommand->runWorker(\'database\', \'default\')\n#12 D:\\laragon\\www\\doantotnghiep\\vendor\\laravel\\framework\\src\\Illuminate\\Container\\BoundMethod.php(36): Illuminate\\Queue\\Console\\WorkCommand->handle()\n#13 D:\\laragon\\www\\doantotnghiep\\vendor\\laravel\\framework\\src\\Illuminate\\Container\\Util.php(41): Illuminate\\Container\\BoundMethod::Illuminate\\Container\\{closure}()\n#14 D:\\laragon\\www\\doantotnghiep\\vendor\\laravel\\framework\\src\\Illuminate\\Container\\BoundMethod.php(93): Illuminate\\Container\\Util::unwrapIfClosure(Object(Closure))\n#15 D:\\laragon\\www\\doantotnghiep\\vendor\\laravel\\framework\\src\\Illuminate\\Container\\BoundMethod.php(37): Illuminate\\Container\\BoundMethod::callBoundMethod(Object(Illuminate\\Foundation\\Application), Array, Object(Closure))\n#16 D:\\laragon\\www\\doantotnghiep\\vendor\\laravel\\framework\\src\\Illuminate\\Container\\Container.php(662): Illuminate\\Container\\BoundMethod::call(Object(Illuminate\\Foundation\\Application), Array, Array, NULL)\n#17 D:\\laragon\\www\\doantotnghiep\\vendor\\laravel\\framework\\src\\Illuminate\\Console\\Command.php(211): Illuminate\\Container\\Container->call(Array)\n#18 D:\\laragon\\www\\doantotnghiep\\vendor\\symfony\\console\\Command\\Command.php(326): Illuminate\\Console\\Command->execute(Object(Symfony\\Component\\Console\\Input\\ArgvInput), Object(Illuminate\\Console\\OutputStyle))\n#19 D:\\laragon\\www\\doantotnghiep\\vendor\\laravel\\framework\\src\\Illuminate\\Console\\Command.php(181): Symfony\\Component\\Console\\Command\\Command->run(Object(Symfony\\Component\\Console\\Input\\ArgvInput), Object(Illuminate\\Console\\OutputStyle))\n#20 D:\\laragon\\www\\doantotnghiep\\vendor\\symfony\\console\\Application.php(1096): Illuminate\\Console\\Command->run(Object(Symfony\\Component\\Console\\Input\\ArgvInput), Object(Symfony\\Component\\Console\\Output\\ConsoleOutput))\n#21 D:\\laragon\\www\\doantotnghiep\\vendor\\symfony\\console\\Application.php(324): Symfony\\Component\\Console\\Application->doRunCommand(Object(Illuminate\\Queue\\Console\\WorkCommand), Object(Symfony\\Component\\Console\\Input\\ArgvInput), Object(Symfony\\Component\\Console\\Output\\ConsoleOutput))\n#22 D:\\laragon\\www\\doantotnghiep\\vendor\\symfony\\console\\Application.php(175): Symfony\\Component\\Console\\Application->doRun(Object(Symfony\\Component\\Console\\Input\\ArgvInput), Object(Symfony\\Component\\Console\\Output\\ConsoleOutput))\n#23 D:\\laragon\\www\\doantotnghiep\\vendor\\laravel\\framework\\src\\Illuminate\\Foundation\\Console\\Kernel.php(201): Symfony\\Component\\Console\\Application->run(Object(Symfony\\Component\\Console\\Input\\ArgvInput), Object(Symfony\\Component\\Console\\Output\\ConsoleOutput))\n#24 D:\\laragon\\www\\doantotnghiep\\artisan(37): Illuminate\\Foundation\\Console\\Kernel->handle(Object(Symfony\\Component\\Console\\Input\\ArgvInput), Object(Symfony\\Component\\Console\\Output\\ConsoleOutput))\n#25 {main}', '2024-11-17 11:50:43'),
(27, 'a7772b03-d819-4a78-9619-fd11964d109b', 'database', 'default', '{\"uuid\":\"a7772b03-d819-4a78-9619-fd11964d109b\",\"displayName\":\"App\\\\Listeners\\\\SendNotification\",\"job\":\"Illuminate\\\\Queue\\\\CallQueuedHandler@call\",\"maxTries\":null,\"maxExceptions\":null,\"failOnTimeout\":false,\"backoff\":null,\"timeout\":null,\"retryUntil\":null,\"data\":{\"commandName\":\"Illuminate\\\\Events\\\\CallQueuedListener\",\"command\":\"O:36:\\\"Illuminate\\\\Events\\\\CallQueuedListener\\\":20:{s:5:\\\"class\\\";s:30:\\\"App\\\\Listeners\\\\SendNotification\\\";s:6:\\\"method\\\";s:6:\\\"handle\\\";s:4:\\\"data\\\";a:1:{i:0;O:22:\\\"App\\\\Events\\\\OrderTicket\\\":1:{s:6:\\\"ticket\\\";O:45:\\\"Illuminate\\\\Contracts\\\\Database\\\\ModelIdentifier\\\":5:{s:5:\\\"class\\\";s:24:\\\"App\\\\Models\\\\TicketBooking\\\";s:2:\\\"id\\\";i:109;s:9:\\\"relations\\\";a:4:{i:0;s:5:\\\"route\\\";i:1;s:3:\\\"bus\\\";i:2;s:13:\\\"paymentMethod\\\";i:3;s:13:\\\"ticketDetails\\\";}s:10:\\\"connection\\\";s:5:\\\"mysql\\\";s:15:\\\"collectionClass\\\";N;}}}s:5:\\\"tries\\\";N;s:13:\\\"maxExceptions\\\";N;s:7:\\\"backoff\\\";N;s:10:\\\"retryUntil\\\";N;s:7:\\\"timeout\\\";N;s:13:\\\"failOnTimeout\\\";b:0;s:17:\\\"shouldBeEncrypted\\\";b:0;s:3:\\\"job\\\";N;s:10:\\\"connection\\\";N;s:5:\\\"queue\\\";N;s:15:\\\"chainConnection\\\";N;s:10:\\\"chainQueue\\\";N;s:19:\\\"chainCatchCallbacks\\\";N;s:5:\\\"delay\\\";N;s:11:\\\"afterCommit\\\";N;s:10:\\\"middleware\\\";a:0:{}s:7:\\\"chained\\\";a:0:{}}\"}}', 'Illuminate\\Database\\Eloquent\\ModelNotFoundException: No query results for model [App\\Models\\TicketBooking]. in D:\\laragon\\www\\doantotnghiep\\vendor\\laravel\\framework\\src\\Illuminate\\Database\\Eloquent\\Builder.php:621\nStack trace:\n#0 D:\\laragon\\www\\doantotnghiep\\vendor\\laravel\\framework\\src\\Illuminate\\Queue\\SerializesAndRestoresModelIdentifiers.php(109): Illuminate\\Database\\Eloquent\\Builder->firstOrFail()\n#1 D:\\laragon\\www\\doantotnghiep\\vendor\\laravel\\framework\\src\\Illuminate\\Queue\\SerializesAndRestoresModelIdentifiers.php(62): App\\Events\\OrderTicket->restoreModel(Object(Illuminate\\Contracts\\Database\\ModelIdentifier))\n#2 D:\\laragon\\www\\doantotnghiep\\vendor\\laravel\\framework\\src\\Illuminate\\Queue\\SerializesModels.php(93): App\\Events\\OrderTicket->getRestoredPropertyValue(Object(Illuminate\\Contracts\\Database\\ModelIdentifier))\n#3 [internal function]: App\\Events\\OrderTicket->__unserialize(Array)\n#4 D:\\laragon\\www\\doantotnghiep\\vendor\\laravel\\framework\\src\\Illuminate\\Queue\\CallQueuedHandler.php(97): unserialize(\'O:36:\"Illuminat...\')\n#5 D:\\laragon\\www\\doantotnghiep\\vendor\\laravel\\framework\\src\\Illuminate\\Queue\\CallQueuedHandler.php(60): Illuminate\\Queue\\CallQueuedHandler->getCommand(Array)\n#6 D:\\laragon\\www\\doantotnghiep\\vendor\\laravel\\framework\\src\\Illuminate\\Queue\\Jobs\\Job.php(102): Illuminate\\Queue\\CallQueuedHandler->call(Object(Illuminate\\Queue\\Jobs\\DatabaseJob), Array)\n#7 D:\\laragon\\www\\doantotnghiep\\vendor\\laravel\\framework\\src\\Illuminate\\Queue\\Worker.php(439): Illuminate\\Queue\\Jobs\\Job->fire()\n#8 D:\\laragon\\www\\doantotnghiep\\vendor\\laravel\\framework\\src\\Illuminate\\Queue\\Worker.php(389): Illuminate\\Queue\\Worker->process(\'database\', Object(Illuminate\\Queue\\Jobs\\DatabaseJob), Object(Illuminate\\Queue\\WorkerOptions))\n#9 D:\\laragon\\www\\doantotnghiep\\vendor\\laravel\\framework\\src\\Illuminate\\Queue\\Worker.php(176): Illuminate\\Queue\\Worker->runJob(Object(Illuminate\\Queue\\Jobs\\DatabaseJob), \'database\', Object(Illuminate\\Queue\\WorkerOptions))\n#10 D:\\laragon\\www\\doantotnghiep\\vendor\\laravel\\framework\\src\\Illuminate\\Queue\\Console\\WorkCommand.php(138): Illuminate\\Queue\\Worker->daemon(\'database\', \'default\', Object(Illuminate\\Queue\\WorkerOptions))\n#11 D:\\laragon\\www\\doantotnghiep\\vendor\\laravel\\framework\\src\\Illuminate\\Queue\\Console\\WorkCommand.php(121): Illuminate\\Queue\\Console\\WorkCommand->runWorker(\'database\', \'default\')\n#12 D:\\laragon\\www\\doantotnghiep\\vendor\\laravel\\framework\\src\\Illuminate\\Container\\BoundMethod.php(36): Illuminate\\Queue\\Console\\WorkCommand->handle()\n#13 D:\\laragon\\www\\doantotnghiep\\vendor\\laravel\\framework\\src\\Illuminate\\Container\\Util.php(41): Illuminate\\Container\\BoundMethod::Illuminate\\Container\\{closure}()\n#14 D:\\laragon\\www\\doantotnghiep\\vendor\\laravel\\framework\\src\\Illuminate\\Container\\BoundMethod.php(93): Illuminate\\Container\\Util::unwrapIfClosure(Object(Closure))\n#15 D:\\laragon\\www\\doantotnghiep\\vendor\\laravel\\framework\\src\\Illuminate\\Container\\BoundMethod.php(37): Illuminate\\Container\\BoundMethod::callBoundMethod(Object(Illuminate\\Foundation\\Application), Array, Object(Closure))\n#16 D:\\laragon\\www\\doantotnghiep\\vendor\\laravel\\framework\\src\\Illuminate\\Container\\Container.php(662): Illuminate\\Container\\BoundMethod::call(Object(Illuminate\\Foundation\\Application), Array, Array, NULL)\n#17 D:\\laragon\\www\\doantotnghiep\\vendor\\laravel\\framework\\src\\Illuminate\\Console\\Command.php(211): Illuminate\\Container\\Container->call(Array)\n#18 D:\\laragon\\www\\doantotnghiep\\vendor\\symfony\\console\\Command\\Command.php(326): Illuminate\\Console\\Command->execute(Object(Symfony\\Component\\Console\\Input\\ArgvInput), Object(Illuminate\\Console\\OutputStyle))\n#19 D:\\laragon\\www\\doantotnghiep\\vendor\\laravel\\framework\\src\\Illuminate\\Console\\Command.php(181): Symfony\\Component\\Console\\Command\\Command->run(Object(Symfony\\Component\\Console\\Input\\ArgvInput), Object(Illuminate\\Console\\OutputStyle))\n#20 D:\\laragon\\www\\doantotnghiep\\vendor\\symfony\\console\\Application.php(1096): Illuminate\\Console\\Command->run(Object(Symfony\\Component\\Console\\Input\\ArgvInput), Object(Symfony\\Component\\Console\\Output\\ConsoleOutput))\n#21 D:\\laragon\\www\\doantotnghiep\\vendor\\symfony\\console\\Application.php(324): Symfony\\Component\\Console\\Application->doRunCommand(Object(Illuminate\\Queue\\Console\\WorkCommand), Object(Symfony\\Component\\Console\\Input\\ArgvInput), Object(Symfony\\Component\\Console\\Output\\ConsoleOutput))\n#22 D:\\laragon\\www\\doantotnghiep\\vendor\\symfony\\console\\Application.php(175): Symfony\\Component\\Console\\Application->doRun(Object(Symfony\\Component\\Console\\Input\\ArgvInput), Object(Symfony\\Component\\Console\\Output\\ConsoleOutput))\n#23 D:\\laragon\\www\\doantotnghiep\\vendor\\laravel\\framework\\src\\Illuminate\\Foundation\\Console\\Kernel.php(201): Symfony\\Component\\Console\\Application->run(Object(Symfony\\Component\\Console\\Input\\ArgvInput), Object(Symfony\\Component\\Console\\Output\\ConsoleOutput))\n#24 D:\\laragon\\www\\doantotnghiep\\artisan(37): Illuminate\\Foundation\\Console\\Kernel->handle(Object(Symfony\\Component\\Console\\Input\\ArgvInput), Object(Symfony\\Component\\Console\\Output\\ConsoleOutput))\n#25 {main}', '2024-11-17 11:50:43'),
(28, 'd39b0500-5c48-4645-b04b-c469c3f86690', 'database', 'default', '{\"uuid\":\"d39b0500-5c48-4645-b04b-c469c3f86690\",\"displayName\":\"App\\\\Listeners\\\\SendNotification\",\"job\":\"Illuminate\\\\Queue\\\\CallQueuedHandler@call\",\"maxTries\":null,\"maxExceptions\":null,\"failOnTimeout\":false,\"backoff\":null,\"timeout\":null,\"retryUntil\":null,\"data\":{\"commandName\":\"Illuminate\\\\Events\\\\CallQueuedListener\",\"command\":\"O:36:\\\"Illuminate\\\\Events\\\\CallQueuedListener\\\":20:{s:5:\\\"class\\\";s:30:\\\"App\\\\Listeners\\\\SendNotification\\\";s:6:\\\"method\\\";s:6:\\\"handle\\\";s:4:\\\"data\\\";a:1:{i:0;O:22:\\\"App\\\\Events\\\\OrderTicket\\\":1:{s:6:\\\"ticket\\\";O:45:\\\"Illuminate\\\\Contracts\\\\Database\\\\ModelIdentifier\\\":5:{s:5:\\\"class\\\";s:24:\\\"App\\\\Models\\\\TicketBooking\\\";s:2:\\\"id\\\";i:114;s:9:\\\"relations\\\";a:4:{i:0;s:5:\\\"route\\\";i:1;s:3:\\\"bus\\\";i:2;s:13:\\\"paymentMethod\\\";i:3;s:13:\\\"ticketDetails\\\";}s:10:\\\"connection\\\";s:5:\\\"mysql\\\";s:15:\\\"collectionClass\\\";N;}}}s:5:\\\"tries\\\";N;s:13:\\\"maxExceptions\\\";N;s:7:\\\"backoff\\\";N;s:10:\\\"retryUntil\\\";N;s:7:\\\"timeout\\\";N;s:13:\\\"failOnTimeout\\\";b:0;s:17:\\\"shouldBeEncrypted\\\";b:0;s:3:\\\"job\\\";N;s:10:\\\"connection\\\";N;s:5:\\\"queue\\\";N;s:15:\\\"chainConnection\\\";N;s:10:\\\"chainQueue\\\";N;s:19:\\\"chainCatchCallbacks\\\";N;s:5:\\\"delay\\\";N;s:11:\\\"afterCommit\\\";N;s:10:\\\"middleware\\\";a:0:{}s:7:\\\"chained\\\";a:0:{}}\"}}', 'Illuminate\\Database\\Eloquent\\ModelNotFoundException: No query results for model [App\\Models\\TicketBooking]. in D:\\laragon\\www\\doantotnghiep\\vendor\\laravel\\framework\\src\\Illuminate\\Database\\Eloquent\\Builder.php:621\nStack trace:\n#0 D:\\laragon\\www\\doantotnghiep\\vendor\\laravel\\framework\\src\\Illuminate\\Queue\\SerializesAndRestoresModelIdentifiers.php(109): Illuminate\\Database\\Eloquent\\Builder->firstOrFail()\n#1 D:\\laragon\\www\\doantotnghiep\\vendor\\laravel\\framework\\src\\Illuminate\\Queue\\SerializesAndRestoresModelIdentifiers.php(62): App\\Events\\OrderTicket->restoreModel(Object(Illuminate\\Contracts\\Database\\ModelIdentifier))\n#2 D:\\laragon\\www\\doantotnghiep\\vendor\\laravel\\framework\\src\\Illuminate\\Queue\\SerializesModels.php(93): App\\Events\\OrderTicket->getRestoredPropertyValue(Object(Illuminate\\Contracts\\Database\\ModelIdentifier))\n#3 [internal function]: App\\Events\\OrderTicket->__unserialize(Array)\n#4 D:\\laragon\\www\\doantotnghiep\\vendor\\laravel\\framework\\src\\Illuminate\\Queue\\CallQueuedHandler.php(97): unserialize(\'O:36:\"Illuminat...\')\n#5 D:\\laragon\\www\\doantotnghiep\\vendor\\laravel\\framework\\src\\Illuminate\\Queue\\CallQueuedHandler.php(60): Illuminate\\Queue\\CallQueuedHandler->getCommand(Array)\n#6 D:\\laragon\\www\\doantotnghiep\\vendor\\laravel\\framework\\src\\Illuminate\\Queue\\Jobs\\Job.php(102): Illuminate\\Queue\\CallQueuedHandler->call(Object(Illuminate\\Queue\\Jobs\\DatabaseJob), Array)\n#7 D:\\laragon\\www\\doantotnghiep\\vendor\\laravel\\framework\\src\\Illuminate\\Queue\\Worker.php(439): Illuminate\\Queue\\Jobs\\Job->fire()\n#8 D:\\laragon\\www\\doantotnghiep\\vendor\\laravel\\framework\\src\\Illuminate\\Queue\\Worker.php(389): Illuminate\\Queue\\Worker->process(\'database\', Object(Illuminate\\Queue\\Jobs\\DatabaseJob), Object(Illuminate\\Queue\\WorkerOptions))\n#9 D:\\laragon\\www\\doantotnghiep\\vendor\\laravel\\framework\\src\\Illuminate\\Queue\\Worker.php(176): Illuminate\\Queue\\Worker->runJob(Object(Illuminate\\Queue\\Jobs\\DatabaseJob), \'database\', Object(Illuminate\\Queue\\WorkerOptions))\n#10 D:\\laragon\\www\\doantotnghiep\\vendor\\laravel\\framework\\src\\Illuminate\\Queue\\Console\\WorkCommand.php(138): Illuminate\\Queue\\Worker->daemon(\'database\', \'default\', Object(Illuminate\\Queue\\WorkerOptions))\n#11 D:\\laragon\\www\\doantotnghiep\\vendor\\laravel\\framework\\src\\Illuminate\\Queue\\Console\\WorkCommand.php(121): Illuminate\\Queue\\Console\\WorkCommand->runWorker(\'database\', \'default\')\n#12 D:\\laragon\\www\\doantotnghiep\\vendor\\laravel\\framework\\src\\Illuminate\\Container\\BoundMethod.php(36): Illuminate\\Queue\\Console\\WorkCommand->handle()\n#13 D:\\laragon\\www\\doantotnghiep\\vendor\\laravel\\framework\\src\\Illuminate\\Container\\Util.php(41): Illuminate\\Container\\BoundMethod::Illuminate\\Container\\{closure}()\n#14 D:\\laragon\\www\\doantotnghiep\\vendor\\laravel\\framework\\src\\Illuminate\\Container\\BoundMethod.php(93): Illuminate\\Container\\Util::unwrapIfClosure(Object(Closure))\n#15 D:\\laragon\\www\\doantotnghiep\\vendor\\laravel\\framework\\src\\Illuminate\\Container\\BoundMethod.php(37): Illuminate\\Container\\BoundMethod::callBoundMethod(Object(Illuminate\\Foundation\\Application), Array, Object(Closure))\n#16 D:\\laragon\\www\\doantotnghiep\\vendor\\laravel\\framework\\src\\Illuminate\\Container\\Container.php(662): Illuminate\\Container\\BoundMethod::call(Object(Illuminate\\Foundation\\Application), Array, Array, NULL)\n#17 D:\\laragon\\www\\doantotnghiep\\vendor\\laravel\\framework\\src\\Illuminate\\Console\\Command.php(211): Illuminate\\Container\\Container->call(Array)\n#18 D:\\laragon\\www\\doantotnghiep\\vendor\\symfony\\console\\Command\\Command.php(326): Illuminate\\Console\\Command->execute(Object(Symfony\\Component\\Console\\Input\\ArgvInput), Object(Illuminate\\Console\\OutputStyle))\n#19 D:\\laragon\\www\\doantotnghiep\\vendor\\laravel\\framework\\src\\Illuminate\\Console\\Command.php(181): Symfony\\Component\\Console\\Command\\Command->run(Object(Symfony\\Component\\Console\\Input\\ArgvInput), Object(Illuminate\\Console\\OutputStyle))\n#20 D:\\laragon\\www\\doantotnghiep\\vendor\\symfony\\console\\Application.php(1096): Illuminate\\Console\\Command->run(Object(Symfony\\Component\\Console\\Input\\ArgvInput), Object(Symfony\\Component\\Console\\Output\\ConsoleOutput))\n#21 D:\\laragon\\www\\doantotnghiep\\vendor\\symfony\\console\\Application.php(324): Symfony\\Component\\Console\\Application->doRunCommand(Object(Illuminate\\Queue\\Console\\WorkCommand), Object(Symfony\\Component\\Console\\Input\\ArgvInput), Object(Symfony\\Component\\Console\\Output\\ConsoleOutput))\n#22 D:\\laragon\\www\\doantotnghiep\\vendor\\symfony\\console\\Application.php(175): Symfony\\Component\\Console\\Application->doRun(Object(Symfony\\Component\\Console\\Input\\ArgvInput), Object(Symfony\\Component\\Console\\Output\\ConsoleOutput))\n#23 D:\\laragon\\www\\doantotnghiep\\vendor\\laravel\\framework\\src\\Illuminate\\Foundation\\Console\\Kernel.php(201): Symfony\\Component\\Console\\Application->run(Object(Symfony\\Component\\Console\\Input\\ArgvInput), Object(Symfony\\Component\\Console\\Output\\ConsoleOutput))\n#24 D:\\laragon\\www\\doantotnghiep\\artisan(37): Illuminate\\Foundation\\Console\\Kernel->handle(Object(Symfony\\Component\\Console\\Input\\ArgvInput), Object(Symfony\\Component\\Console\\Output\\ConsoleOutput))\n#25 {main}', '2024-11-17 11:50:43'),
(29, '70a591d2-5785-4bc4-886d-e19e67193a9f', 'database', 'default', '{\"uuid\":\"70a591d2-5785-4bc4-886d-e19e67193a9f\",\"displayName\":\"App\\\\Listeners\\\\SendNotification\",\"job\":\"Illuminate\\\\Queue\\\\CallQueuedHandler@call\",\"maxTries\":null,\"maxExceptions\":null,\"failOnTimeout\":false,\"backoff\":null,\"timeout\":null,\"retryUntil\":null,\"data\":{\"commandName\":\"Illuminate\\\\Events\\\\CallQueuedListener\",\"command\":\"O:36:\\\"Illuminate\\\\Events\\\\CallQueuedListener\\\":20:{s:5:\\\"class\\\";s:30:\\\"App\\\\Listeners\\\\SendNotification\\\";s:6:\\\"method\\\";s:6:\\\"handle\\\";s:4:\\\"data\\\";a:1:{i:0;O:22:\\\"App\\\\Events\\\\OrderTicket\\\":1:{s:6:\\\"ticket\\\";O:45:\\\"Illuminate\\\\Contracts\\\\Database\\\\ModelIdentifier\\\":5:{s:5:\\\"class\\\";s:24:\\\"App\\\\Models\\\\TicketBooking\\\";s:2:\\\"id\\\";i:115;s:9:\\\"relations\\\";a:4:{i:0;s:5:\\\"route\\\";i:1;s:3:\\\"bus\\\";i:2;s:13:\\\"paymentMethod\\\";i:3;s:13:\\\"ticketDetails\\\";}s:10:\\\"connection\\\";s:5:\\\"mysql\\\";s:15:\\\"collectionClass\\\";N;}}}s:5:\\\"tries\\\";N;s:13:\\\"maxExceptions\\\";N;s:7:\\\"backoff\\\";N;s:10:\\\"retryUntil\\\";N;s:7:\\\"timeout\\\";N;s:13:\\\"failOnTimeout\\\";b:0;s:17:\\\"shouldBeEncrypted\\\";b:0;s:3:\\\"job\\\";N;s:10:\\\"connection\\\";N;s:5:\\\"queue\\\";N;s:15:\\\"chainConnection\\\";N;s:10:\\\"chainQueue\\\";N;s:19:\\\"chainCatchCallbacks\\\";N;s:5:\\\"delay\\\";N;s:11:\\\"afterCommit\\\";N;s:10:\\\"middleware\\\";a:0:{}s:7:\\\"chained\\\";a:0:{}}\"}}', 'Illuminate\\Database\\Eloquent\\ModelNotFoundException: No query results for model [App\\Models\\TicketBooking]. in D:\\laragon\\www\\doantotnghiep\\vendor\\laravel\\framework\\src\\Illuminate\\Database\\Eloquent\\Builder.php:621\nStack trace:\n#0 D:\\laragon\\www\\doantotnghiep\\vendor\\laravel\\framework\\src\\Illuminate\\Queue\\SerializesAndRestoresModelIdentifiers.php(109): Illuminate\\Database\\Eloquent\\Builder->firstOrFail()\n#1 D:\\laragon\\www\\doantotnghiep\\vendor\\laravel\\framework\\src\\Illuminate\\Queue\\SerializesAndRestoresModelIdentifiers.php(62): App\\Events\\OrderTicket->restoreModel(Object(Illuminate\\Contracts\\Database\\ModelIdentifier))\n#2 D:\\laragon\\www\\doantotnghiep\\vendor\\laravel\\framework\\src\\Illuminate\\Queue\\SerializesModels.php(93): App\\Events\\OrderTicket->getRestoredPropertyValue(Object(Illuminate\\Contracts\\Database\\ModelIdentifier))\n#3 [internal function]: App\\Events\\OrderTicket->__unserialize(Array)\n#4 D:\\laragon\\www\\doantotnghiep\\vendor\\laravel\\framework\\src\\Illuminate\\Queue\\CallQueuedHandler.php(97): unserialize(\'O:36:\"Illuminat...\')\n#5 D:\\laragon\\www\\doantotnghiep\\vendor\\laravel\\framework\\src\\Illuminate\\Queue\\CallQueuedHandler.php(60): Illuminate\\Queue\\CallQueuedHandler->getCommand(Array)\n#6 D:\\laragon\\www\\doantotnghiep\\vendor\\laravel\\framework\\src\\Illuminate\\Queue\\Jobs\\Job.php(102): Illuminate\\Queue\\CallQueuedHandler->call(Object(Illuminate\\Queue\\Jobs\\DatabaseJob), Array)\n#7 D:\\laragon\\www\\doantotnghiep\\vendor\\laravel\\framework\\src\\Illuminate\\Queue\\Worker.php(439): Illuminate\\Queue\\Jobs\\Job->fire()\n#8 D:\\laragon\\www\\doantotnghiep\\vendor\\laravel\\framework\\src\\Illuminate\\Queue\\Worker.php(389): Illuminate\\Queue\\Worker->process(\'database\', Object(Illuminate\\Queue\\Jobs\\DatabaseJob), Object(Illuminate\\Queue\\WorkerOptions))\n#9 D:\\laragon\\www\\doantotnghiep\\vendor\\laravel\\framework\\src\\Illuminate\\Queue\\Worker.php(176): Illuminate\\Queue\\Worker->runJob(Object(Illuminate\\Queue\\Jobs\\DatabaseJob), \'database\', Object(Illuminate\\Queue\\WorkerOptions))\n#10 D:\\laragon\\www\\doantotnghiep\\vendor\\laravel\\framework\\src\\Illuminate\\Queue\\Console\\WorkCommand.php(138): Illuminate\\Queue\\Worker->daemon(\'database\', \'default\', Object(Illuminate\\Queue\\WorkerOptions))\n#11 D:\\laragon\\www\\doantotnghiep\\vendor\\laravel\\framework\\src\\Illuminate\\Queue\\Console\\WorkCommand.php(121): Illuminate\\Queue\\Console\\WorkCommand->runWorker(\'database\', \'default\')\n#12 D:\\laragon\\www\\doantotnghiep\\vendor\\laravel\\framework\\src\\Illuminate\\Container\\BoundMethod.php(36): Illuminate\\Queue\\Console\\WorkCommand->handle()\n#13 D:\\laragon\\www\\doantotnghiep\\vendor\\laravel\\framework\\src\\Illuminate\\Container\\Util.php(41): Illuminate\\Container\\BoundMethod::Illuminate\\Container\\{closure}()\n#14 D:\\laragon\\www\\doantotnghiep\\vendor\\laravel\\framework\\src\\Illuminate\\Container\\BoundMethod.php(93): Illuminate\\Container\\Util::unwrapIfClosure(Object(Closure))\n#15 D:\\laragon\\www\\doantotnghiep\\vendor\\laravel\\framework\\src\\Illuminate\\Container\\BoundMethod.php(37): Illuminate\\Container\\BoundMethod::callBoundMethod(Object(Illuminate\\Foundation\\Application), Array, Object(Closure))\n#16 D:\\laragon\\www\\doantotnghiep\\vendor\\laravel\\framework\\src\\Illuminate\\Container\\Container.php(662): Illuminate\\Container\\BoundMethod::call(Object(Illuminate\\Foundation\\Application), Array, Array, NULL)\n#17 D:\\laragon\\www\\doantotnghiep\\vendor\\laravel\\framework\\src\\Illuminate\\Console\\Command.php(211): Illuminate\\Container\\Container->call(Array)\n#18 D:\\laragon\\www\\doantotnghiep\\vendor\\symfony\\console\\Command\\Command.php(326): Illuminate\\Console\\Command->execute(Object(Symfony\\Component\\Console\\Input\\ArgvInput), Object(Illuminate\\Console\\OutputStyle))\n#19 D:\\laragon\\www\\doantotnghiep\\vendor\\laravel\\framework\\src\\Illuminate\\Console\\Command.php(181): Symfony\\Component\\Console\\Command\\Command->run(Object(Symfony\\Component\\Console\\Input\\ArgvInput), Object(Illuminate\\Console\\OutputStyle))\n#20 D:\\laragon\\www\\doantotnghiep\\vendor\\symfony\\console\\Application.php(1096): Illuminate\\Console\\Command->run(Object(Symfony\\Component\\Console\\Input\\ArgvInput), Object(Symfony\\Component\\Console\\Output\\ConsoleOutput))\n#21 D:\\laragon\\www\\doantotnghiep\\vendor\\symfony\\console\\Application.php(324): Symfony\\Component\\Console\\Application->doRunCommand(Object(Illuminate\\Queue\\Console\\WorkCommand), Object(Symfony\\Component\\Console\\Input\\ArgvInput), Object(Symfony\\Component\\Console\\Output\\ConsoleOutput))\n#22 D:\\laragon\\www\\doantotnghiep\\vendor\\symfony\\console\\Application.php(175): Symfony\\Component\\Console\\Application->doRun(Object(Symfony\\Component\\Console\\Input\\ArgvInput), Object(Symfony\\Component\\Console\\Output\\ConsoleOutput))\n#23 D:\\laragon\\www\\doantotnghiep\\vendor\\laravel\\framework\\src\\Illuminate\\Foundation\\Console\\Kernel.php(201): Symfony\\Component\\Console\\Application->run(Object(Symfony\\Component\\Console\\Input\\ArgvInput), Object(Symfony\\Component\\Console\\Output\\ConsoleOutput))\n#24 D:\\laragon\\www\\doantotnghiep\\artisan(37): Illuminate\\Foundation\\Console\\Kernel->handle(Object(Symfony\\Component\\Console\\Input\\ArgvInput), Object(Symfony\\Component\\Console\\Output\\ConsoleOutput))\n#25 {main}', '2024-11-17 11:50:43'),
(30, 'f0b90c71-4921-4731-9808-39fd5aeba977', 'database', 'default', '{\"uuid\":\"f0b90c71-4921-4731-9808-39fd5aeba977\",\"displayName\":\"App\\\\Listeners\\\\SendNotification\",\"job\":\"Illuminate\\\\Queue\\\\CallQueuedHandler@call\",\"maxTries\":null,\"maxExceptions\":null,\"failOnTimeout\":false,\"backoff\":null,\"timeout\":null,\"retryUntil\":null,\"data\":{\"commandName\":\"Illuminate\\\\Events\\\\CallQueuedListener\",\"command\":\"O:36:\\\"Illuminate\\\\Events\\\\CallQueuedListener\\\":20:{s:5:\\\"class\\\";s:30:\\\"App\\\\Listeners\\\\SendNotification\\\";s:6:\\\"method\\\";s:6:\\\"handle\\\";s:4:\\\"data\\\";a:1:{i:0;O:22:\\\"App\\\\Events\\\\OrderTicket\\\":1:{s:6:\\\"ticket\\\";O:45:\\\"Illuminate\\\\Contracts\\\\Database\\\\ModelIdentifier\\\":5:{s:5:\\\"class\\\";s:24:\\\"App\\\\Models\\\\TicketBooking\\\";s:2:\\\"id\\\";i:116;s:9:\\\"relations\\\";a:4:{i:0;s:5:\\\"route\\\";i:1;s:3:\\\"bus\\\";i:2;s:13:\\\"paymentMethod\\\";i:3;s:13:\\\"ticketDetails\\\";}s:10:\\\"connection\\\";s:5:\\\"mysql\\\";s:15:\\\"collectionClass\\\";N;}}}s:5:\\\"tries\\\";N;s:13:\\\"maxExceptions\\\";N;s:7:\\\"backoff\\\";N;s:10:\\\"retryUntil\\\";N;s:7:\\\"timeout\\\";N;s:13:\\\"failOnTimeout\\\";b:0;s:17:\\\"shouldBeEncrypted\\\";b:0;s:3:\\\"job\\\";N;s:10:\\\"connection\\\";N;s:5:\\\"queue\\\";N;s:15:\\\"chainConnection\\\";N;s:10:\\\"chainQueue\\\";N;s:19:\\\"chainCatchCallbacks\\\";N;s:5:\\\"delay\\\";N;s:11:\\\"afterCommit\\\";N;s:10:\\\"middleware\\\";a:0:{}s:7:\\\"chained\\\";a:0:{}}\"}}', 'Illuminate\\Database\\Eloquent\\ModelNotFoundException: No query results for model [App\\Models\\TicketBooking]. in D:\\laragon\\www\\doantotnghiep\\vendor\\laravel\\framework\\src\\Illuminate\\Database\\Eloquent\\Builder.php:621\nStack trace:\n#0 D:\\laragon\\www\\doantotnghiep\\vendor\\laravel\\framework\\src\\Illuminate\\Queue\\SerializesAndRestoresModelIdentifiers.php(109): Illuminate\\Database\\Eloquent\\Builder->firstOrFail()\n#1 D:\\laragon\\www\\doantotnghiep\\vendor\\laravel\\framework\\src\\Illuminate\\Queue\\SerializesAndRestoresModelIdentifiers.php(62): App\\Events\\OrderTicket->restoreModel(Object(Illuminate\\Contracts\\Database\\ModelIdentifier))\n#2 D:\\laragon\\www\\doantotnghiep\\vendor\\laravel\\framework\\src\\Illuminate\\Queue\\SerializesModels.php(93): App\\Events\\OrderTicket->getRestoredPropertyValue(Object(Illuminate\\Contracts\\Database\\ModelIdentifier))\n#3 [internal function]: App\\Events\\OrderTicket->__unserialize(Array)\n#4 D:\\laragon\\www\\doantotnghiep\\vendor\\laravel\\framework\\src\\Illuminate\\Queue\\CallQueuedHandler.php(97): unserialize(\'O:36:\"Illuminat...\')\n#5 D:\\laragon\\www\\doantotnghiep\\vendor\\laravel\\framework\\src\\Illuminate\\Queue\\CallQueuedHandler.php(60): Illuminate\\Queue\\CallQueuedHandler->getCommand(Array)\n#6 D:\\laragon\\www\\doantotnghiep\\vendor\\laravel\\framework\\src\\Illuminate\\Queue\\Jobs\\Job.php(102): Illuminate\\Queue\\CallQueuedHandler->call(Object(Illuminate\\Queue\\Jobs\\DatabaseJob), Array)\n#7 D:\\laragon\\www\\doantotnghiep\\vendor\\laravel\\framework\\src\\Illuminate\\Queue\\Worker.php(439): Illuminate\\Queue\\Jobs\\Job->fire()\n#8 D:\\laragon\\www\\doantotnghiep\\vendor\\laravel\\framework\\src\\Illuminate\\Queue\\Worker.php(389): Illuminate\\Queue\\Worker->process(\'database\', Object(Illuminate\\Queue\\Jobs\\DatabaseJob), Object(Illuminate\\Queue\\WorkerOptions))\n#9 D:\\laragon\\www\\doantotnghiep\\vendor\\laravel\\framework\\src\\Illuminate\\Queue\\Worker.php(176): Illuminate\\Queue\\Worker->runJob(Object(Illuminate\\Queue\\Jobs\\DatabaseJob), \'database\', Object(Illuminate\\Queue\\WorkerOptions))\n#10 D:\\laragon\\www\\doantotnghiep\\vendor\\laravel\\framework\\src\\Illuminate\\Queue\\Console\\WorkCommand.php(138): Illuminate\\Queue\\Worker->daemon(\'database\', \'default\', Object(Illuminate\\Queue\\WorkerOptions))\n#11 D:\\laragon\\www\\doantotnghiep\\vendor\\laravel\\framework\\src\\Illuminate\\Queue\\Console\\WorkCommand.php(121): Illuminate\\Queue\\Console\\WorkCommand->runWorker(\'database\', \'default\')\n#12 D:\\laragon\\www\\doantotnghiep\\vendor\\laravel\\framework\\src\\Illuminate\\Container\\BoundMethod.php(36): Illuminate\\Queue\\Console\\WorkCommand->handle()\n#13 D:\\laragon\\www\\doantotnghiep\\vendor\\laravel\\framework\\src\\Illuminate\\Container\\Util.php(41): Illuminate\\Container\\BoundMethod::Illuminate\\Container\\{closure}()\n#14 D:\\laragon\\www\\doantotnghiep\\vendor\\laravel\\framework\\src\\Illuminate\\Container\\BoundMethod.php(93): Illuminate\\Container\\Util::unwrapIfClosure(Object(Closure))\n#15 D:\\laragon\\www\\doantotnghiep\\vendor\\laravel\\framework\\src\\Illuminate\\Container\\BoundMethod.php(37): Illuminate\\Container\\BoundMethod::callBoundMethod(Object(Illuminate\\Foundation\\Application), Array, Object(Closure))\n#16 D:\\laragon\\www\\doantotnghiep\\vendor\\laravel\\framework\\src\\Illuminate\\Container\\Container.php(662): Illuminate\\Container\\BoundMethod::call(Object(Illuminate\\Foundation\\Application), Array, Array, NULL)\n#17 D:\\laragon\\www\\doantotnghiep\\vendor\\laravel\\framework\\src\\Illuminate\\Console\\Command.php(211): Illuminate\\Container\\Container->call(Array)\n#18 D:\\laragon\\www\\doantotnghiep\\vendor\\symfony\\console\\Command\\Command.php(326): Illuminate\\Console\\Command->execute(Object(Symfony\\Component\\Console\\Input\\ArgvInput), Object(Illuminate\\Console\\OutputStyle))\n#19 D:\\laragon\\www\\doantotnghiep\\vendor\\laravel\\framework\\src\\Illuminate\\Console\\Command.php(181): Symfony\\Component\\Console\\Command\\Command->run(Object(Symfony\\Component\\Console\\Input\\ArgvInput), Object(Illuminate\\Console\\OutputStyle))\n#20 D:\\laragon\\www\\doantotnghiep\\vendor\\symfony\\console\\Application.php(1096): Illuminate\\Console\\Command->run(Object(Symfony\\Component\\Console\\Input\\ArgvInput), Object(Symfony\\Component\\Console\\Output\\ConsoleOutput))\n#21 D:\\laragon\\www\\doantotnghiep\\vendor\\symfony\\console\\Application.php(324): Symfony\\Component\\Console\\Application->doRunCommand(Object(Illuminate\\Queue\\Console\\WorkCommand), Object(Symfony\\Component\\Console\\Input\\ArgvInput), Object(Symfony\\Component\\Console\\Output\\ConsoleOutput))\n#22 D:\\laragon\\www\\doantotnghiep\\vendor\\symfony\\console\\Application.php(175): Symfony\\Component\\Console\\Application->doRun(Object(Symfony\\Component\\Console\\Input\\ArgvInput), Object(Symfony\\Component\\Console\\Output\\ConsoleOutput))\n#23 D:\\laragon\\www\\doantotnghiep\\vendor\\laravel\\framework\\src\\Illuminate\\Foundation\\Console\\Kernel.php(201): Symfony\\Component\\Console\\Application->run(Object(Symfony\\Component\\Console\\Input\\ArgvInput), Object(Symfony\\Component\\Console\\Output\\ConsoleOutput))\n#24 D:\\laragon\\www\\doantotnghiep\\artisan(37): Illuminate\\Foundation\\Console\\Kernel->handle(Object(Symfony\\Component\\Console\\Input\\ArgvInput), Object(Symfony\\Component\\Console\\Output\\ConsoleOutput))\n#25 {main}', '2024-11-17 11:50:43'),
(31, '7b013755-30ec-49fe-bbc8-862139c122e0', 'database', 'default', '{\"uuid\":\"7b013755-30ec-49fe-bbc8-862139c122e0\",\"displayName\":\"App\\\\Listeners\\\\SendNotification\",\"job\":\"Illuminate\\\\Queue\\\\CallQueuedHandler@call\",\"maxTries\":null,\"maxExceptions\":null,\"failOnTimeout\":false,\"backoff\":null,\"timeout\":null,\"retryUntil\":null,\"data\":{\"commandName\":\"Illuminate\\\\Events\\\\CallQueuedListener\",\"command\":\"O:36:\\\"Illuminate\\\\Events\\\\CallQueuedListener\\\":20:{s:5:\\\"class\\\";s:30:\\\"App\\\\Listeners\\\\SendNotification\\\";s:6:\\\"method\\\";s:6:\\\"handle\\\";s:4:\\\"data\\\";a:1:{i:0;O:22:\\\"App\\\\Events\\\\OrderTicket\\\":1:{s:6:\\\"ticket\\\";O:45:\\\"Illuminate\\\\Contracts\\\\Database\\\\ModelIdentifier\\\":5:{s:5:\\\"class\\\";s:24:\\\"App\\\\Models\\\\TicketBooking\\\";s:2:\\\"id\\\";i:118;s:9:\\\"relations\\\";a:4:{i:0;s:5:\\\"route\\\";i:1;s:3:\\\"bus\\\";i:2;s:13:\\\"paymentMethod\\\";i:3;s:13:\\\"ticketDetails\\\";}s:10:\\\"connection\\\";s:5:\\\"mysql\\\";s:15:\\\"collectionClass\\\";N;}}}s:5:\\\"tries\\\";N;s:13:\\\"maxExceptions\\\";N;s:7:\\\"backoff\\\";N;s:10:\\\"retryUntil\\\";N;s:7:\\\"timeout\\\";N;s:13:\\\"failOnTimeout\\\";b:0;s:17:\\\"shouldBeEncrypted\\\";b:0;s:3:\\\"job\\\";N;s:10:\\\"connection\\\";N;s:5:\\\"queue\\\";N;s:15:\\\"chainConnection\\\";N;s:10:\\\"chainQueue\\\";N;s:19:\\\"chainCatchCallbacks\\\";N;s:5:\\\"delay\\\";N;s:11:\\\"afterCommit\\\";N;s:10:\\\"middleware\\\";a:0:{}s:7:\\\"chained\\\";a:0:{}}\"}}', 'Error: Class \"Endroid\\QrCode\\QrCode\" not found in D:\\laragon\\www\\doantotnghiep\\app\\Listeners\\SendNotification.php:58\nStack trace:\n#0 [internal function]: App\\Listeners\\SendNotification->App\\Listeners\\{closure}(Object(App\\Models\\TicketDetail), 0)\n#1 D:\\laragon\\www\\doantotnghiep\\vendor\\laravel\\framework\\src\\Illuminate\\Collections\\Arr.php(600): array_map(Object(Closure), Array, Array)\n#2 D:\\laragon\\www\\doantotnghiep\\vendor\\laravel\\framework\\src\\Illuminate\\Collections\\Collection.php(778): Illuminate\\Support\\Arr::map(Array, Object(Closure))\n#3 D:\\laragon\\www\\doantotnghiep\\vendor\\laravel\\framework\\src\\Illuminate\\Database\\Eloquent\\Collection.php(344): Illuminate\\Support\\Collection->map(Object(Closure))\n#4 D:\\laragon\\www\\doantotnghiep\\app\\Listeners\\SendNotification.php(73): Illuminate\\Database\\Eloquent\\Collection->map(Object(Closure))\n#5 D:\\laragon\\www\\doantotnghiep\\vendor\\laravel\\framework\\src\\Illuminate\\Events\\CallQueuedListener.php(114): App\\Listeners\\SendNotification->handle(Object(App\\Events\\OrderTicket))\n#6 D:\\laragon\\www\\doantotnghiep\\vendor\\laravel\\framework\\src\\Illuminate\\Container\\BoundMethod.php(36): Illuminate\\Events\\CallQueuedListener->handle(Object(Illuminate\\Foundation\\Application))\n#7 D:\\laragon\\www\\doantotnghiep\\vendor\\laravel\\framework\\src\\Illuminate\\Container\\Util.php(41): Illuminate\\Container\\BoundMethod::Illuminate\\Container\\{closure}()\n#8 D:\\laragon\\www\\doantotnghiep\\vendor\\laravel\\framework\\src\\Illuminate\\Container\\BoundMethod.php(93): Illuminate\\Container\\Util::unwrapIfClosure(Object(Closure))\n#9 D:\\laragon\\www\\doantotnghiep\\vendor\\laravel\\framework\\src\\Illuminate\\Container\\BoundMethod.php(37): Illuminate\\Container\\BoundMethod::callBoundMethod(Object(Illuminate\\Foundation\\Application), Array, Object(Closure))\n#10 D:\\laragon\\www\\doantotnghiep\\vendor\\laravel\\framework\\src\\Illuminate\\Container\\Container.php(662): Illuminate\\Container\\BoundMethod::call(Object(Illuminate\\Foundation\\Application), Array, Array, NULL)\n#11 D:\\laragon\\www\\doantotnghiep\\vendor\\laravel\\framework\\src\\Illuminate\\Bus\\Dispatcher.php(128): Illuminate\\Container\\Container->call(Array)\n#12 D:\\laragon\\www\\doantotnghiep\\vendor\\laravel\\framework\\src\\Illuminate\\Pipeline\\Pipeline.php(144): Illuminate\\Bus\\Dispatcher->Illuminate\\Bus\\{closure}(Object(Illuminate\\Events\\CallQueuedListener))\n#13 D:\\laragon\\www\\doantotnghiep\\vendor\\laravel\\framework\\src\\Illuminate\\Pipeline\\Pipeline.php(119): Illuminate\\Pipeline\\Pipeline->Illuminate\\Pipeline\\{closure}(Object(Illuminate\\Events\\CallQueuedListener))\n#14 D:\\laragon\\www\\doantotnghiep\\vendor\\laravel\\framework\\src\\Illuminate\\Bus\\Dispatcher.php(132): Illuminate\\Pipeline\\Pipeline->then(Object(Closure))\n#15 D:\\laragon\\www\\doantotnghiep\\vendor\\laravel\\framework\\src\\Illuminate\\Queue\\CallQueuedHandler.php(124): Illuminate\\Bus\\Dispatcher->dispatchNow(Object(Illuminate\\Events\\CallQueuedListener), false)\n#16 D:\\laragon\\www\\doantotnghiep\\vendor\\laravel\\framework\\src\\Illuminate\\Pipeline\\Pipeline.php(144): Illuminate\\Queue\\CallQueuedHandler->Illuminate\\Queue\\{closure}(Object(Illuminate\\Events\\CallQueuedListener))\n#17 D:\\laragon\\www\\doantotnghiep\\vendor\\laravel\\framework\\src\\Illuminate\\Pipeline\\Pipeline.php(119): Illuminate\\Pipeline\\Pipeline->Illuminate\\Pipeline\\{closure}(Object(Illuminate\\Events\\CallQueuedListener))\n#18 D:\\laragon\\www\\doantotnghiep\\vendor\\laravel\\framework\\src\\Illuminate\\Queue\\CallQueuedHandler.php(126): Illuminate\\Pipeline\\Pipeline->then(Object(Closure))\n#19 D:\\laragon\\www\\doantotnghiep\\vendor\\laravel\\framework\\src\\Illuminate\\Queue\\CallQueuedHandler.php(70): Illuminate\\Queue\\CallQueuedHandler->dispatchThroughMiddleware(Object(Illuminate\\Queue\\Jobs\\DatabaseJob), Object(Illuminate\\Events\\CallQueuedListener))\n#20 D:\\laragon\\www\\doantotnghiep\\vendor\\laravel\\framework\\src\\Illuminate\\Queue\\Jobs\\Job.php(102): Illuminate\\Queue\\CallQueuedHandler->call(Object(Illuminate\\Queue\\Jobs\\DatabaseJob), Array)\n#21 D:\\laragon\\www\\doantotnghiep\\vendor\\laravel\\framework\\src\\Illuminate\\Queue\\Worker.php(439): Illuminate\\Queue\\Jobs\\Job->fire()\n#22 D:\\laragon\\www\\doantotnghiep\\vendor\\laravel\\framework\\src\\Illuminate\\Queue\\Worker.php(389): Illuminate\\Queue\\Worker->process(\'database\', Object(Illuminate\\Queue\\Jobs\\DatabaseJob), Object(Illuminate\\Queue\\WorkerOptions))\n#23 D:\\laragon\\www\\doantotnghiep\\vendor\\laravel\\framework\\src\\Illuminate\\Queue\\Worker.php(176): Illuminate\\Queue\\Worker->runJob(Object(Illuminate\\Queue\\Jobs\\DatabaseJob), \'database\', Object(Illuminate\\Queue\\WorkerOptions))\n#24 D:\\laragon\\www\\doantotnghiep\\vendor\\laravel\\framework\\src\\Illuminate\\Queue\\Console\\WorkCommand.php(138): Illuminate\\Queue\\Worker->daemon(\'database\', \'default\', Object(Illuminate\\Queue\\WorkerOptions))\n#25 D:\\laragon\\www\\doantotnghiep\\vendor\\laravel\\framework\\src\\Illuminate\\Queue\\Console\\WorkCommand.php(121): Illuminate\\Queue\\Console\\WorkCommand->runWorker(\'database\', \'default\')\n#26 D:\\laragon\\www\\doantotnghiep\\vendor\\laravel\\framework\\src\\Illuminate\\Container\\BoundMethod.php(36): Illuminate\\Queue\\Console\\WorkCommand->handle()\n#27 D:\\laragon\\www\\doantotnghiep\\vendor\\laravel\\framework\\src\\Illuminate\\Container\\Util.php(41): Illuminate\\Container\\BoundMethod::Illuminate\\Container\\{closure}()\n#28 D:\\laragon\\www\\doantotnghiep\\vendor\\laravel\\framework\\src\\Illuminate\\Container\\BoundMethod.php(93): Illuminate\\Container\\Util::unwrapIfClosure(Object(Closure))\n#29 D:\\laragon\\www\\doantotnghiep\\vendor\\laravel\\framework\\src\\Illuminate\\Container\\BoundMethod.php(37): Illuminate\\Container\\BoundMethod::callBoundMethod(Object(Illuminate\\Foundation\\Application), Array, Object(Closure))\n#30 D:\\laragon\\www\\doantotnghiep\\vendor\\laravel\\framework\\src\\Illuminate\\Container\\Container.php(662): Illuminate\\Container\\BoundMethod::call(Object(Illuminate\\Foundation\\Application), Array, Array, NULL)\n#31 D:\\laragon\\www\\doantotnghiep\\vendor\\laravel\\framework\\src\\Illuminate\\Console\\Command.php(211): Illuminate\\Container\\Container->call(Array)\n#32 D:\\laragon\\www\\doantotnghiep\\vendor\\symfony\\console\\Command\\Command.php(326): Illuminate\\Console\\Command->execute(Object(Symfony\\Component\\Console\\Input\\ArgvInput), Object(Illuminate\\Console\\OutputStyle))\n#33 D:\\laragon\\www\\doantotnghiep\\vendor\\laravel\\framework\\src\\Illuminate\\Console\\Command.php(181): Symfony\\Component\\Console\\Command\\Command->run(Object(Symfony\\Component\\Console\\Input\\ArgvInput), Object(Illuminate\\Console\\OutputStyle))\n#34 D:\\laragon\\www\\doantotnghiep\\vendor\\symfony\\console\\Application.php(1096): Illuminate\\Console\\Command->run(Object(Symfony\\Component\\Console\\Input\\ArgvInput), Object(Symfony\\Component\\Console\\Output\\ConsoleOutput))\n#35 D:\\laragon\\www\\doantotnghiep\\vendor\\symfony\\console\\Application.php(324): Symfony\\Component\\Console\\Application->doRunCommand(Object(Illuminate\\Queue\\Console\\WorkCommand), Object(Symfony\\Component\\Console\\Input\\ArgvInput), Object(Symfony\\Component\\Console\\Output\\ConsoleOutput))\n#36 D:\\laragon\\www\\doantotnghiep\\vendor\\symfony\\console\\Application.php(175): Symfony\\Component\\Console\\Application->doRun(Object(Symfony\\Component\\Console\\Input\\ArgvInput), Object(Symfony\\Component\\Console\\Output\\ConsoleOutput))\n#37 D:\\laragon\\www\\doantotnghiep\\vendor\\laravel\\framework\\src\\Illuminate\\Foundation\\Console\\Kernel.php(201): Symfony\\Component\\Console\\Application->run(Object(Symfony\\Component\\Console\\Input\\ArgvInput), Object(Symfony\\Component\\Console\\Output\\ConsoleOutput))\n#38 D:\\laragon\\www\\doantotnghiep\\artisan(37): Illuminate\\Foundation\\Console\\Kernel->handle(Object(Symfony\\Component\\Console\\Input\\ArgvInput), Object(Symfony\\Component\\Console\\Output\\ConsoleOutput))\n#39 {main}', '2024-11-17 11:50:43');
INSERT INTO `failed_jobs` (`id`, `uuid`, `connection`, `queue`, `payload`, `exception`, `failed_at`) VALUES
(32, '65e35f94-aa57-45ff-935a-05ca57fa7d0d', 'database', 'default', '{\"uuid\":\"65e35f94-aa57-45ff-935a-05ca57fa7d0d\",\"displayName\":\"App\\\\Listeners\\\\SendNotification\",\"job\":\"Illuminate\\\\Queue\\\\CallQueuedHandler@call\",\"maxTries\":null,\"maxExceptions\":null,\"failOnTimeout\":false,\"backoff\":null,\"timeout\":null,\"retryUntil\":null,\"data\":{\"commandName\":\"Illuminate\\\\Events\\\\CallQueuedListener\",\"command\":\"O:36:\\\"Illuminate\\\\Events\\\\CallQueuedListener\\\":20:{s:5:\\\"class\\\";s:30:\\\"App\\\\Listeners\\\\SendNotification\\\";s:6:\\\"method\\\";s:6:\\\"handle\\\";s:4:\\\"data\\\";a:1:{i:0;O:22:\\\"App\\\\Events\\\\OrderTicket\\\":1:{s:6:\\\"ticket\\\";O:45:\\\"Illuminate\\\\Contracts\\\\Database\\\\ModelIdentifier\\\":5:{s:5:\\\"class\\\";s:24:\\\"App\\\\Models\\\\TicketBooking\\\";s:2:\\\"id\\\";i:126;s:9:\\\"relations\\\";a:6:{i:0;s:3:\\\"bus\\\";i:1;s:10:\\\"bus.driver\\\";i:2;s:5:\\\"route\\\";i:3;s:4:\\\"trip\\\";i:4;s:13:\\\"ticketDetails\\\";i:5;s:13:\\\"paymentMethod\\\";}s:10:\\\"connection\\\";s:5:\\\"mysql\\\";s:15:\\\"collectionClass\\\";N;}}}s:5:\\\"tries\\\";N;s:13:\\\"maxExceptions\\\";N;s:7:\\\"backoff\\\";N;s:10:\\\"retryUntil\\\";N;s:7:\\\"timeout\\\";N;s:13:\\\"failOnTimeout\\\";b:0;s:17:\\\"shouldBeEncrypted\\\";b:0;s:3:\\\"job\\\";N;s:10:\\\"connection\\\";N;s:5:\\\"queue\\\";N;s:15:\\\"chainConnection\\\";N;s:10:\\\"chainQueue\\\";N;s:19:\\\"chainCatchCallbacks\\\";N;s:5:\\\"delay\\\";N;s:11:\\\"afterCommit\\\";N;s:10:\\\"middleware\\\";a:0:{}s:7:\\\"chained\\\";a:0:{}}\"}}', 'Error: Class \"Endroid\\QrCode\\QrCode\" not found in D:\\laragon\\www\\doantotnghiep\\app\\Listeners\\SendNotification.php:58\nStack trace:\n#0 [internal function]: App\\Listeners\\SendNotification->App\\Listeners\\{closure}(Object(App\\Models\\TicketDetail), 0)\n#1 D:\\laragon\\www\\doantotnghiep\\vendor\\laravel\\framework\\src\\Illuminate\\Collections\\Arr.php(600): array_map(Object(Closure), Array, Array)\n#2 D:\\laragon\\www\\doantotnghiep\\vendor\\laravel\\framework\\src\\Illuminate\\Collections\\Collection.php(778): Illuminate\\Support\\Arr::map(Array, Object(Closure))\n#3 D:\\laragon\\www\\doantotnghiep\\vendor\\laravel\\framework\\src\\Illuminate\\Database\\Eloquent\\Collection.php(344): Illuminate\\Support\\Collection->map(Object(Closure))\n#4 D:\\laragon\\www\\doantotnghiep\\app\\Listeners\\SendNotification.php(73): Illuminate\\Database\\Eloquent\\Collection->map(Object(Closure))\n#5 D:\\laragon\\www\\doantotnghiep\\vendor\\laravel\\framework\\src\\Illuminate\\Events\\CallQueuedListener.php(114): App\\Listeners\\SendNotification->handle(Object(App\\Events\\OrderTicket))\n#6 D:\\laragon\\www\\doantotnghiep\\vendor\\laravel\\framework\\src\\Illuminate\\Container\\BoundMethod.php(36): Illuminate\\Events\\CallQueuedListener->handle(Object(Illuminate\\Foundation\\Application))\n#7 D:\\laragon\\www\\doantotnghiep\\vendor\\laravel\\framework\\src\\Illuminate\\Container\\Util.php(41): Illuminate\\Container\\BoundMethod::Illuminate\\Container\\{closure}()\n#8 D:\\laragon\\www\\doantotnghiep\\vendor\\laravel\\framework\\src\\Illuminate\\Container\\BoundMethod.php(93): Illuminate\\Container\\Util::unwrapIfClosure(Object(Closure))\n#9 D:\\laragon\\www\\doantotnghiep\\vendor\\laravel\\framework\\src\\Illuminate\\Container\\BoundMethod.php(37): Illuminate\\Container\\BoundMethod::callBoundMethod(Object(Illuminate\\Foundation\\Application), Array, Object(Closure))\n#10 D:\\laragon\\www\\doantotnghiep\\vendor\\laravel\\framework\\src\\Illuminate\\Container\\Container.php(662): Illuminate\\Container\\BoundMethod::call(Object(Illuminate\\Foundation\\Application), Array, Array, NULL)\n#11 D:\\laragon\\www\\doantotnghiep\\vendor\\laravel\\framework\\src\\Illuminate\\Bus\\Dispatcher.php(128): Illuminate\\Container\\Container->call(Array)\n#12 D:\\laragon\\www\\doantotnghiep\\vendor\\laravel\\framework\\src\\Illuminate\\Pipeline\\Pipeline.php(144): Illuminate\\Bus\\Dispatcher->Illuminate\\Bus\\{closure}(Object(Illuminate\\Events\\CallQueuedListener))\n#13 D:\\laragon\\www\\doantotnghiep\\vendor\\laravel\\framework\\src\\Illuminate\\Pipeline\\Pipeline.php(119): Illuminate\\Pipeline\\Pipeline->Illuminate\\Pipeline\\{closure}(Object(Illuminate\\Events\\CallQueuedListener))\n#14 D:\\laragon\\www\\doantotnghiep\\vendor\\laravel\\framework\\src\\Illuminate\\Bus\\Dispatcher.php(132): Illuminate\\Pipeline\\Pipeline->then(Object(Closure))\n#15 D:\\laragon\\www\\doantotnghiep\\vendor\\laravel\\framework\\src\\Illuminate\\Queue\\CallQueuedHandler.php(124): Illuminate\\Bus\\Dispatcher->dispatchNow(Object(Illuminate\\Events\\CallQueuedListener), false)\n#16 D:\\laragon\\www\\doantotnghiep\\vendor\\laravel\\framework\\src\\Illuminate\\Pipeline\\Pipeline.php(144): Illuminate\\Queue\\CallQueuedHandler->Illuminate\\Queue\\{closure}(Object(Illuminate\\Events\\CallQueuedListener))\n#17 D:\\laragon\\www\\doantotnghiep\\vendor\\laravel\\framework\\src\\Illuminate\\Pipeline\\Pipeline.php(119): Illuminate\\Pipeline\\Pipeline->Illuminate\\Pipeline\\{closure}(Object(Illuminate\\Events\\CallQueuedListener))\n#18 D:\\laragon\\www\\doantotnghiep\\vendor\\laravel\\framework\\src\\Illuminate\\Queue\\CallQueuedHandler.php(126): Illuminate\\Pipeline\\Pipeline->then(Object(Closure))\n#19 D:\\laragon\\www\\doantotnghiep\\vendor\\laravel\\framework\\src\\Illuminate\\Queue\\CallQueuedHandler.php(70): Illuminate\\Queue\\CallQueuedHandler->dispatchThroughMiddleware(Object(Illuminate\\Queue\\Jobs\\DatabaseJob), Object(Illuminate\\Events\\CallQueuedListener))\n#20 D:\\laragon\\www\\doantotnghiep\\vendor\\laravel\\framework\\src\\Illuminate\\Queue\\Jobs\\Job.php(102): Illuminate\\Queue\\CallQueuedHandler->call(Object(Illuminate\\Queue\\Jobs\\DatabaseJob), Array)\n#21 D:\\laragon\\www\\doantotnghiep\\vendor\\laravel\\framework\\src\\Illuminate\\Queue\\Worker.php(439): Illuminate\\Queue\\Jobs\\Job->fire()\n#22 D:\\laragon\\www\\doantotnghiep\\vendor\\laravel\\framework\\src\\Illuminate\\Queue\\Worker.php(389): Illuminate\\Queue\\Worker->process(\'database\', Object(Illuminate\\Queue\\Jobs\\DatabaseJob), Object(Illuminate\\Queue\\WorkerOptions))\n#23 D:\\laragon\\www\\doantotnghiep\\vendor\\laravel\\framework\\src\\Illuminate\\Queue\\Worker.php(176): Illuminate\\Queue\\Worker->runJob(Object(Illuminate\\Queue\\Jobs\\DatabaseJob), \'database\', Object(Illuminate\\Queue\\WorkerOptions))\n#24 D:\\laragon\\www\\doantotnghiep\\vendor\\laravel\\framework\\src\\Illuminate\\Queue\\Console\\WorkCommand.php(138): Illuminate\\Queue\\Worker->daemon(\'database\', \'default\', Object(Illuminate\\Queue\\WorkerOptions))\n#25 D:\\laragon\\www\\doantotnghiep\\vendor\\laravel\\framework\\src\\Illuminate\\Queue\\Console\\WorkCommand.php(121): Illuminate\\Queue\\Console\\WorkCommand->runWorker(\'database\', \'default\')\n#26 D:\\laragon\\www\\doantotnghiep\\vendor\\laravel\\framework\\src\\Illuminate\\Container\\BoundMethod.php(36): Illuminate\\Queue\\Console\\WorkCommand->handle()\n#27 D:\\laragon\\www\\doantotnghiep\\vendor\\laravel\\framework\\src\\Illuminate\\Container\\Util.php(41): Illuminate\\Container\\BoundMethod::Illuminate\\Container\\{closure}()\n#28 D:\\laragon\\www\\doantotnghiep\\vendor\\laravel\\framework\\src\\Illuminate\\Container\\BoundMethod.php(93): Illuminate\\Container\\Util::unwrapIfClosure(Object(Closure))\n#29 D:\\laragon\\www\\doantotnghiep\\vendor\\laravel\\framework\\src\\Illuminate\\Container\\BoundMethod.php(37): Illuminate\\Container\\BoundMethod::callBoundMethod(Object(Illuminate\\Foundation\\Application), Array, Object(Closure))\n#30 D:\\laragon\\www\\doantotnghiep\\vendor\\laravel\\framework\\src\\Illuminate\\Container\\Container.php(662): Illuminate\\Container\\BoundMethod::call(Object(Illuminate\\Foundation\\Application), Array, Array, NULL)\n#31 D:\\laragon\\www\\doantotnghiep\\vendor\\laravel\\framework\\src\\Illuminate\\Console\\Command.php(211): Illuminate\\Container\\Container->call(Array)\n#32 D:\\laragon\\www\\doantotnghiep\\vendor\\symfony\\console\\Command\\Command.php(326): Illuminate\\Console\\Command->execute(Object(Symfony\\Component\\Console\\Input\\ArgvInput), Object(Illuminate\\Console\\OutputStyle))\n#33 D:\\laragon\\www\\doantotnghiep\\vendor\\laravel\\framework\\src\\Illuminate\\Console\\Command.php(181): Symfony\\Component\\Console\\Command\\Command->run(Object(Symfony\\Component\\Console\\Input\\ArgvInput), Object(Illuminate\\Console\\OutputStyle))\n#34 D:\\laragon\\www\\doantotnghiep\\vendor\\symfony\\console\\Application.php(1096): Illuminate\\Console\\Command->run(Object(Symfony\\Component\\Console\\Input\\ArgvInput), Object(Symfony\\Component\\Console\\Output\\ConsoleOutput))\n#35 D:\\laragon\\www\\doantotnghiep\\vendor\\symfony\\console\\Application.php(324): Symfony\\Component\\Console\\Application->doRunCommand(Object(Illuminate\\Queue\\Console\\WorkCommand), Object(Symfony\\Component\\Console\\Input\\ArgvInput), Object(Symfony\\Component\\Console\\Output\\ConsoleOutput))\n#36 D:\\laragon\\www\\doantotnghiep\\vendor\\symfony\\console\\Application.php(175): Symfony\\Component\\Console\\Application->doRun(Object(Symfony\\Component\\Console\\Input\\ArgvInput), Object(Symfony\\Component\\Console\\Output\\ConsoleOutput))\n#37 D:\\laragon\\www\\doantotnghiep\\vendor\\laravel\\framework\\src\\Illuminate\\Foundation\\Console\\Kernel.php(201): Symfony\\Component\\Console\\Application->run(Object(Symfony\\Component\\Console\\Input\\ArgvInput), Object(Symfony\\Component\\Console\\Output\\ConsoleOutput))\n#38 D:\\laragon\\www\\doantotnghiep\\artisan(37): Illuminate\\Foundation\\Console\\Kernel->handle(Object(Symfony\\Component\\Console\\Input\\ArgvInput), Object(Symfony\\Component\\Console\\Output\\ConsoleOutput))\n#39 {main}', '2024-11-17 11:51:22'),
(33, '781ca0a2-d29e-4a9e-b54f-bff89301d5dc', 'database', 'default', '{\"uuid\":\"781ca0a2-d29e-4a9e-b54f-bff89301d5dc\",\"displayName\":\"App\\\\Listeners\\\\SendNotification\",\"job\":\"Illuminate\\\\Queue\\\\CallQueuedHandler@call\",\"maxTries\":null,\"maxExceptions\":null,\"failOnTimeout\":false,\"backoff\":null,\"timeout\":null,\"retryUntil\":null,\"data\":{\"commandName\":\"Illuminate\\\\Events\\\\CallQueuedListener\",\"command\":\"O:36:\\\"Illuminate\\\\Events\\\\CallQueuedListener\\\":20:{s:5:\\\"class\\\";s:30:\\\"App\\\\Listeners\\\\SendNotification\\\";s:6:\\\"method\\\";s:6:\\\"handle\\\";s:4:\\\"data\\\";a:1:{i:0;O:22:\\\"App\\\\Events\\\\OrderTicket\\\":1:{s:6:\\\"ticket\\\";O:45:\\\"Illuminate\\\\Contracts\\\\Database\\\\ModelIdentifier\\\":5:{s:5:\\\"class\\\";s:24:\\\"App\\\\Models\\\\TicketBooking\\\";s:2:\\\"id\\\";i:127;s:9:\\\"relations\\\";a:6:{i:0;s:3:\\\"bus\\\";i:1;s:10:\\\"bus.driver\\\";i:2;s:5:\\\"route\\\";i:3;s:4:\\\"trip\\\";i:4;s:13:\\\"ticketDetails\\\";i:5;s:13:\\\"paymentMethod\\\";}s:10:\\\"connection\\\";s:5:\\\"mysql\\\";s:15:\\\"collectionClass\\\";N;}}}s:5:\\\"tries\\\";N;s:13:\\\"maxExceptions\\\";N;s:7:\\\"backoff\\\";N;s:10:\\\"retryUntil\\\";N;s:7:\\\"timeout\\\";N;s:13:\\\"failOnTimeout\\\";b:0;s:17:\\\"shouldBeEncrypted\\\";b:0;s:3:\\\"job\\\";N;s:10:\\\"connection\\\";N;s:5:\\\"queue\\\";N;s:15:\\\"chainConnection\\\";N;s:10:\\\"chainQueue\\\";N;s:19:\\\"chainCatchCallbacks\\\";N;s:5:\\\"delay\\\";N;s:11:\\\"afterCommit\\\";N;s:10:\\\"middleware\\\";a:0:{}s:7:\\\"chained\\\";a:0:{}}\"}}', 'ErrorException: file_put_contents(D:\\laragon\\www\\doantotnghiep\\storage\\app/public/qr_codes/qr_code_XHLQBDIH.png): Failed to open stream: No such file or directory in D:\\laragon\\www\\doantotnghiep\\vendor\\endroid\\qr-code\\src\\Writer\\Result\\AbstractResult.php:29\nStack trace:\n#0 D:\\laragon\\www\\doantotnghiep\\vendor\\laravel\\framework\\src\\Illuminate\\Foundation\\Bootstrap\\HandleExceptions.php(255): Illuminate\\Foundation\\Bootstrap\\HandleExceptions->handleError(2, \'file_put_conten...\', \'D:\\\\laragon\\\\www\\\\...\', 29)\n#1 [internal function]: Illuminate\\Foundation\\Bootstrap\\HandleExceptions->Illuminate\\Foundation\\Bootstrap\\{closure}(2, \'file_put_conten...\', \'D:\\\\laragon\\\\www\\\\...\', 29)\n#2 D:\\laragon\\www\\doantotnghiep\\vendor\\endroid\\qr-code\\src\\Writer\\Result\\AbstractResult.php(29): file_put_contents(\'D:\\\\laragon\\\\www\\\\...\', \'\\x89PNG\\r\\n\\x1A\\n\\x00\\x00\\x00\\rIHD...\')\n#3 D:\\laragon\\www\\doantotnghiep\\app\\Listeners\\SendNotification.php(64): Endroid\\QrCode\\Writer\\Result\\AbstractResult->saveToFile(\'D:\\\\laragon\\\\www\\\\...\')\n#4 [internal function]: App\\Listeners\\SendNotification->App\\Listeners\\{closure}(Object(App\\Models\\TicketDetail), 0)\n#5 D:\\laragon\\www\\doantotnghiep\\vendor\\laravel\\framework\\src\\Illuminate\\Collections\\Arr.php(600): array_map(Object(Closure), Array, Array)\n#6 D:\\laragon\\www\\doantotnghiep\\vendor\\laravel\\framework\\src\\Illuminate\\Collections\\Collection.php(778): Illuminate\\Support\\Arr::map(Array, Object(Closure))\n#7 D:\\laragon\\www\\doantotnghiep\\vendor\\laravel\\framework\\src\\Illuminate\\Database\\Eloquent\\Collection.php(344): Illuminate\\Support\\Collection->map(Object(Closure))\n#8 D:\\laragon\\www\\doantotnghiep\\app\\Listeners\\SendNotification.php(73): Illuminate\\Database\\Eloquent\\Collection->map(Object(Closure))\n#9 D:\\laragon\\www\\doantotnghiep\\vendor\\laravel\\framework\\src\\Illuminate\\Events\\CallQueuedListener.php(114): App\\Listeners\\SendNotification->handle(Object(App\\Events\\OrderTicket))\n#10 D:\\laragon\\www\\doantotnghiep\\vendor\\laravel\\framework\\src\\Illuminate\\Container\\BoundMethod.php(36): Illuminate\\Events\\CallQueuedListener->handle(Object(Illuminate\\Foundation\\Application))\n#11 D:\\laragon\\www\\doantotnghiep\\vendor\\laravel\\framework\\src\\Illuminate\\Container\\Util.php(41): Illuminate\\Container\\BoundMethod::Illuminate\\Container\\{closure}()\n#12 D:\\laragon\\www\\doantotnghiep\\vendor\\laravel\\framework\\src\\Illuminate\\Container\\BoundMethod.php(93): Illuminate\\Container\\Util::unwrapIfClosure(Object(Closure))\n#13 D:\\laragon\\www\\doantotnghiep\\vendor\\laravel\\framework\\src\\Illuminate\\Container\\BoundMethod.php(37): Illuminate\\Container\\BoundMethod::callBoundMethod(Object(Illuminate\\Foundation\\Application), Array, Object(Closure))\n#14 D:\\laragon\\www\\doantotnghiep\\vendor\\laravel\\framework\\src\\Illuminate\\Container\\Container.php(662): Illuminate\\Container\\BoundMethod::call(Object(Illuminate\\Foundation\\Application), Array, Array, NULL)\n#15 D:\\laragon\\www\\doantotnghiep\\vendor\\laravel\\framework\\src\\Illuminate\\Bus\\Dispatcher.php(128): Illuminate\\Container\\Container->call(Array)\n#16 D:\\laragon\\www\\doantotnghiep\\vendor\\laravel\\framework\\src\\Illuminate\\Pipeline\\Pipeline.php(144): Illuminate\\Bus\\Dispatcher->Illuminate\\Bus\\{closure}(Object(Illuminate\\Events\\CallQueuedListener))\n#17 D:\\laragon\\www\\doantotnghiep\\vendor\\laravel\\framework\\src\\Illuminate\\Pipeline\\Pipeline.php(119): Illuminate\\Pipeline\\Pipeline->Illuminate\\Pipeline\\{closure}(Object(Illuminate\\Events\\CallQueuedListener))\n#18 D:\\laragon\\www\\doantotnghiep\\vendor\\laravel\\framework\\src\\Illuminate\\Bus\\Dispatcher.php(132): Illuminate\\Pipeline\\Pipeline->then(Object(Closure))\n#19 D:\\laragon\\www\\doantotnghiep\\vendor\\laravel\\framework\\src\\Illuminate\\Queue\\CallQueuedHandler.php(124): Illuminate\\Bus\\Dispatcher->dispatchNow(Object(Illuminate\\Events\\CallQueuedListener), false)\n#20 D:\\laragon\\www\\doantotnghiep\\vendor\\laravel\\framework\\src\\Illuminate\\Pipeline\\Pipeline.php(144): Illuminate\\Queue\\CallQueuedHandler->Illuminate\\Queue\\{closure}(Object(Illuminate\\Events\\CallQueuedListener))\n#21 D:\\laragon\\www\\doantotnghiep\\vendor\\laravel\\framework\\src\\Illuminate\\Pipeline\\Pipeline.php(119): Illuminate\\Pipeline\\Pipeline->Illuminate\\Pipeline\\{closure}(Object(Illuminate\\Events\\CallQueuedListener))\n#22 D:\\laragon\\www\\doantotnghiep\\vendor\\laravel\\framework\\src\\Illuminate\\Queue\\CallQueuedHandler.php(126): Illuminate\\Pipeline\\Pipeline->then(Object(Closure))\n#23 D:\\laragon\\www\\doantotnghiep\\vendor\\laravel\\framework\\src\\Illuminate\\Queue\\CallQueuedHandler.php(70): Illuminate\\Queue\\CallQueuedHandler->dispatchThroughMiddleware(Object(Illuminate\\Queue\\Jobs\\DatabaseJob), Object(Illuminate\\Events\\CallQueuedListener))\n#24 D:\\laragon\\www\\doantotnghiep\\vendor\\laravel\\framework\\src\\Illuminate\\Queue\\Jobs\\Job.php(102): Illuminate\\Queue\\CallQueuedHandler->call(Object(Illuminate\\Queue\\Jobs\\DatabaseJob), Array)\n#25 D:\\laragon\\www\\doantotnghiep\\vendor\\laravel\\framework\\src\\Illuminate\\Queue\\Worker.php(439): Illuminate\\Queue\\Jobs\\Job->fire()\n#26 D:\\laragon\\www\\doantotnghiep\\vendor\\laravel\\framework\\src\\Illuminate\\Queue\\Worker.php(389): Illuminate\\Queue\\Worker->process(\'database\', Object(Illuminate\\Queue\\Jobs\\DatabaseJob), Object(Illuminate\\Queue\\WorkerOptions))\n#27 D:\\laragon\\www\\doantotnghiep\\vendor\\laravel\\framework\\src\\Illuminate\\Queue\\Worker.php(176): Illuminate\\Queue\\Worker->runJob(Object(Illuminate\\Queue\\Jobs\\DatabaseJob), \'database\', Object(Illuminate\\Queue\\WorkerOptions))\n#28 D:\\laragon\\www\\doantotnghiep\\vendor\\laravel\\framework\\src\\Illuminate\\Queue\\Console\\WorkCommand.php(138): Illuminate\\Queue\\Worker->daemon(\'database\', \'default\', Object(Illuminate\\Queue\\WorkerOptions))\n#29 D:\\laragon\\www\\doantotnghiep\\vendor\\laravel\\framework\\src\\Illuminate\\Queue\\Console\\WorkCommand.php(121): Illuminate\\Queue\\Console\\WorkCommand->runWorker(\'database\', \'default\')\n#30 D:\\laragon\\www\\doantotnghiep\\vendor\\laravel\\framework\\src\\Illuminate\\Container\\BoundMethod.php(36): Illuminate\\Queue\\Console\\WorkCommand->handle()\n#31 D:\\laragon\\www\\doantotnghiep\\vendor\\laravel\\framework\\src\\Illuminate\\Container\\Util.php(41): Illuminate\\Container\\BoundMethod::Illuminate\\Container\\{closure}()\n#32 D:\\laragon\\www\\doantotnghiep\\vendor\\laravel\\framework\\src\\Illuminate\\Container\\BoundMethod.php(93): Illuminate\\Container\\Util::unwrapIfClosure(Object(Closure))\n#33 D:\\laragon\\www\\doantotnghiep\\vendor\\laravel\\framework\\src\\Illuminate\\Container\\BoundMethod.php(37): Illuminate\\Container\\BoundMethod::callBoundMethod(Object(Illuminate\\Foundation\\Application), Array, Object(Closure))\n#34 D:\\laragon\\www\\doantotnghiep\\vendor\\laravel\\framework\\src\\Illuminate\\Container\\Container.php(662): Illuminate\\Container\\BoundMethod::call(Object(Illuminate\\Foundation\\Application), Array, Array, NULL)\n#35 D:\\laragon\\www\\doantotnghiep\\vendor\\laravel\\framework\\src\\Illuminate\\Console\\Command.php(211): Illuminate\\Container\\Container->call(Array)\n#36 D:\\laragon\\www\\doantotnghiep\\vendor\\symfony\\console\\Command\\Command.php(326): Illuminate\\Console\\Command->execute(Object(Symfony\\Component\\Console\\Input\\ArgvInput), Object(Illuminate\\Console\\OutputStyle))\n#37 D:\\laragon\\www\\doantotnghiep\\vendor\\laravel\\framework\\src\\Illuminate\\Console\\Command.php(181): Symfony\\Component\\Console\\Command\\Command->run(Object(Symfony\\Component\\Console\\Input\\ArgvInput), Object(Illuminate\\Console\\OutputStyle))\n#38 D:\\laragon\\www\\doantotnghiep\\vendor\\symfony\\console\\Application.php(1096): Illuminate\\Console\\Command->run(Object(Symfony\\Component\\Console\\Input\\ArgvInput), Object(Symfony\\Component\\Console\\Output\\ConsoleOutput))\n#39 D:\\laragon\\www\\doantotnghiep\\vendor\\symfony\\console\\Application.php(324): Symfony\\Component\\Console\\Application->doRunCommand(Object(Illuminate\\Queue\\Console\\WorkCommand), Object(Symfony\\Component\\Console\\Input\\ArgvInput), Object(Symfony\\Component\\Console\\Output\\ConsoleOutput))\n#40 D:\\laragon\\www\\doantotnghiep\\vendor\\symfony\\console\\Application.php(175): Symfony\\Component\\Console\\Application->doRun(Object(Symfony\\Component\\Console\\Input\\ArgvInput), Object(Symfony\\Component\\Console\\Output\\ConsoleOutput))\n#41 D:\\laragon\\www\\doantotnghiep\\vendor\\laravel\\framework\\src\\Illuminate\\Foundation\\Console\\Kernel.php(201): Symfony\\Component\\Console\\Application->run(Object(Symfony\\Component\\Console\\Input\\ArgvInput), Object(Symfony\\Component\\Console\\Output\\ConsoleOutput))\n#42 D:\\laragon\\www\\doantotnghiep\\artisan(37): Illuminate\\Foundation\\Console\\Kernel->handle(Object(Symfony\\Component\\Console\\Input\\ArgvInput), Object(Symfony\\Component\\Console\\Output\\ConsoleOutput))\n#43 {main}', '2024-11-17 11:55:40'),
(34, '53ac94a1-94b8-4f3a-9cf3-3ea0c4c93ed8', 'database', 'default', '{\"uuid\":\"53ac94a1-94b8-4f3a-9cf3-3ea0c4c93ed8\",\"displayName\":\"App\\\\Listeners\\\\SendNotification\",\"job\":\"Illuminate\\\\Queue\\\\CallQueuedHandler@call\",\"maxTries\":null,\"maxExceptions\":null,\"failOnTimeout\":false,\"backoff\":null,\"timeout\":null,\"retryUntil\":null,\"data\":{\"commandName\":\"Illuminate\\\\Events\\\\CallQueuedListener\",\"command\":\"O:36:\\\"Illuminate\\\\Events\\\\CallQueuedListener\\\":20:{s:5:\\\"class\\\";s:30:\\\"App\\\\Listeners\\\\SendNotification\\\";s:6:\\\"method\\\";s:6:\\\"handle\\\";s:4:\\\"data\\\";a:1:{i:0;O:22:\\\"App\\\\Events\\\\OrderTicket\\\":1:{s:6:\\\"ticket\\\";O:45:\\\"Illuminate\\\\Contracts\\\\Database\\\\ModelIdentifier\\\":5:{s:5:\\\"class\\\";s:24:\\\"App\\\\Models\\\\TicketBooking\\\";s:2:\\\"id\\\";i:129;s:9:\\\"relations\\\";a:6:{i:0;s:3:\\\"bus\\\";i:1;s:10:\\\"bus.driver\\\";i:2;s:5:\\\"route\\\";i:3;s:4:\\\"trip\\\";i:4;s:13:\\\"ticketDetails\\\";i:5;s:13:\\\"paymentMethod\\\";}s:10:\\\"connection\\\";s:5:\\\"mysql\\\";s:15:\\\"collectionClass\\\";N;}}}s:5:\\\"tries\\\";N;s:13:\\\"maxExceptions\\\";N;s:7:\\\"backoff\\\";N;s:10:\\\"retryUntil\\\";N;s:7:\\\"timeout\\\";N;s:13:\\\"failOnTimeout\\\";b:0;s:17:\\\"shouldBeEncrypted\\\";b:0;s:3:\\\"job\\\";N;s:10:\\\"connection\\\";N;s:5:\\\"queue\\\";N;s:15:\\\"chainConnection\\\";N;s:10:\\\"chainQueue\\\";N;s:19:\\\"chainCatchCallbacks\\\";N;s:5:\\\"delay\\\";N;s:11:\\\"afterCommit\\\";N;s:10:\\\"middleware\\\";a:0:{}s:7:\\\"chained\\\";a:0:{}}\"}}', 'Error: Class \"Endroid\\QrCode\\QrCode\" not found in L:\\laragon\\www\\doantotnghiep\\app\\Listeners\\SendNotification.php:58\nStack trace:\n#0 [internal function]: App\\Listeners\\SendNotification->App\\Listeners\\{closure}(Object(App\\Models\\TicketDetail), 0)\n#1 L:\\laragon\\www\\doantotnghiep\\vendor\\laravel\\framework\\src\\Illuminate\\Collections\\Arr.php(600): array_map(Object(Closure), Array, Array)\n#2 L:\\laragon\\www\\doantotnghiep\\vendor\\laravel\\framework\\src\\Illuminate\\Collections\\Collection.php(778): Illuminate\\Support\\Arr::map(Array, Object(Closure))\n#3 L:\\laragon\\www\\doantotnghiep\\vendor\\laravel\\framework\\src\\Illuminate\\Database\\Eloquent\\Collection.php(344): Illuminate\\Support\\Collection->map(Object(Closure))\n#4 L:\\laragon\\www\\doantotnghiep\\app\\Listeners\\SendNotification.php(73): Illuminate\\Database\\Eloquent\\Collection->map(Object(Closure))\n#5 L:\\laragon\\www\\doantotnghiep\\vendor\\laravel\\framework\\src\\Illuminate\\Events\\CallQueuedListener.php(114): App\\Listeners\\SendNotification->handle(Object(App\\Events\\OrderTicket))\n#6 L:\\laragon\\www\\doantotnghiep\\vendor\\laravel\\framework\\src\\Illuminate\\Container\\BoundMethod.php(36): Illuminate\\Events\\CallQueuedListener->handle(Object(Illuminate\\Foundation\\Application))\n#7 L:\\laragon\\www\\doantotnghiep\\vendor\\laravel\\framework\\src\\Illuminate\\Container\\Util.php(41): Illuminate\\Container\\BoundMethod::Illuminate\\Container\\{closure}()\n#8 L:\\laragon\\www\\doantotnghiep\\vendor\\laravel\\framework\\src\\Illuminate\\Container\\BoundMethod.php(93): Illuminate\\Container\\Util::unwrapIfClosure(Object(Closure))\n#9 L:\\laragon\\www\\doantotnghiep\\vendor\\laravel\\framework\\src\\Illuminate\\Container\\BoundMethod.php(37): Illuminate\\Container\\BoundMethod::callBoundMethod(Object(Illuminate\\Foundation\\Application), Array, Object(Closure))\n#10 L:\\laragon\\www\\doantotnghiep\\vendor\\laravel\\framework\\src\\Illuminate\\Container\\Container.php(662): Illuminate\\Container\\BoundMethod::call(Object(Illuminate\\Foundation\\Application), Array, Array, NULL)\n#11 L:\\laragon\\www\\doantotnghiep\\vendor\\laravel\\framework\\src\\Illuminate\\Bus\\Dispatcher.php(128): Illuminate\\Container\\Container->call(Array)\n#12 L:\\laragon\\www\\doantotnghiep\\vendor\\laravel\\framework\\src\\Illuminate\\Pipeline\\Pipeline.php(144): Illuminate\\Bus\\Dispatcher->Illuminate\\Bus\\{closure}(Object(Illuminate\\Events\\CallQueuedListener))\n#13 L:\\laragon\\www\\doantotnghiep\\vendor\\laravel\\framework\\src\\Illuminate\\Pipeline\\Pipeline.php(119): Illuminate\\Pipeline\\Pipeline->Illuminate\\Pipeline\\{closure}(Object(Illuminate\\Events\\CallQueuedListener))\n#14 L:\\laragon\\www\\doantotnghiep\\vendor\\laravel\\framework\\src\\Illuminate\\Bus\\Dispatcher.php(132): Illuminate\\Pipeline\\Pipeline->then(Object(Closure))\n#15 L:\\laragon\\www\\doantotnghiep\\vendor\\laravel\\framework\\src\\Illuminate\\Queue\\CallQueuedHandler.php(124): Illuminate\\Bus\\Dispatcher->dispatchNow(Object(Illuminate\\Events\\CallQueuedListener), false)\n#16 L:\\laragon\\www\\doantotnghiep\\vendor\\laravel\\framework\\src\\Illuminate\\Pipeline\\Pipeline.php(144): Illuminate\\Queue\\CallQueuedHandler->Illuminate\\Queue\\{closure}(Object(Illuminate\\Events\\CallQueuedListener))\n#17 L:\\laragon\\www\\doantotnghiep\\vendor\\laravel\\framework\\src\\Illuminate\\Pipeline\\Pipeline.php(119): Illuminate\\Pipeline\\Pipeline->Illuminate\\Pipeline\\{closure}(Object(Illuminate\\Events\\CallQueuedListener))\n#18 L:\\laragon\\www\\doantotnghiep\\vendor\\laravel\\framework\\src\\Illuminate\\Queue\\CallQueuedHandler.php(126): Illuminate\\Pipeline\\Pipeline->then(Object(Closure))\n#19 L:\\laragon\\www\\doantotnghiep\\vendor\\laravel\\framework\\src\\Illuminate\\Queue\\CallQueuedHandler.php(70): Illuminate\\Queue\\CallQueuedHandler->dispatchThroughMiddleware(Object(Illuminate\\Queue\\Jobs\\DatabaseJob), Object(Illuminate\\Events\\CallQueuedListener))\n#20 L:\\laragon\\www\\doantotnghiep\\vendor\\laravel\\framework\\src\\Illuminate\\Queue\\Jobs\\Job.php(102): Illuminate\\Queue\\CallQueuedHandler->call(Object(Illuminate\\Queue\\Jobs\\DatabaseJob), Array)\n#21 L:\\laragon\\www\\doantotnghiep\\vendor\\laravel\\framework\\src\\Illuminate\\Queue\\Worker.php(439): Illuminate\\Queue\\Jobs\\Job->fire()\n#22 L:\\laragon\\www\\doantotnghiep\\vendor\\laravel\\framework\\src\\Illuminate\\Queue\\Worker.php(389): Illuminate\\Queue\\Worker->process(\'database\', Object(Illuminate\\Queue\\Jobs\\DatabaseJob), Object(Illuminate\\Queue\\WorkerOptions))\n#23 L:\\laragon\\www\\doantotnghiep\\vendor\\laravel\\framework\\src\\Illuminate\\Queue\\Worker.php(176): Illuminate\\Queue\\Worker->runJob(Object(Illuminate\\Queue\\Jobs\\DatabaseJob), \'database\', Object(Illuminate\\Queue\\WorkerOptions))\n#24 L:\\laragon\\www\\doantotnghiep\\vendor\\laravel\\framework\\src\\Illuminate\\Queue\\Console\\WorkCommand.php(138): Illuminate\\Queue\\Worker->daemon(\'database\', \'default\', Object(Illuminate\\Queue\\WorkerOptions))\n#25 L:\\laragon\\www\\doantotnghiep\\vendor\\laravel\\framework\\src\\Illuminate\\Queue\\Console\\WorkCommand.php(121): Illuminate\\Queue\\Console\\WorkCommand->runWorker(\'database\', \'default\')\n#26 L:\\laragon\\www\\doantotnghiep\\vendor\\laravel\\framework\\src\\Illuminate\\Container\\BoundMethod.php(36): Illuminate\\Queue\\Console\\WorkCommand->handle()\n#27 L:\\laragon\\www\\doantotnghiep\\vendor\\laravel\\framework\\src\\Illuminate\\Container\\Util.php(41): Illuminate\\Container\\BoundMethod::Illuminate\\Container\\{closure}()\n#28 L:\\laragon\\www\\doantotnghiep\\vendor\\laravel\\framework\\src\\Illuminate\\Container\\BoundMethod.php(93): Illuminate\\Container\\Util::unwrapIfClosure(Object(Closure))\n#29 L:\\laragon\\www\\doantotnghiep\\vendor\\laravel\\framework\\src\\Illuminate\\Container\\BoundMethod.php(37): Illuminate\\Container\\BoundMethod::callBoundMethod(Object(Illuminate\\Foundation\\Application), Array, Object(Closure))\n#30 L:\\laragon\\www\\doantotnghiep\\vendor\\laravel\\framework\\src\\Illuminate\\Container\\Container.php(662): Illuminate\\Container\\BoundMethod::call(Object(Illuminate\\Foundation\\Application), Array, Array, NULL)\n#31 L:\\laragon\\www\\doantotnghiep\\vendor\\laravel\\framework\\src\\Illuminate\\Console\\Command.php(211): Illuminate\\Container\\Container->call(Array)\n#32 L:\\laragon\\www\\doantotnghiep\\vendor\\symfony\\console\\Command\\Command.php(326): Illuminate\\Console\\Command->execute(Object(Symfony\\Component\\Console\\Input\\ArgvInput), Object(Illuminate\\Console\\OutputStyle))\n#33 L:\\laragon\\www\\doantotnghiep\\vendor\\laravel\\framework\\src\\Illuminate\\Console\\Command.php(181): Symfony\\Component\\Console\\Command\\Command->run(Object(Symfony\\Component\\Console\\Input\\ArgvInput), Object(Illuminate\\Console\\OutputStyle))\n#34 L:\\laragon\\www\\doantotnghiep\\vendor\\symfony\\console\\Application.php(1096): Illuminate\\Console\\Command->run(Object(Symfony\\Component\\Console\\Input\\ArgvInput), Object(Symfony\\Component\\Console\\Output\\ConsoleOutput))\n#35 L:\\laragon\\www\\doantotnghiep\\vendor\\symfony\\console\\Application.php(324): Symfony\\Component\\Console\\Application->doRunCommand(Object(Illuminate\\Queue\\Console\\WorkCommand), Object(Symfony\\Component\\Console\\Input\\ArgvInput), Object(Symfony\\Component\\Console\\Output\\ConsoleOutput))\n#36 L:\\laragon\\www\\doantotnghiep\\vendor\\symfony\\console\\Application.php(175): Symfony\\Component\\Console\\Application->doRun(Object(Symfony\\Component\\Console\\Input\\ArgvInput), Object(Symfony\\Component\\Console\\Output\\ConsoleOutput))\n#37 L:\\laragon\\www\\doantotnghiep\\vendor\\laravel\\framework\\src\\Illuminate\\Foundation\\Console\\Kernel.php(201): Symfony\\Component\\Console\\Application->run(Object(Symfony\\Component\\Console\\Input\\ArgvInput), Object(Symfony\\Component\\Console\\Output\\ConsoleOutput))\n#38 L:\\laragon\\www\\doantotnghiep\\artisan(37): Illuminate\\Foundation\\Console\\Kernel->handle(Object(Symfony\\Component\\Console\\Input\\ArgvInput), Object(Symfony\\Component\\Console\\Output\\ConsoleOutput))\n#39 {main}', '2024-12-06 02:22:00'),
(35, 'b2bfd8cd-b05e-4664-b4d3-c1dbede20469', 'database', 'default', '{\"uuid\":\"b2bfd8cd-b05e-4664-b4d3-c1dbede20469\",\"displayName\":\"App\\\\Listeners\\\\SendNotification\",\"job\":\"Illuminate\\\\Queue\\\\CallQueuedHandler@call\",\"maxTries\":null,\"maxExceptions\":null,\"failOnTimeout\":false,\"backoff\":null,\"timeout\":null,\"retryUntil\":null,\"data\":{\"commandName\":\"Illuminate\\\\Events\\\\CallQueuedListener\",\"command\":\"O:36:\\\"Illuminate\\\\Events\\\\CallQueuedListener\\\":20:{s:5:\\\"class\\\";s:30:\\\"App\\\\Listeners\\\\SendNotification\\\";s:6:\\\"method\\\";s:6:\\\"handle\\\";s:4:\\\"data\\\";a:1:{i:0;O:22:\\\"App\\\\Events\\\\OrderTicket\\\":1:{s:6:\\\"ticket\\\";O:45:\\\"Illuminate\\\\Contracts\\\\Database\\\\ModelIdentifier\\\":5:{s:5:\\\"class\\\";s:24:\\\"App\\\\Models\\\\TicketBooking\\\";s:2:\\\"id\\\";i:130;s:9:\\\"relations\\\";a:6:{i:0;s:3:\\\"bus\\\";i:1;s:10:\\\"bus.driver\\\";i:2;s:5:\\\"route\\\";i:3;s:4:\\\"trip\\\";i:4;s:13:\\\"ticketDetails\\\";i:5;s:13:\\\"paymentMethod\\\";}s:10:\\\"connection\\\";s:5:\\\"mysql\\\";s:15:\\\"collectionClass\\\";N;}}}s:5:\\\"tries\\\";N;s:13:\\\"maxExceptions\\\";N;s:7:\\\"backoff\\\";N;s:10:\\\"retryUntil\\\";N;s:7:\\\"timeout\\\";N;s:13:\\\"failOnTimeout\\\";b:0;s:17:\\\"shouldBeEncrypted\\\";b:0;s:3:\\\"job\\\";N;s:10:\\\"connection\\\";N;s:5:\\\"queue\\\";N;s:15:\\\"chainConnection\\\";N;s:10:\\\"chainQueue\\\";N;s:19:\\\"chainCatchCallbacks\\\";N;s:5:\\\"delay\\\";N;s:11:\\\"afterCommit\\\";N;s:10:\\\"middleware\\\";a:0:{}s:7:\\\"chained\\\";a:0:{}}\"}}', 'Error: Class \"Endroid\\QrCode\\QrCode\" not found in L:\\laragon\\www\\doantotnghiep\\app\\Listeners\\SendNotification.php:58\nStack trace:\n#0 [internal function]: App\\Listeners\\SendNotification->App\\Listeners\\{closure}(Object(App\\Models\\TicketDetail), 0)\n#1 L:\\laragon\\www\\doantotnghiep\\vendor\\laravel\\framework\\src\\Illuminate\\Collections\\Arr.php(600): array_map(Object(Closure), Array, Array)\n#2 L:\\laragon\\www\\doantotnghiep\\vendor\\laravel\\framework\\src\\Illuminate\\Collections\\Collection.php(778): Illuminate\\Support\\Arr::map(Array, Object(Closure))\n#3 L:\\laragon\\www\\doantotnghiep\\vendor\\laravel\\framework\\src\\Illuminate\\Database\\Eloquent\\Collection.php(344): Illuminate\\Support\\Collection->map(Object(Closure))\n#4 L:\\laragon\\www\\doantotnghiep\\app\\Listeners\\SendNotification.php(73): Illuminate\\Database\\Eloquent\\Collection->map(Object(Closure))\n#5 L:\\laragon\\www\\doantotnghiep\\vendor\\laravel\\framework\\src\\Illuminate\\Events\\CallQueuedListener.php(114): App\\Listeners\\SendNotification->handle(Object(App\\Events\\OrderTicket))\n#6 L:\\laragon\\www\\doantotnghiep\\vendor\\laravel\\framework\\src\\Illuminate\\Container\\BoundMethod.php(36): Illuminate\\Events\\CallQueuedListener->handle(Object(Illuminate\\Foundation\\Application))\n#7 L:\\laragon\\www\\doantotnghiep\\vendor\\laravel\\framework\\src\\Illuminate\\Container\\Util.php(41): Illuminate\\Container\\BoundMethod::Illuminate\\Container\\{closure}()\n#8 L:\\laragon\\www\\doantotnghiep\\vendor\\laravel\\framework\\src\\Illuminate\\Container\\BoundMethod.php(93): Illuminate\\Container\\Util::unwrapIfClosure(Object(Closure))\n#9 L:\\laragon\\www\\doantotnghiep\\vendor\\laravel\\framework\\src\\Illuminate\\Container\\BoundMethod.php(37): Illuminate\\Container\\BoundMethod::callBoundMethod(Object(Illuminate\\Foundation\\Application), Array, Object(Closure))\n#10 L:\\laragon\\www\\doantotnghiep\\vendor\\laravel\\framework\\src\\Illuminate\\Container\\Container.php(662): Illuminate\\Container\\BoundMethod::call(Object(Illuminate\\Foundation\\Application), Array, Array, NULL)\n#11 L:\\laragon\\www\\doantotnghiep\\vendor\\laravel\\framework\\src\\Illuminate\\Bus\\Dispatcher.php(128): Illuminate\\Container\\Container->call(Array)\n#12 L:\\laragon\\www\\doantotnghiep\\vendor\\laravel\\framework\\src\\Illuminate\\Pipeline\\Pipeline.php(144): Illuminate\\Bus\\Dispatcher->Illuminate\\Bus\\{closure}(Object(Illuminate\\Events\\CallQueuedListener))\n#13 L:\\laragon\\www\\doantotnghiep\\vendor\\laravel\\framework\\src\\Illuminate\\Pipeline\\Pipeline.php(119): Illuminate\\Pipeline\\Pipeline->Illuminate\\Pipeline\\{closure}(Object(Illuminate\\Events\\CallQueuedListener))\n#14 L:\\laragon\\www\\doantotnghiep\\vendor\\laravel\\framework\\src\\Illuminate\\Bus\\Dispatcher.php(132): Illuminate\\Pipeline\\Pipeline->then(Object(Closure))\n#15 L:\\laragon\\www\\doantotnghiep\\vendor\\laravel\\framework\\src\\Illuminate\\Queue\\CallQueuedHandler.php(124): Illuminate\\Bus\\Dispatcher->dispatchNow(Object(Illuminate\\Events\\CallQueuedListener), false)\n#16 L:\\laragon\\www\\doantotnghiep\\vendor\\laravel\\framework\\src\\Illuminate\\Pipeline\\Pipeline.php(144): Illuminate\\Queue\\CallQueuedHandler->Illuminate\\Queue\\{closure}(Object(Illuminate\\Events\\CallQueuedListener))\n#17 L:\\laragon\\www\\doantotnghiep\\vendor\\laravel\\framework\\src\\Illuminate\\Pipeline\\Pipeline.php(119): Illuminate\\Pipeline\\Pipeline->Illuminate\\Pipeline\\{closure}(Object(Illuminate\\Events\\CallQueuedListener))\n#18 L:\\laragon\\www\\doantotnghiep\\vendor\\laravel\\framework\\src\\Illuminate\\Queue\\CallQueuedHandler.php(126): Illuminate\\Pipeline\\Pipeline->then(Object(Closure))\n#19 L:\\laragon\\www\\doantotnghiep\\vendor\\laravel\\framework\\src\\Illuminate\\Queue\\CallQueuedHandler.php(70): Illuminate\\Queue\\CallQueuedHandler->dispatchThroughMiddleware(Object(Illuminate\\Queue\\Jobs\\DatabaseJob), Object(Illuminate\\Events\\CallQueuedListener))\n#20 L:\\laragon\\www\\doantotnghiep\\vendor\\laravel\\framework\\src\\Illuminate\\Queue\\Jobs\\Job.php(102): Illuminate\\Queue\\CallQueuedHandler->call(Object(Illuminate\\Queue\\Jobs\\DatabaseJob), Array)\n#21 L:\\laragon\\www\\doantotnghiep\\vendor\\laravel\\framework\\src\\Illuminate\\Queue\\Worker.php(439): Illuminate\\Queue\\Jobs\\Job->fire()\n#22 L:\\laragon\\www\\doantotnghiep\\vendor\\laravel\\framework\\src\\Illuminate\\Queue\\Worker.php(389): Illuminate\\Queue\\Worker->process(\'database\', Object(Illuminate\\Queue\\Jobs\\DatabaseJob), Object(Illuminate\\Queue\\WorkerOptions))\n#23 L:\\laragon\\www\\doantotnghiep\\vendor\\laravel\\framework\\src\\Illuminate\\Queue\\Worker.php(176): Illuminate\\Queue\\Worker->runJob(Object(Illuminate\\Queue\\Jobs\\DatabaseJob), \'database\', Object(Illuminate\\Queue\\WorkerOptions))\n#24 L:\\laragon\\www\\doantotnghiep\\vendor\\laravel\\framework\\src\\Illuminate\\Queue\\Console\\WorkCommand.php(138): Illuminate\\Queue\\Worker->daemon(\'database\', \'default\', Object(Illuminate\\Queue\\WorkerOptions))\n#25 L:\\laragon\\www\\doantotnghiep\\vendor\\laravel\\framework\\src\\Illuminate\\Queue\\Console\\WorkCommand.php(121): Illuminate\\Queue\\Console\\WorkCommand->runWorker(\'database\', \'default\')\n#26 L:\\laragon\\www\\doantotnghiep\\vendor\\laravel\\framework\\src\\Illuminate\\Container\\BoundMethod.php(36): Illuminate\\Queue\\Console\\WorkCommand->handle()\n#27 L:\\laragon\\www\\doantotnghiep\\vendor\\laravel\\framework\\src\\Illuminate\\Container\\Util.php(41): Illuminate\\Container\\BoundMethod::Illuminate\\Container\\{closure}()\n#28 L:\\laragon\\www\\doantotnghiep\\vendor\\laravel\\framework\\src\\Illuminate\\Container\\BoundMethod.php(93): Illuminate\\Container\\Util::unwrapIfClosure(Object(Closure))\n#29 L:\\laragon\\www\\doantotnghiep\\vendor\\laravel\\framework\\src\\Illuminate\\Container\\BoundMethod.php(37): Illuminate\\Container\\BoundMethod::callBoundMethod(Object(Illuminate\\Foundation\\Application), Array, Object(Closure))\n#30 L:\\laragon\\www\\doantotnghiep\\vendor\\laravel\\framework\\src\\Illuminate\\Container\\Container.php(662): Illuminate\\Container\\BoundMethod::call(Object(Illuminate\\Foundation\\Application), Array, Array, NULL)\n#31 L:\\laragon\\www\\doantotnghiep\\vendor\\laravel\\framework\\src\\Illuminate\\Console\\Command.php(211): Illuminate\\Container\\Container->call(Array)\n#32 L:\\laragon\\www\\doantotnghiep\\vendor\\symfony\\console\\Command\\Command.php(326): Illuminate\\Console\\Command->execute(Object(Symfony\\Component\\Console\\Input\\ArgvInput), Object(Illuminate\\Console\\OutputStyle))\n#33 L:\\laragon\\www\\doantotnghiep\\vendor\\laravel\\framework\\src\\Illuminate\\Console\\Command.php(181): Symfony\\Component\\Console\\Command\\Command->run(Object(Symfony\\Component\\Console\\Input\\ArgvInput), Object(Illuminate\\Console\\OutputStyle))\n#34 L:\\laragon\\www\\doantotnghiep\\vendor\\symfony\\console\\Application.php(1096): Illuminate\\Console\\Command->run(Object(Symfony\\Component\\Console\\Input\\ArgvInput), Object(Symfony\\Component\\Console\\Output\\ConsoleOutput))\n#35 L:\\laragon\\www\\doantotnghiep\\vendor\\symfony\\console\\Application.php(324): Symfony\\Component\\Console\\Application->doRunCommand(Object(Illuminate\\Queue\\Console\\WorkCommand), Object(Symfony\\Component\\Console\\Input\\ArgvInput), Object(Symfony\\Component\\Console\\Output\\ConsoleOutput))\n#36 L:\\laragon\\www\\doantotnghiep\\vendor\\symfony\\console\\Application.php(175): Symfony\\Component\\Console\\Application->doRun(Object(Symfony\\Component\\Console\\Input\\ArgvInput), Object(Symfony\\Component\\Console\\Output\\ConsoleOutput))\n#37 L:\\laragon\\www\\doantotnghiep\\vendor\\laravel\\framework\\src\\Illuminate\\Foundation\\Console\\Kernel.php(201): Symfony\\Component\\Console\\Application->run(Object(Symfony\\Component\\Console\\Input\\ArgvInput), Object(Symfony\\Component\\Console\\Output\\ConsoleOutput))\n#38 L:\\laragon\\www\\doantotnghiep\\artisan(37): Illuminate\\Foundation\\Console\\Kernel->handle(Object(Symfony\\Component\\Console\\Input\\ArgvInput), Object(Symfony\\Component\\Console\\Output\\ConsoleOutput))\n#39 {main}', '2024-12-06 02:22:00'),
(36, 'c74b09ba-abf4-464f-8cdb-54f534cbe95d', 'database', 'default', '{\"uuid\":\"c74b09ba-abf4-464f-8cdb-54f534cbe95d\",\"displayName\":\"App\\\\Mail\\\\PromotionAdded\",\"job\":\"Illuminate\\\\Queue\\\\CallQueuedHandler@call\",\"maxTries\":null,\"maxExceptions\":null,\"failOnTimeout\":false,\"backoff\":null,\"timeout\":null,\"retryUntil\":null,\"data\":{\"commandName\":\"Illuminate\\\\Mail\\\\SendQueuedMailable\",\"command\":\"O:34:\\\"Illuminate\\\\Mail\\\\SendQueuedMailable\\\":15:{s:8:\\\"mailable\\\";O:23:\\\"App\\\\Mail\\\\PromotionAdded\\\":3:{s:9:\\\"promotion\\\";O:45:\\\"Illuminate\\\\Contracts\\\\Database\\\\ModelIdentifier\\\":5:{s:5:\\\"class\\\";s:20:\\\"App\\\\Models\\\\Promotion\\\";s:2:\\\"id\\\";i:16;s:9:\\\"relations\\\";a:0:{}s:10:\\\"connection\\\";s:5:\\\"mysql\\\";s:15:\\\"collectionClass\\\";N;}s:2:\\\"to\\\";a:1:{i:0;a:2:{s:4:\\\"name\\\";N;s:7:\\\"address\\\";s:21:\\\"anhtrieu147@gmail.com\\\";}}s:6:\\\"mailer\\\";s:4:\\\"smtp\\\";}s:5:\\\"tries\\\";N;s:7:\\\"timeout\\\";N;s:13:\\\"maxExceptions\\\";N;s:17:\\\"shouldBeEncrypted\\\";b:0;s:10:\\\"connection\\\";N;s:5:\\\"queue\\\";N;s:15:\\\"chainConnection\\\";N;s:10:\\\"chainQueue\\\";N;s:19:\\\"chainCatchCallbacks\\\";N;s:5:\\\"delay\\\";N;s:11:\\\"afterCommit\\\";N;s:10:\\\"middleware\\\";a:0:{}s:7:\\\"chained\\\";a:0:{}s:3:\\\"job\\\";N;}\"}}', 'Illuminate\\Database\\Eloquent\\ModelNotFoundException: No query results for model [App\\Models\\Promotion]. in D:\\laragon\\www\\doantotnghiep\\vendor\\laravel\\framework\\src\\Illuminate\\Database\\Eloquent\\Builder.php:621\nStack trace:\n#0 D:\\laragon\\www\\doantotnghiep\\vendor\\laravel\\framework\\src\\Illuminate\\Queue\\SerializesAndRestoresModelIdentifiers.php(109): Illuminate\\Database\\Eloquent\\Builder->firstOrFail()\n#1 D:\\laragon\\www\\doantotnghiep\\vendor\\laravel\\framework\\src\\Illuminate\\Queue\\SerializesAndRestoresModelIdentifiers.php(62): App\\Mail\\PromotionAdded->restoreModel(Object(Illuminate\\Contracts\\Database\\ModelIdentifier))\n#2 D:\\laragon\\www\\doantotnghiep\\vendor\\laravel\\framework\\src\\Illuminate\\Queue\\SerializesModels.php(93): App\\Mail\\PromotionAdded->getRestoredPropertyValue(Object(Illuminate\\Contracts\\Database\\ModelIdentifier))\n#3 [internal function]: App\\Mail\\PromotionAdded->__unserialize(Array)\n#4 D:\\laragon\\www\\doantotnghiep\\vendor\\laravel\\framework\\src\\Illuminate\\Queue\\CallQueuedHandler.php(97): unserialize(\'O:34:\"Illuminat...\')\n#5 D:\\laragon\\www\\doantotnghiep\\vendor\\laravel\\framework\\src\\Illuminate\\Queue\\CallQueuedHandler.php(60): Illuminate\\Queue\\CallQueuedHandler->getCommand(Array)\n#6 D:\\laragon\\www\\doantotnghiep\\vendor\\laravel\\framework\\src\\Illuminate\\Queue\\Jobs\\Job.php(102): Illuminate\\Queue\\CallQueuedHandler->call(Object(Illuminate\\Queue\\Jobs\\DatabaseJob), Array)\n#7 D:\\laragon\\www\\doantotnghiep\\vendor\\laravel\\framework\\src\\Illuminate\\Queue\\Worker.php(439): Illuminate\\Queue\\Jobs\\Job->fire()\n#8 D:\\laragon\\www\\doantotnghiep\\vendor\\laravel\\framework\\src\\Illuminate\\Queue\\Worker.php(389): Illuminate\\Queue\\Worker->process(\'database\', Object(Illuminate\\Queue\\Jobs\\DatabaseJob), Object(Illuminate\\Queue\\WorkerOptions))\n#9 D:\\laragon\\www\\doantotnghiep\\vendor\\laravel\\framework\\src\\Illuminate\\Queue\\Worker.php(176): Illuminate\\Queue\\Worker->runJob(Object(Illuminate\\Queue\\Jobs\\DatabaseJob), \'database\', Object(Illuminate\\Queue\\WorkerOptions))\n#10 D:\\laragon\\www\\doantotnghiep\\vendor\\laravel\\framework\\src\\Illuminate\\Queue\\Console\\WorkCommand.php(138): Illuminate\\Queue\\Worker->daemon(\'database\', \'default\', Object(Illuminate\\Queue\\WorkerOptions))\n#11 D:\\laragon\\www\\doantotnghiep\\vendor\\laravel\\framework\\src\\Illuminate\\Queue\\Console\\WorkCommand.php(121): Illuminate\\Queue\\Console\\WorkCommand->runWorker(\'database\', \'default\')\n#12 D:\\laragon\\www\\doantotnghiep\\vendor\\laravel\\framework\\src\\Illuminate\\Container\\BoundMethod.php(36): Illuminate\\Queue\\Console\\WorkCommand->handle()\n#13 D:\\laragon\\www\\doantotnghiep\\vendor\\laravel\\framework\\src\\Illuminate\\Container\\Util.php(41): Illuminate\\Container\\BoundMethod::Illuminate\\Container\\{closure}()\n#14 D:\\laragon\\www\\doantotnghiep\\vendor\\laravel\\framework\\src\\Illuminate\\Container\\BoundMethod.php(93): Illuminate\\Container\\Util::unwrapIfClosure(Object(Closure))\n#15 D:\\laragon\\www\\doantotnghiep\\vendor\\laravel\\framework\\src\\Illuminate\\Container\\BoundMethod.php(37): Illuminate\\Container\\BoundMethod::callBoundMethod(Object(Illuminate\\Foundation\\Application), Array, Object(Closure))\n#16 D:\\laragon\\www\\doantotnghiep\\vendor\\laravel\\framework\\src\\Illuminate\\Container\\Container.php(662): Illuminate\\Container\\BoundMethod::call(Object(Illuminate\\Foundation\\Application), Array, Array, NULL)\n#17 D:\\laragon\\www\\doantotnghiep\\vendor\\laravel\\framework\\src\\Illuminate\\Console\\Command.php(211): Illuminate\\Container\\Container->call(Array)\n#18 D:\\laragon\\www\\doantotnghiep\\vendor\\symfony\\console\\Command\\Command.php(326): Illuminate\\Console\\Command->execute(Object(Symfony\\Component\\Console\\Input\\ArgvInput), Object(Illuminate\\Console\\OutputStyle))\n#19 D:\\laragon\\www\\doantotnghiep\\vendor\\laravel\\framework\\src\\Illuminate\\Console\\Command.php(181): Symfony\\Component\\Console\\Command\\Command->run(Object(Symfony\\Component\\Console\\Input\\ArgvInput), Object(Illuminate\\Console\\OutputStyle))\n#20 D:\\laragon\\www\\doantotnghiep\\vendor\\symfony\\console\\Application.php(1096): Illuminate\\Console\\Command->run(Object(Symfony\\Component\\Console\\Input\\ArgvInput), Object(Symfony\\Component\\Console\\Output\\ConsoleOutput))\n#21 D:\\laragon\\www\\doantotnghiep\\vendor\\symfony\\console\\Application.php(324): Symfony\\Component\\Console\\Application->doRunCommand(Object(Illuminate\\Queue\\Console\\WorkCommand), Object(Symfony\\Component\\Console\\Input\\ArgvInput), Object(Symfony\\Component\\Console\\Output\\ConsoleOutput))\n#22 D:\\laragon\\www\\doantotnghiep\\vendor\\symfony\\console\\Application.php(175): Symfony\\Component\\Console\\Application->doRun(Object(Symfony\\Component\\Console\\Input\\ArgvInput), Object(Symfony\\Component\\Console\\Output\\ConsoleOutput))\n#23 D:\\laragon\\www\\doantotnghiep\\vendor\\laravel\\framework\\src\\Illuminate\\Foundation\\Console\\Kernel.php(201): Symfony\\Component\\Console\\Application->run(Object(Symfony\\Component\\Console\\Input\\ArgvInput), Object(Symfony\\Component\\Console\\Output\\ConsoleOutput))\n#24 D:\\laragon\\www\\doantotnghiep\\artisan(37): Illuminate\\Foundation\\Console\\Kernel->handle(Object(Symfony\\Component\\Console\\Input\\ArgvInput), Object(Symfony\\Component\\Console\\Output\\ConsoleOutput))\n#25 {main}', '2024-12-09 19:25:28');
INSERT INTO `failed_jobs` (`id`, `uuid`, `connection`, `queue`, `payload`, `exception`, `failed_at`) VALUES
(37, '822b2a24-44fb-4397-8415-9064c3ede280', 'database', 'default', '{\"uuid\":\"822b2a24-44fb-4397-8415-9064c3ede280\",\"displayName\":\"App\\\\Events\\\\PromotionCreated\",\"job\":\"Illuminate\\\\Queue\\\\CallQueuedHandler@call\",\"maxTries\":null,\"maxExceptions\":null,\"failOnTimeout\":false,\"backoff\":null,\"timeout\":null,\"retryUntil\":null,\"data\":{\"commandName\":\"Illuminate\\\\Broadcasting\\\\BroadcastEvent\",\"command\":\"O:38:\\\"Illuminate\\\\Broadcasting\\\\BroadcastEvent\\\":14:{s:5:\\\"event\\\";O:27:\\\"App\\\\Events\\\\PromotionCreated\\\":1:{s:9:\\\"promotion\\\";O:45:\\\"Illuminate\\\\Contracts\\\\Database\\\\ModelIdentifier\\\":5:{s:5:\\\"class\\\";s:20:\\\"App\\\\Models\\\\Promotion\\\";s:2:\\\"id\\\";i:16;s:9:\\\"relations\\\";a:0:{}s:10:\\\"connection\\\";s:5:\\\"mysql\\\";s:15:\\\"collectionClass\\\";N;}}s:5:\\\"tries\\\";N;s:7:\\\"timeout\\\";N;s:7:\\\"backoff\\\";N;s:13:\\\"maxExceptions\\\";N;s:10:\\\"connection\\\";N;s:5:\\\"queue\\\";N;s:15:\\\"chainConnection\\\";N;s:10:\\\"chainQueue\\\";N;s:19:\\\"chainCatchCallbacks\\\";N;s:5:\\\"delay\\\";N;s:11:\\\"afterCommit\\\";N;s:10:\\\"middleware\\\";a:0:{}s:7:\\\"chained\\\";a:0:{}}\"}}', 'Illuminate\\Database\\Eloquent\\ModelNotFoundException: No query results for model [App\\Models\\Promotion]. in D:\\laragon\\www\\doantotnghiep\\vendor\\laravel\\framework\\src\\Illuminate\\Database\\Eloquent\\Builder.php:621\nStack trace:\n#0 D:\\laragon\\www\\doantotnghiep\\vendor\\laravel\\framework\\src\\Illuminate\\Queue\\SerializesAndRestoresModelIdentifiers.php(109): Illuminate\\Database\\Eloquent\\Builder->firstOrFail()\n#1 D:\\laragon\\www\\doantotnghiep\\vendor\\laravel\\framework\\src\\Illuminate\\Queue\\SerializesAndRestoresModelIdentifiers.php(62): App\\Events\\PromotionCreated->restoreModel(Object(Illuminate\\Contracts\\Database\\ModelIdentifier))\n#2 D:\\laragon\\www\\doantotnghiep\\vendor\\laravel\\framework\\src\\Illuminate\\Queue\\SerializesModels.php(93): App\\Events\\PromotionCreated->getRestoredPropertyValue(Object(Illuminate\\Contracts\\Database\\ModelIdentifier))\n#3 [internal function]: App\\Events\\PromotionCreated->__unserialize(Array)\n#4 D:\\laragon\\www\\doantotnghiep\\vendor\\laravel\\framework\\src\\Illuminate\\Queue\\CallQueuedHandler.php(97): unserialize(\'O:38:\"Illuminat...\')\n#5 D:\\laragon\\www\\doantotnghiep\\vendor\\laravel\\framework\\src\\Illuminate\\Queue\\CallQueuedHandler.php(60): Illuminate\\Queue\\CallQueuedHandler->getCommand(Array)\n#6 D:\\laragon\\www\\doantotnghiep\\vendor\\laravel\\framework\\src\\Illuminate\\Queue\\Jobs\\Job.php(102): Illuminate\\Queue\\CallQueuedHandler->call(Object(Illuminate\\Queue\\Jobs\\DatabaseJob), Array)\n#7 D:\\laragon\\www\\doantotnghiep\\vendor\\laravel\\framework\\src\\Illuminate\\Queue\\Worker.php(439): Illuminate\\Queue\\Jobs\\Job->fire()\n#8 D:\\laragon\\www\\doantotnghiep\\vendor\\laravel\\framework\\src\\Illuminate\\Queue\\Worker.php(389): Illuminate\\Queue\\Worker->process(\'database\', Object(Illuminate\\Queue\\Jobs\\DatabaseJob), Object(Illuminate\\Queue\\WorkerOptions))\n#9 D:\\laragon\\www\\doantotnghiep\\vendor\\laravel\\framework\\src\\Illuminate\\Queue\\Worker.php(176): Illuminate\\Queue\\Worker->runJob(Object(Illuminate\\Queue\\Jobs\\DatabaseJob), \'database\', Object(Illuminate\\Queue\\WorkerOptions))\n#10 D:\\laragon\\www\\doantotnghiep\\vendor\\laravel\\framework\\src\\Illuminate\\Queue\\Console\\WorkCommand.php(138): Illuminate\\Queue\\Worker->daemon(\'database\', \'default\', Object(Illuminate\\Queue\\WorkerOptions))\n#11 D:\\laragon\\www\\doantotnghiep\\vendor\\laravel\\framework\\src\\Illuminate\\Queue\\Console\\WorkCommand.php(121): Illuminate\\Queue\\Console\\WorkCommand->runWorker(\'database\', \'default\')\n#12 D:\\laragon\\www\\doantotnghiep\\vendor\\laravel\\framework\\src\\Illuminate\\Container\\BoundMethod.php(36): Illuminate\\Queue\\Console\\WorkCommand->handle()\n#13 D:\\laragon\\www\\doantotnghiep\\vendor\\laravel\\framework\\src\\Illuminate\\Container\\Util.php(41): Illuminate\\Container\\BoundMethod::Illuminate\\Container\\{closure}()\n#14 D:\\laragon\\www\\doantotnghiep\\vendor\\laravel\\framework\\src\\Illuminate\\Container\\BoundMethod.php(93): Illuminate\\Container\\Util::unwrapIfClosure(Object(Closure))\n#15 D:\\laragon\\www\\doantotnghiep\\vendor\\laravel\\framework\\src\\Illuminate\\Container\\BoundMethod.php(37): Illuminate\\Container\\BoundMethod::callBoundMethod(Object(Illuminate\\Foundation\\Application), Array, Object(Closure))\n#16 D:\\laragon\\www\\doantotnghiep\\vendor\\laravel\\framework\\src\\Illuminate\\Container\\Container.php(662): Illuminate\\Container\\BoundMethod::call(Object(Illuminate\\Foundation\\Application), Array, Array, NULL)\n#17 D:\\laragon\\www\\doantotnghiep\\vendor\\laravel\\framework\\src\\Illuminate\\Console\\Command.php(211): Illuminate\\Container\\Container->call(Array)\n#18 D:\\laragon\\www\\doantotnghiep\\vendor\\symfony\\console\\Command\\Command.php(326): Illuminate\\Console\\Command->execute(Object(Symfony\\Component\\Console\\Input\\ArgvInput), Object(Illuminate\\Console\\OutputStyle))\n#19 D:\\laragon\\www\\doantotnghiep\\vendor\\laravel\\framework\\src\\Illuminate\\Console\\Command.php(181): Symfony\\Component\\Console\\Command\\Command->run(Object(Symfony\\Component\\Console\\Input\\ArgvInput), Object(Illuminate\\Console\\OutputStyle))\n#20 D:\\laragon\\www\\doantotnghiep\\vendor\\symfony\\console\\Application.php(1096): Illuminate\\Console\\Command->run(Object(Symfony\\Component\\Console\\Input\\ArgvInput), Object(Symfony\\Component\\Console\\Output\\ConsoleOutput))\n#21 D:\\laragon\\www\\doantotnghiep\\vendor\\symfony\\console\\Application.php(324): Symfony\\Component\\Console\\Application->doRunCommand(Object(Illuminate\\Queue\\Console\\WorkCommand), Object(Symfony\\Component\\Console\\Input\\ArgvInput), Object(Symfony\\Component\\Console\\Output\\ConsoleOutput))\n#22 D:\\laragon\\www\\doantotnghiep\\vendor\\symfony\\console\\Application.php(175): Symfony\\Component\\Console\\Application->doRun(Object(Symfony\\Component\\Console\\Input\\ArgvInput), Object(Symfony\\Component\\Console\\Output\\ConsoleOutput))\n#23 D:\\laragon\\www\\doantotnghiep\\vendor\\laravel\\framework\\src\\Illuminate\\Foundation\\Console\\Kernel.php(201): Symfony\\Component\\Console\\Application->run(Object(Symfony\\Component\\Console\\Input\\ArgvInput), Object(Symfony\\Component\\Console\\Output\\ConsoleOutput))\n#24 D:\\laragon\\www\\doantotnghiep\\artisan(37): Illuminate\\Foundation\\Console\\Kernel->handle(Object(Symfony\\Component\\Console\\Input\\ArgvInput), Object(Symfony\\Component\\Console\\Output\\ConsoleOutput))\n#25 {main}', '2024-12-09 19:25:28'),
(38, '20f4e1f8-6571-4e98-b8fd-d8ba1bdd47fe', 'database', 'default', '{\"uuid\":\"20f4e1f8-6571-4e98-b8fd-d8ba1bdd47fe\",\"displayName\":\"App\\\\Events\\\\PromotionCreated\",\"job\":\"Illuminate\\\\Queue\\\\CallQueuedHandler@call\",\"maxTries\":null,\"maxExceptions\":null,\"failOnTimeout\":false,\"backoff\":null,\"timeout\":null,\"retryUntil\":null,\"data\":{\"commandName\":\"Illuminate\\\\Broadcasting\\\\BroadcastEvent\",\"command\":\"O:38:\\\"Illuminate\\\\Broadcasting\\\\BroadcastEvent\\\":14:{s:5:\\\"event\\\";O:27:\\\"App\\\\Events\\\\PromotionCreated\\\":1:{s:9:\\\"promotion\\\";O:45:\\\"Illuminate\\\\Contracts\\\\Database\\\\ModelIdentifier\\\":5:{s:5:\\\"class\\\";s:20:\\\"App\\\\Models\\\\Promotion\\\";s:2:\\\"id\\\";i:17;s:9:\\\"relations\\\";a:0:{}s:10:\\\"connection\\\";s:5:\\\"mysql\\\";s:15:\\\"collectionClass\\\";N;}}s:5:\\\"tries\\\";N;s:7:\\\"timeout\\\";N;s:7:\\\"backoff\\\";N;s:13:\\\"maxExceptions\\\";N;s:10:\\\"connection\\\";N;s:5:\\\"queue\\\";N;s:15:\\\"chainConnection\\\";N;s:10:\\\"chainQueue\\\";N;s:19:\\\"chainCatchCallbacks\\\";N;s:5:\\\"delay\\\";N;s:11:\\\"afterCommit\\\";N;s:10:\\\"middleware\\\";a:0:{}s:7:\\\"chained\\\";a:0:{}}\"}}', 'Illuminate\\Database\\Eloquent\\ModelNotFoundException: No query results for model [App\\Models\\Promotion]. in D:\\laragon\\www\\doantotnghiep\\vendor\\laravel\\framework\\src\\Illuminate\\Database\\Eloquent\\Builder.php:621\nStack trace:\n#0 D:\\laragon\\www\\doantotnghiep\\vendor\\laravel\\framework\\src\\Illuminate\\Queue\\SerializesAndRestoresModelIdentifiers.php(109): Illuminate\\Database\\Eloquent\\Builder->firstOrFail()\n#1 D:\\laragon\\www\\doantotnghiep\\vendor\\laravel\\framework\\src\\Illuminate\\Queue\\SerializesAndRestoresModelIdentifiers.php(62): App\\Events\\PromotionCreated->restoreModel(Object(Illuminate\\Contracts\\Database\\ModelIdentifier))\n#2 D:\\laragon\\www\\doantotnghiep\\vendor\\laravel\\framework\\src\\Illuminate\\Queue\\SerializesModels.php(93): App\\Events\\PromotionCreated->getRestoredPropertyValue(Object(Illuminate\\Contracts\\Database\\ModelIdentifier))\n#3 [internal function]: App\\Events\\PromotionCreated->__unserialize(Array)\n#4 D:\\laragon\\www\\doantotnghiep\\vendor\\laravel\\framework\\src\\Illuminate\\Queue\\CallQueuedHandler.php(97): unserialize(\'O:38:\"Illuminat...\')\n#5 D:\\laragon\\www\\doantotnghiep\\vendor\\laravel\\framework\\src\\Illuminate\\Queue\\CallQueuedHandler.php(60): Illuminate\\Queue\\CallQueuedHandler->getCommand(Array)\n#6 D:\\laragon\\www\\doantotnghiep\\vendor\\laravel\\framework\\src\\Illuminate\\Queue\\Jobs\\Job.php(102): Illuminate\\Queue\\CallQueuedHandler->call(Object(Illuminate\\Queue\\Jobs\\DatabaseJob), Array)\n#7 D:\\laragon\\www\\doantotnghiep\\vendor\\laravel\\framework\\src\\Illuminate\\Queue\\Worker.php(439): Illuminate\\Queue\\Jobs\\Job->fire()\n#8 D:\\laragon\\www\\doantotnghiep\\vendor\\laravel\\framework\\src\\Illuminate\\Queue\\Worker.php(389): Illuminate\\Queue\\Worker->process(\'database\', Object(Illuminate\\Queue\\Jobs\\DatabaseJob), Object(Illuminate\\Queue\\WorkerOptions))\n#9 D:\\laragon\\www\\doantotnghiep\\vendor\\laravel\\framework\\src\\Illuminate\\Queue\\Worker.php(176): Illuminate\\Queue\\Worker->runJob(Object(Illuminate\\Queue\\Jobs\\DatabaseJob), \'database\', Object(Illuminate\\Queue\\WorkerOptions))\n#10 D:\\laragon\\www\\doantotnghiep\\vendor\\laravel\\framework\\src\\Illuminate\\Queue\\Console\\WorkCommand.php(138): Illuminate\\Queue\\Worker->daemon(\'database\', \'default\', Object(Illuminate\\Queue\\WorkerOptions))\n#11 D:\\laragon\\www\\doantotnghiep\\vendor\\laravel\\framework\\src\\Illuminate\\Queue\\Console\\WorkCommand.php(121): Illuminate\\Queue\\Console\\WorkCommand->runWorker(\'database\', \'default\')\n#12 D:\\laragon\\www\\doantotnghiep\\vendor\\laravel\\framework\\src\\Illuminate\\Container\\BoundMethod.php(36): Illuminate\\Queue\\Console\\WorkCommand->handle()\n#13 D:\\laragon\\www\\doantotnghiep\\vendor\\laravel\\framework\\src\\Illuminate\\Container\\Util.php(41): Illuminate\\Container\\BoundMethod::Illuminate\\Container\\{closure}()\n#14 D:\\laragon\\www\\doantotnghiep\\vendor\\laravel\\framework\\src\\Illuminate\\Container\\BoundMethod.php(93): Illuminate\\Container\\Util::unwrapIfClosure(Object(Closure))\n#15 D:\\laragon\\www\\doantotnghiep\\vendor\\laravel\\framework\\src\\Illuminate\\Container\\BoundMethod.php(37): Illuminate\\Container\\BoundMethod::callBoundMethod(Object(Illuminate\\Foundation\\Application), Array, Object(Closure))\n#16 D:\\laragon\\www\\doantotnghiep\\vendor\\laravel\\framework\\src\\Illuminate\\Container\\Container.php(662): Illuminate\\Container\\BoundMethod::call(Object(Illuminate\\Foundation\\Application), Array, Array, NULL)\n#17 D:\\laragon\\www\\doantotnghiep\\vendor\\laravel\\framework\\src\\Illuminate\\Console\\Command.php(211): Illuminate\\Container\\Container->call(Array)\n#18 D:\\laragon\\www\\doantotnghiep\\vendor\\symfony\\console\\Command\\Command.php(326): Illuminate\\Console\\Command->execute(Object(Symfony\\Component\\Console\\Input\\ArgvInput), Object(Illuminate\\Console\\OutputStyle))\n#19 D:\\laragon\\www\\doantotnghiep\\vendor\\laravel\\framework\\src\\Illuminate\\Console\\Command.php(181): Symfony\\Component\\Console\\Command\\Command->run(Object(Symfony\\Component\\Console\\Input\\ArgvInput), Object(Illuminate\\Console\\OutputStyle))\n#20 D:\\laragon\\www\\doantotnghiep\\vendor\\symfony\\console\\Application.php(1096): Illuminate\\Console\\Command->run(Object(Symfony\\Component\\Console\\Input\\ArgvInput), Object(Symfony\\Component\\Console\\Output\\ConsoleOutput))\n#21 D:\\laragon\\www\\doantotnghiep\\vendor\\symfony\\console\\Application.php(324): Symfony\\Component\\Console\\Application->doRunCommand(Object(Illuminate\\Queue\\Console\\WorkCommand), Object(Symfony\\Component\\Console\\Input\\ArgvInput), Object(Symfony\\Component\\Console\\Output\\ConsoleOutput))\n#22 D:\\laragon\\www\\doantotnghiep\\vendor\\symfony\\console\\Application.php(175): Symfony\\Component\\Console\\Application->doRun(Object(Symfony\\Component\\Console\\Input\\ArgvInput), Object(Symfony\\Component\\Console\\Output\\ConsoleOutput))\n#23 D:\\laragon\\www\\doantotnghiep\\vendor\\laravel\\framework\\src\\Illuminate\\Foundation\\Console\\Kernel.php(201): Symfony\\Component\\Console\\Application->run(Object(Symfony\\Component\\Console\\Input\\ArgvInput), Object(Symfony\\Component\\Console\\Output\\ConsoleOutput))\n#24 D:\\laragon\\www\\doantotnghiep\\artisan(37): Illuminate\\Foundation\\Console\\Kernel->handle(Object(Symfony\\Component\\Console\\Input\\ArgvInput), Object(Symfony\\Component\\Console\\Output\\ConsoleOutput))\n#25 {main}', '2024-12-09 19:25:28'),
(39, '25a27592-6b12-4d44-aa48-4d6d0ad3588d', 'database', 'default', '{\"uuid\":\"25a27592-6b12-4d44-aa48-4d6d0ad3588d\",\"displayName\":\"App\\\\Listeners\\\\SendNotification\",\"job\":\"Illuminate\\\\Queue\\\\CallQueuedHandler@call\",\"maxTries\":null,\"maxExceptions\":null,\"failOnTimeout\":false,\"backoff\":null,\"timeout\":null,\"retryUntil\":null,\"data\":{\"commandName\":\"Illuminate\\\\Events\\\\CallQueuedListener\",\"command\":\"O:36:\\\"Illuminate\\\\Events\\\\CallQueuedListener\\\":20:{s:5:\\\"class\\\";s:30:\\\"App\\\\Listeners\\\\SendNotification\\\";s:6:\\\"method\\\";s:6:\\\"handle\\\";s:4:\\\"data\\\";a:1:{i:0;O:22:\\\"App\\\\Events\\\\OrderTicket\\\":1:{s:6:\\\"ticket\\\";O:45:\\\"Illuminate\\\\Contracts\\\\Database\\\\ModelIdentifier\\\":5:{s:5:\\\"class\\\";s:24:\\\"App\\\\Models\\\\TicketBooking\\\";s:2:\\\"id\\\";i:131;s:9:\\\"relations\\\";a:6:{i:0;s:3:\\\"bus\\\";i:1;s:10:\\\"bus.driver\\\";i:2;s:5:\\\"route\\\";i:3;s:4:\\\"trip\\\";i:4;s:13:\\\"ticketDetails\\\";i:5;s:13:\\\"paymentMethod\\\";}s:10:\\\"connection\\\";s:5:\\\"mysql\\\";s:15:\\\"collectionClass\\\";N;}}}s:5:\\\"tries\\\";N;s:13:\\\"maxExceptions\\\";N;s:7:\\\"backoff\\\";N;s:10:\\\"retryUntil\\\";N;s:7:\\\"timeout\\\";N;s:13:\\\"failOnTimeout\\\";b:0;s:17:\\\"shouldBeEncrypted\\\";b:0;s:3:\\\"job\\\";N;s:10:\\\"connection\\\";N;s:5:\\\"queue\\\";N;s:15:\\\"chainConnection\\\";N;s:10:\\\"chainQueue\\\";N;s:19:\\\"chainCatchCallbacks\\\";N;s:5:\\\"delay\\\";N;s:11:\\\"afterCommit\\\";N;s:10:\\\"middleware\\\";a:0:{}s:7:\\\"chained\\\";a:0:{}}\"}}', 'Illuminate\\Database\\Eloquent\\ModelNotFoundException: No query results for model [App\\Models\\TicketBooking]. in D:\\laragon\\www\\doantotnghiep\\vendor\\laravel\\framework\\src\\Illuminate\\Database\\Eloquent\\Builder.php:621\nStack trace:\n#0 D:\\laragon\\www\\doantotnghiep\\vendor\\laravel\\framework\\src\\Illuminate\\Queue\\SerializesAndRestoresModelIdentifiers.php(109): Illuminate\\Database\\Eloquent\\Builder->firstOrFail()\n#1 D:\\laragon\\www\\doantotnghiep\\vendor\\laravel\\framework\\src\\Illuminate\\Queue\\SerializesAndRestoresModelIdentifiers.php(62): App\\Events\\OrderTicket->restoreModel(Object(Illuminate\\Contracts\\Database\\ModelIdentifier))\n#2 D:\\laragon\\www\\doantotnghiep\\vendor\\laravel\\framework\\src\\Illuminate\\Queue\\SerializesModels.php(93): App\\Events\\OrderTicket->getRestoredPropertyValue(Object(Illuminate\\Contracts\\Database\\ModelIdentifier))\n#3 [internal function]: App\\Events\\OrderTicket->__unserialize(Array)\n#4 D:\\laragon\\www\\doantotnghiep\\vendor\\laravel\\framework\\src\\Illuminate\\Queue\\CallQueuedHandler.php(97): unserialize(\'O:36:\"Illuminat...\')\n#5 D:\\laragon\\www\\doantotnghiep\\vendor\\laravel\\framework\\src\\Illuminate\\Queue\\CallQueuedHandler.php(60): Illuminate\\Queue\\CallQueuedHandler->getCommand(Array)\n#6 D:\\laragon\\www\\doantotnghiep\\vendor\\laravel\\framework\\src\\Illuminate\\Queue\\Jobs\\Job.php(102): Illuminate\\Queue\\CallQueuedHandler->call(Object(Illuminate\\Queue\\Jobs\\DatabaseJob), Array)\n#7 D:\\laragon\\www\\doantotnghiep\\vendor\\laravel\\framework\\src\\Illuminate\\Queue\\Worker.php(439): Illuminate\\Queue\\Jobs\\Job->fire()\n#8 D:\\laragon\\www\\doantotnghiep\\vendor\\laravel\\framework\\src\\Illuminate\\Queue\\Worker.php(389): Illuminate\\Queue\\Worker->process(\'database\', Object(Illuminate\\Queue\\Jobs\\DatabaseJob), Object(Illuminate\\Queue\\WorkerOptions))\n#9 D:\\laragon\\www\\doantotnghiep\\vendor\\laravel\\framework\\src\\Illuminate\\Queue\\Worker.php(176): Illuminate\\Queue\\Worker->runJob(Object(Illuminate\\Queue\\Jobs\\DatabaseJob), \'database\', Object(Illuminate\\Queue\\WorkerOptions))\n#10 D:\\laragon\\www\\doantotnghiep\\vendor\\laravel\\framework\\src\\Illuminate\\Queue\\Console\\WorkCommand.php(138): Illuminate\\Queue\\Worker->daemon(\'database\', \'default\', Object(Illuminate\\Queue\\WorkerOptions))\n#11 D:\\laragon\\www\\doantotnghiep\\vendor\\laravel\\framework\\src\\Illuminate\\Queue\\Console\\WorkCommand.php(121): Illuminate\\Queue\\Console\\WorkCommand->runWorker(\'database\', \'default\')\n#12 D:\\laragon\\www\\doantotnghiep\\vendor\\laravel\\framework\\src\\Illuminate\\Container\\BoundMethod.php(36): Illuminate\\Queue\\Console\\WorkCommand->handle()\n#13 D:\\laragon\\www\\doantotnghiep\\vendor\\laravel\\framework\\src\\Illuminate\\Container\\Util.php(41): Illuminate\\Container\\BoundMethod::Illuminate\\Container\\{closure}()\n#14 D:\\laragon\\www\\doantotnghiep\\vendor\\laravel\\framework\\src\\Illuminate\\Container\\BoundMethod.php(93): Illuminate\\Container\\Util::unwrapIfClosure(Object(Closure))\n#15 D:\\laragon\\www\\doantotnghiep\\vendor\\laravel\\framework\\src\\Illuminate\\Container\\BoundMethod.php(37): Illuminate\\Container\\BoundMethod::callBoundMethod(Object(Illuminate\\Foundation\\Application), Array, Object(Closure))\n#16 D:\\laragon\\www\\doantotnghiep\\vendor\\laravel\\framework\\src\\Illuminate\\Container\\Container.php(662): Illuminate\\Container\\BoundMethod::call(Object(Illuminate\\Foundation\\Application), Array, Array, NULL)\n#17 D:\\laragon\\www\\doantotnghiep\\vendor\\laravel\\framework\\src\\Illuminate\\Console\\Command.php(211): Illuminate\\Container\\Container->call(Array)\n#18 D:\\laragon\\www\\doantotnghiep\\vendor\\symfony\\console\\Command\\Command.php(326): Illuminate\\Console\\Command->execute(Object(Symfony\\Component\\Console\\Input\\ArgvInput), Object(Illuminate\\Console\\OutputStyle))\n#19 D:\\laragon\\www\\doantotnghiep\\vendor\\laravel\\framework\\src\\Illuminate\\Console\\Command.php(181): Symfony\\Component\\Console\\Command\\Command->run(Object(Symfony\\Component\\Console\\Input\\ArgvInput), Object(Illuminate\\Console\\OutputStyle))\n#20 D:\\laragon\\www\\doantotnghiep\\vendor\\symfony\\console\\Application.php(1096): Illuminate\\Console\\Command->run(Object(Symfony\\Component\\Console\\Input\\ArgvInput), Object(Symfony\\Component\\Console\\Output\\ConsoleOutput))\n#21 D:\\laragon\\www\\doantotnghiep\\vendor\\symfony\\console\\Application.php(324): Symfony\\Component\\Console\\Application->doRunCommand(Object(Illuminate\\Queue\\Console\\WorkCommand), Object(Symfony\\Component\\Console\\Input\\ArgvInput), Object(Symfony\\Component\\Console\\Output\\ConsoleOutput))\n#22 D:\\laragon\\www\\doantotnghiep\\vendor\\symfony\\console\\Application.php(175): Symfony\\Component\\Console\\Application->doRun(Object(Symfony\\Component\\Console\\Input\\ArgvInput), Object(Symfony\\Component\\Console\\Output\\ConsoleOutput))\n#23 D:\\laragon\\www\\doantotnghiep\\vendor\\laravel\\framework\\src\\Illuminate\\Foundation\\Console\\Kernel.php(201): Symfony\\Component\\Console\\Application->run(Object(Symfony\\Component\\Console\\Input\\ArgvInput), Object(Symfony\\Component\\Console\\Output\\ConsoleOutput))\n#24 D:\\laragon\\www\\doantotnghiep\\artisan(37): Illuminate\\Foundation\\Console\\Kernel->handle(Object(Symfony\\Component\\Console\\Input\\ArgvInput), Object(Symfony\\Component\\Console\\Output\\ConsoleOutput))\n#25 {main}', '2024-12-09 19:25:34'),
(40, '7b065dcb-2028-45f4-a220-e90e4b1a1f60', 'database', 'default', '{\"uuid\":\"7b065dcb-2028-45f4-a220-e90e4b1a1f60\",\"displayName\":\"App\\\\Listeners\\\\SendNotification\",\"job\":\"Illuminate\\\\Queue\\\\CallQueuedHandler@call\",\"maxTries\":null,\"maxExceptions\":null,\"failOnTimeout\":false,\"backoff\":null,\"timeout\":null,\"retryUntil\":null,\"data\":{\"commandName\":\"Illuminate\\\\Events\\\\CallQueuedListener\",\"command\":\"O:36:\\\"Illuminate\\\\Events\\\\CallQueuedListener\\\":20:{s:5:\\\"class\\\";s:30:\\\"App\\\\Listeners\\\\SendNotification\\\";s:6:\\\"method\\\";s:6:\\\"handle\\\";s:4:\\\"data\\\";a:1:{i:0;O:22:\\\"App\\\\Events\\\\OrderTicket\\\":1:{s:6:\\\"ticket\\\";O:45:\\\"Illuminate\\\\Contracts\\\\Database\\\\ModelIdentifier\\\":5:{s:5:\\\"class\\\";s:24:\\\"App\\\\Models\\\\TicketBooking\\\";s:2:\\\"id\\\";i:132;s:9:\\\"relations\\\";a:6:{i:0;s:3:\\\"bus\\\";i:1;s:10:\\\"bus.driver\\\";i:2;s:5:\\\"route\\\";i:3;s:4:\\\"trip\\\";i:4;s:13:\\\"ticketDetails\\\";i:5;s:13:\\\"paymentMethod\\\";}s:10:\\\"connection\\\";s:5:\\\"mysql\\\";s:15:\\\"collectionClass\\\";N;}}}s:5:\\\"tries\\\";N;s:13:\\\"maxExceptions\\\";N;s:7:\\\"backoff\\\";N;s:10:\\\"retryUntil\\\";N;s:7:\\\"timeout\\\";N;s:13:\\\"failOnTimeout\\\";b:0;s:17:\\\"shouldBeEncrypted\\\";b:0;s:3:\\\"job\\\";N;s:10:\\\"connection\\\";N;s:5:\\\"queue\\\";N;s:15:\\\"chainConnection\\\";N;s:10:\\\"chainQueue\\\";N;s:19:\\\"chainCatchCallbacks\\\";N;s:5:\\\"delay\\\";N;s:11:\\\"afterCommit\\\";N;s:10:\\\"middleware\\\";a:0:{}s:7:\\\"chained\\\";a:0:{}}\"}}', 'Illuminate\\Database\\Eloquent\\ModelNotFoundException: No query results for model [App\\Models\\TicketBooking]. in D:\\laragon\\www\\doantotnghiep\\vendor\\laravel\\framework\\src\\Illuminate\\Database\\Eloquent\\Builder.php:621\nStack trace:\n#0 D:\\laragon\\www\\doantotnghiep\\vendor\\laravel\\framework\\src\\Illuminate\\Queue\\SerializesAndRestoresModelIdentifiers.php(109): Illuminate\\Database\\Eloquent\\Builder->firstOrFail()\n#1 D:\\laragon\\www\\doantotnghiep\\vendor\\laravel\\framework\\src\\Illuminate\\Queue\\SerializesAndRestoresModelIdentifiers.php(62): App\\Events\\OrderTicket->restoreModel(Object(Illuminate\\Contracts\\Database\\ModelIdentifier))\n#2 D:\\laragon\\www\\doantotnghiep\\vendor\\laravel\\framework\\src\\Illuminate\\Queue\\SerializesModels.php(93): App\\Events\\OrderTicket->getRestoredPropertyValue(Object(Illuminate\\Contracts\\Database\\ModelIdentifier))\n#3 [internal function]: App\\Events\\OrderTicket->__unserialize(Array)\n#4 D:\\laragon\\www\\doantotnghiep\\vendor\\laravel\\framework\\src\\Illuminate\\Queue\\CallQueuedHandler.php(97): unserialize(\'O:36:\"Illuminat...\')\n#5 D:\\laragon\\www\\doantotnghiep\\vendor\\laravel\\framework\\src\\Illuminate\\Queue\\CallQueuedHandler.php(60): Illuminate\\Queue\\CallQueuedHandler->getCommand(Array)\n#6 D:\\laragon\\www\\doantotnghiep\\vendor\\laravel\\framework\\src\\Illuminate\\Queue\\Jobs\\Job.php(102): Illuminate\\Queue\\CallQueuedHandler->call(Object(Illuminate\\Queue\\Jobs\\DatabaseJob), Array)\n#7 D:\\laragon\\www\\doantotnghiep\\vendor\\laravel\\framework\\src\\Illuminate\\Queue\\Worker.php(439): Illuminate\\Queue\\Jobs\\Job->fire()\n#8 D:\\laragon\\www\\doantotnghiep\\vendor\\laravel\\framework\\src\\Illuminate\\Queue\\Worker.php(389): Illuminate\\Queue\\Worker->process(\'database\', Object(Illuminate\\Queue\\Jobs\\DatabaseJob), Object(Illuminate\\Queue\\WorkerOptions))\n#9 D:\\laragon\\www\\doantotnghiep\\vendor\\laravel\\framework\\src\\Illuminate\\Queue\\Worker.php(176): Illuminate\\Queue\\Worker->runJob(Object(Illuminate\\Queue\\Jobs\\DatabaseJob), \'database\', Object(Illuminate\\Queue\\WorkerOptions))\n#10 D:\\laragon\\www\\doantotnghiep\\vendor\\laravel\\framework\\src\\Illuminate\\Queue\\Console\\WorkCommand.php(138): Illuminate\\Queue\\Worker->daemon(\'database\', \'default\', Object(Illuminate\\Queue\\WorkerOptions))\n#11 D:\\laragon\\www\\doantotnghiep\\vendor\\laravel\\framework\\src\\Illuminate\\Queue\\Console\\WorkCommand.php(121): Illuminate\\Queue\\Console\\WorkCommand->runWorker(\'database\', \'default\')\n#12 D:\\laragon\\www\\doantotnghiep\\vendor\\laravel\\framework\\src\\Illuminate\\Container\\BoundMethod.php(36): Illuminate\\Queue\\Console\\WorkCommand->handle()\n#13 D:\\laragon\\www\\doantotnghiep\\vendor\\laravel\\framework\\src\\Illuminate\\Container\\Util.php(41): Illuminate\\Container\\BoundMethod::Illuminate\\Container\\{closure}()\n#14 D:\\laragon\\www\\doantotnghiep\\vendor\\laravel\\framework\\src\\Illuminate\\Container\\BoundMethod.php(93): Illuminate\\Container\\Util::unwrapIfClosure(Object(Closure))\n#15 D:\\laragon\\www\\doantotnghiep\\vendor\\laravel\\framework\\src\\Illuminate\\Container\\BoundMethod.php(37): Illuminate\\Container\\BoundMethod::callBoundMethod(Object(Illuminate\\Foundation\\Application), Array, Object(Closure))\n#16 D:\\laragon\\www\\doantotnghiep\\vendor\\laravel\\framework\\src\\Illuminate\\Container\\Container.php(662): Illuminate\\Container\\BoundMethod::call(Object(Illuminate\\Foundation\\Application), Array, Array, NULL)\n#17 D:\\laragon\\www\\doantotnghiep\\vendor\\laravel\\framework\\src\\Illuminate\\Console\\Command.php(211): Illuminate\\Container\\Container->call(Array)\n#18 D:\\laragon\\www\\doantotnghiep\\vendor\\symfony\\console\\Command\\Command.php(326): Illuminate\\Console\\Command->execute(Object(Symfony\\Component\\Console\\Input\\ArgvInput), Object(Illuminate\\Console\\OutputStyle))\n#19 D:\\laragon\\www\\doantotnghiep\\vendor\\laravel\\framework\\src\\Illuminate\\Console\\Command.php(181): Symfony\\Component\\Console\\Command\\Command->run(Object(Symfony\\Component\\Console\\Input\\ArgvInput), Object(Illuminate\\Console\\OutputStyle))\n#20 D:\\laragon\\www\\doantotnghiep\\vendor\\symfony\\console\\Application.php(1096): Illuminate\\Console\\Command->run(Object(Symfony\\Component\\Console\\Input\\ArgvInput), Object(Symfony\\Component\\Console\\Output\\ConsoleOutput))\n#21 D:\\laragon\\www\\doantotnghiep\\vendor\\symfony\\console\\Application.php(324): Symfony\\Component\\Console\\Application->doRunCommand(Object(Illuminate\\Queue\\Console\\WorkCommand), Object(Symfony\\Component\\Console\\Input\\ArgvInput), Object(Symfony\\Component\\Console\\Output\\ConsoleOutput))\n#22 D:\\laragon\\www\\doantotnghiep\\vendor\\symfony\\console\\Application.php(175): Symfony\\Component\\Console\\Application->doRun(Object(Symfony\\Component\\Console\\Input\\ArgvInput), Object(Symfony\\Component\\Console\\Output\\ConsoleOutput))\n#23 D:\\laragon\\www\\doantotnghiep\\vendor\\laravel\\framework\\src\\Illuminate\\Foundation\\Console\\Kernel.php(201): Symfony\\Component\\Console\\Application->run(Object(Symfony\\Component\\Console\\Input\\ArgvInput), Object(Symfony\\Component\\Console\\Output\\ConsoleOutput))\n#24 D:\\laragon\\www\\doantotnghiep\\artisan(37): Illuminate\\Foundation\\Console\\Kernel->handle(Object(Symfony\\Component\\Console\\Input\\ArgvInput), Object(Symfony\\Component\\Console\\Output\\ConsoleOutput))\n#25 {main}', '2024-12-09 19:25:34'),
(41, 'ecc05609-272e-40bf-a6af-c67fb9dc18c2', 'database', 'default', '{\"uuid\":\"ecc05609-272e-40bf-a6af-c67fb9dc18c2\",\"displayName\":\"App\\\\Listeners\\\\SendNotification\",\"job\":\"Illuminate\\\\Queue\\\\CallQueuedHandler@call\",\"maxTries\":null,\"maxExceptions\":null,\"failOnTimeout\":false,\"backoff\":null,\"timeout\":null,\"retryUntil\":null,\"data\":{\"commandName\":\"Illuminate\\\\Events\\\\CallQueuedListener\",\"command\":\"O:36:\\\"Illuminate\\\\Events\\\\CallQueuedListener\\\":20:{s:5:\\\"class\\\";s:30:\\\"App\\\\Listeners\\\\SendNotification\\\";s:6:\\\"method\\\";s:6:\\\"handle\\\";s:4:\\\"data\\\";a:1:{i:0;O:22:\\\"App\\\\Events\\\\OrderTicket\\\":1:{s:6:\\\"ticket\\\";O:45:\\\"Illuminate\\\\Contracts\\\\Database\\\\ModelIdentifier\\\":5:{s:5:\\\"class\\\";s:24:\\\"App\\\\Models\\\\TicketBooking\\\";s:2:\\\"id\\\";i:133;s:9:\\\"relations\\\";a:6:{i:0;s:3:\\\"bus\\\";i:1;s:10:\\\"bus.driver\\\";i:2;s:5:\\\"route\\\";i:3;s:4:\\\"trip\\\";i:4;s:13:\\\"ticketDetails\\\";i:5;s:13:\\\"paymentMethod\\\";}s:10:\\\"connection\\\";s:5:\\\"mysql\\\";s:15:\\\"collectionClass\\\";N;}}}s:5:\\\"tries\\\";N;s:13:\\\"maxExceptions\\\";N;s:7:\\\"backoff\\\";N;s:10:\\\"retryUntil\\\";N;s:7:\\\"timeout\\\";N;s:13:\\\"failOnTimeout\\\";b:0;s:17:\\\"shouldBeEncrypted\\\";b:0;s:3:\\\"job\\\";N;s:10:\\\"connection\\\";N;s:5:\\\"queue\\\";N;s:15:\\\"chainConnection\\\";N;s:10:\\\"chainQueue\\\";N;s:19:\\\"chainCatchCallbacks\\\";N;s:5:\\\"delay\\\";N;s:11:\\\"afterCommit\\\";N;s:10:\\\"middleware\\\";a:0:{}s:7:\\\"chained\\\";a:0:{}}\"}}', 'Illuminate\\Database\\Eloquent\\ModelNotFoundException: No query results for model [App\\Models\\TicketBooking]. in D:\\laragon\\www\\doantotnghiep\\vendor\\laravel\\framework\\src\\Illuminate\\Database\\Eloquent\\Builder.php:621\nStack trace:\n#0 D:\\laragon\\www\\doantotnghiep\\vendor\\laravel\\framework\\src\\Illuminate\\Queue\\SerializesAndRestoresModelIdentifiers.php(109): Illuminate\\Database\\Eloquent\\Builder->firstOrFail()\n#1 D:\\laragon\\www\\doantotnghiep\\vendor\\laravel\\framework\\src\\Illuminate\\Queue\\SerializesAndRestoresModelIdentifiers.php(62): App\\Events\\OrderTicket->restoreModel(Object(Illuminate\\Contracts\\Database\\ModelIdentifier))\n#2 D:\\laragon\\www\\doantotnghiep\\vendor\\laravel\\framework\\src\\Illuminate\\Queue\\SerializesModels.php(93): App\\Events\\OrderTicket->getRestoredPropertyValue(Object(Illuminate\\Contracts\\Database\\ModelIdentifier))\n#3 [internal function]: App\\Events\\OrderTicket->__unserialize(Array)\n#4 D:\\laragon\\www\\doantotnghiep\\vendor\\laravel\\framework\\src\\Illuminate\\Queue\\CallQueuedHandler.php(97): unserialize(\'O:36:\"Illuminat...\')\n#5 D:\\laragon\\www\\doantotnghiep\\vendor\\laravel\\framework\\src\\Illuminate\\Queue\\CallQueuedHandler.php(60): Illuminate\\Queue\\CallQueuedHandler->getCommand(Array)\n#6 D:\\laragon\\www\\doantotnghiep\\vendor\\laravel\\framework\\src\\Illuminate\\Queue\\Jobs\\Job.php(102): Illuminate\\Queue\\CallQueuedHandler->call(Object(Illuminate\\Queue\\Jobs\\DatabaseJob), Array)\n#7 D:\\laragon\\www\\doantotnghiep\\vendor\\laravel\\framework\\src\\Illuminate\\Queue\\Worker.php(439): Illuminate\\Queue\\Jobs\\Job->fire()\n#8 D:\\laragon\\www\\doantotnghiep\\vendor\\laravel\\framework\\src\\Illuminate\\Queue\\Worker.php(389): Illuminate\\Queue\\Worker->process(\'database\', Object(Illuminate\\Queue\\Jobs\\DatabaseJob), Object(Illuminate\\Queue\\WorkerOptions))\n#9 D:\\laragon\\www\\doantotnghiep\\vendor\\laravel\\framework\\src\\Illuminate\\Queue\\Worker.php(176): Illuminate\\Queue\\Worker->runJob(Object(Illuminate\\Queue\\Jobs\\DatabaseJob), \'database\', Object(Illuminate\\Queue\\WorkerOptions))\n#10 D:\\laragon\\www\\doantotnghiep\\vendor\\laravel\\framework\\src\\Illuminate\\Queue\\Console\\WorkCommand.php(138): Illuminate\\Queue\\Worker->daemon(\'database\', \'default\', Object(Illuminate\\Queue\\WorkerOptions))\n#11 D:\\laragon\\www\\doantotnghiep\\vendor\\laravel\\framework\\src\\Illuminate\\Queue\\Console\\WorkCommand.php(121): Illuminate\\Queue\\Console\\WorkCommand->runWorker(\'database\', \'default\')\n#12 D:\\laragon\\www\\doantotnghiep\\vendor\\laravel\\framework\\src\\Illuminate\\Container\\BoundMethod.php(36): Illuminate\\Queue\\Console\\WorkCommand->handle()\n#13 D:\\laragon\\www\\doantotnghiep\\vendor\\laravel\\framework\\src\\Illuminate\\Container\\Util.php(41): Illuminate\\Container\\BoundMethod::Illuminate\\Container\\{closure}()\n#14 D:\\laragon\\www\\doantotnghiep\\vendor\\laravel\\framework\\src\\Illuminate\\Container\\BoundMethod.php(93): Illuminate\\Container\\Util::unwrapIfClosure(Object(Closure))\n#15 D:\\laragon\\www\\doantotnghiep\\vendor\\laravel\\framework\\src\\Illuminate\\Container\\BoundMethod.php(37): Illuminate\\Container\\BoundMethod::callBoundMethod(Object(Illuminate\\Foundation\\Application), Array, Object(Closure))\n#16 D:\\laragon\\www\\doantotnghiep\\vendor\\laravel\\framework\\src\\Illuminate\\Container\\Container.php(662): Illuminate\\Container\\BoundMethod::call(Object(Illuminate\\Foundation\\Application), Array, Array, NULL)\n#17 D:\\laragon\\www\\doantotnghiep\\vendor\\laravel\\framework\\src\\Illuminate\\Console\\Command.php(211): Illuminate\\Container\\Container->call(Array)\n#18 D:\\laragon\\www\\doantotnghiep\\vendor\\symfony\\console\\Command\\Command.php(326): Illuminate\\Console\\Command->execute(Object(Symfony\\Component\\Console\\Input\\ArgvInput), Object(Illuminate\\Console\\OutputStyle))\n#19 D:\\laragon\\www\\doantotnghiep\\vendor\\laravel\\framework\\src\\Illuminate\\Console\\Command.php(181): Symfony\\Component\\Console\\Command\\Command->run(Object(Symfony\\Component\\Console\\Input\\ArgvInput), Object(Illuminate\\Console\\OutputStyle))\n#20 D:\\laragon\\www\\doantotnghiep\\vendor\\symfony\\console\\Application.php(1096): Illuminate\\Console\\Command->run(Object(Symfony\\Component\\Console\\Input\\ArgvInput), Object(Symfony\\Component\\Console\\Output\\ConsoleOutput))\n#21 D:\\laragon\\www\\doantotnghiep\\vendor\\symfony\\console\\Application.php(324): Symfony\\Component\\Console\\Application->doRunCommand(Object(Illuminate\\Queue\\Console\\WorkCommand), Object(Symfony\\Component\\Console\\Input\\ArgvInput), Object(Symfony\\Component\\Console\\Output\\ConsoleOutput))\n#22 D:\\laragon\\www\\doantotnghiep\\vendor\\symfony\\console\\Application.php(175): Symfony\\Component\\Console\\Application->doRun(Object(Symfony\\Component\\Console\\Input\\ArgvInput), Object(Symfony\\Component\\Console\\Output\\ConsoleOutput))\n#23 D:\\laragon\\www\\doantotnghiep\\vendor\\laravel\\framework\\src\\Illuminate\\Foundation\\Console\\Kernel.php(201): Symfony\\Component\\Console\\Application->run(Object(Symfony\\Component\\Console\\Input\\ArgvInput), Object(Symfony\\Component\\Console\\Output\\ConsoleOutput))\n#24 D:\\laragon\\www\\doantotnghiep\\artisan(37): Illuminate\\Foundation\\Console\\Kernel->handle(Object(Symfony\\Component\\Console\\Input\\ArgvInput), Object(Symfony\\Component\\Console\\Output\\ConsoleOutput))\n#25 {main}', '2024-12-09 19:25:34'),
(42, '6259d065-95e5-4c6a-9a4c-35c0bf7e5d53', 'database', 'default', '{\"uuid\":\"6259d065-95e5-4c6a-9a4c-35c0bf7e5d53\",\"displayName\":\"App\\\\Listeners\\\\SendNotification\",\"job\":\"Illuminate\\\\Queue\\\\CallQueuedHandler@call\",\"maxTries\":null,\"maxExceptions\":null,\"failOnTimeout\":false,\"backoff\":null,\"timeout\":null,\"retryUntil\":null,\"data\":{\"commandName\":\"Illuminate\\\\Events\\\\CallQueuedListener\",\"command\":\"O:36:\\\"Illuminate\\\\Events\\\\CallQueuedListener\\\":20:{s:5:\\\"class\\\";s:30:\\\"App\\\\Listeners\\\\SendNotification\\\";s:6:\\\"method\\\";s:6:\\\"handle\\\";s:4:\\\"data\\\";a:1:{i:0;O:22:\\\"App\\\\Events\\\\OrderTicket\\\":1:{s:6:\\\"ticket\\\";O:45:\\\"Illuminate\\\\Contracts\\\\Database\\\\ModelIdentifier\\\":5:{s:5:\\\"class\\\";s:24:\\\"App\\\\Models\\\\TicketBooking\\\";s:2:\\\"id\\\";i:134;s:9:\\\"relations\\\";a:6:{i:0;s:3:\\\"bus\\\";i:1;s:10:\\\"bus.driver\\\";i:2;s:5:\\\"route\\\";i:3;s:4:\\\"trip\\\";i:4;s:13:\\\"ticketDetails\\\";i:5;s:13:\\\"paymentMethod\\\";}s:10:\\\"connection\\\";s:5:\\\"mysql\\\";s:15:\\\"collectionClass\\\";N;}}}s:5:\\\"tries\\\";N;s:13:\\\"maxExceptions\\\";N;s:7:\\\"backoff\\\";N;s:10:\\\"retryUntil\\\";N;s:7:\\\"timeout\\\";N;s:13:\\\"failOnTimeout\\\";b:0;s:17:\\\"shouldBeEncrypted\\\";b:0;s:3:\\\"job\\\";N;s:10:\\\"connection\\\";N;s:5:\\\"queue\\\";N;s:15:\\\"chainConnection\\\";N;s:10:\\\"chainQueue\\\";N;s:19:\\\"chainCatchCallbacks\\\";N;s:5:\\\"delay\\\";N;s:11:\\\"afterCommit\\\";N;s:10:\\\"middleware\\\";a:0:{}s:7:\\\"chained\\\";a:0:{}}\"}}', 'Illuminate\\Database\\Eloquent\\ModelNotFoundException: No query results for model [App\\Models\\TicketBooking]. in D:\\laragon\\www\\doantotnghiep\\vendor\\laravel\\framework\\src\\Illuminate\\Database\\Eloquent\\Builder.php:621\nStack trace:\n#0 D:\\laragon\\www\\doantotnghiep\\vendor\\laravel\\framework\\src\\Illuminate\\Queue\\SerializesAndRestoresModelIdentifiers.php(109): Illuminate\\Database\\Eloquent\\Builder->firstOrFail()\n#1 D:\\laragon\\www\\doantotnghiep\\vendor\\laravel\\framework\\src\\Illuminate\\Queue\\SerializesAndRestoresModelIdentifiers.php(62): App\\Events\\OrderTicket->restoreModel(Object(Illuminate\\Contracts\\Database\\ModelIdentifier))\n#2 D:\\laragon\\www\\doantotnghiep\\vendor\\laravel\\framework\\src\\Illuminate\\Queue\\SerializesModels.php(93): App\\Events\\OrderTicket->getRestoredPropertyValue(Object(Illuminate\\Contracts\\Database\\ModelIdentifier))\n#3 [internal function]: App\\Events\\OrderTicket->__unserialize(Array)\n#4 D:\\laragon\\www\\doantotnghiep\\vendor\\laravel\\framework\\src\\Illuminate\\Queue\\CallQueuedHandler.php(97): unserialize(\'O:36:\"Illuminat...\')\n#5 D:\\laragon\\www\\doantotnghiep\\vendor\\laravel\\framework\\src\\Illuminate\\Queue\\CallQueuedHandler.php(60): Illuminate\\Queue\\CallQueuedHandler->getCommand(Array)\n#6 D:\\laragon\\www\\doantotnghiep\\vendor\\laravel\\framework\\src\\Illuminate\\Queue\\Jobs\\Job.php(102): Illuminate\\Queue\\CallQueuedHandler->call(Object(Illuminate\\Queue\\Jobs\\DatabaseJob), Array)\n#7 D:\\laragon\\www\\doantotnghiep\\vendor\\laravel\\framework\\src\\Illuminate\\Queue\\Worker.php(439): Illuminate\\Queue\\Jobs\\Job->fire()\n#8 D:\\laragon\\www\\doantotnghiep\\vendor\\laravel\\framework\\src\\Illuminate\\Queue\\Worker.php(389): Illuminate\\Queue\\Worker->process(\'database\', Object(Illuminate\\Queue\\Jobs\\DatabaseJob), Object(Illuminate\\Queue\\WorkerOptions))\n#9 D:\\laragon\\www\\doantotnghiep\\vendor\\laravel\\framework\\src\\Illuminate\\Queue\\Worker.php(176): Illuminate\\Queue\\Worker->runJob(Object(Illuminate\\Queue\\Jobs\\DatabaseJob), \'database\', Object(Illuminate\\Queue\\WorkerOptions))\n#10 D:\\laragon\\www\\doantotnghiep\\vendor\\laravel\\framework\\src\\Illuminate\\Queue\\Console\\WorkCommand.php(138): Illuminate\\Queue\\Worker->daemon(\'database\', \'default\', Object(Illuminate\\Queue\\WorkerOptions))\n#11 D:\\laragon\\www\\doantotnghiep\\vendor\\laravel\\framework\\src\\Illuminate\\Queue\\Console\\WorkCommand.php(121): Illuminate\\Queue\\Console\\WorkCommand->runWorker(\'database\', \'default\')\n#12 D:\\laragon\\www\\doantotnghiep\\vendor\\laravel\\framework\\src\\Illuminate\\Container\\BoundMethod.php(36): Illuminate\\Queue\\Console\\WorkCommand->handle()\n#13 D:\\laragon\\www\\doantotnghiep\\vendor\\laravel\\framework\\src\\Illuminate\\Container\\Util.php(41): Illuminate\\Container\\BoundMethod::Illuminate\\Container\\{closure}()\n#14 D:\\laragon\\www\\doantotnghiep\\vendor\\laravel\\framework\\src\\Illuminate\\Container\\BoundMethod.php(93): Illuminate\\Container\\Util::unwrapIfClosure(Object(Closure))\n#15 D:\\laragon\\www\\doantotnghiep\\vendor\\laravel\\framework\\src\\Illuminate\\Container\\BoundMethod.php(37): Illuminate\\Container\\BoundMethod::callBoundMethod(Object(Illuminate\\Foundation\\Application), Array, Object(Closure))\n#16 D:\\laragon\\www\\doantotnghiep\\vendor\\laravel\\framework\\src\\Illuminate\\Container\\Container.php(662): Illuminate\\Container\\BoundMethod::call(Object(Illuminate\\Foundation\\Application), Array, Array, NULL)\n#17 D:\\laragon\\www\\doantotnghiep\\vendor\\laravel\\framework\\src\\Illuminate\\Console\\Command.php(211): Illuminate\\Container\\Container->call(Array)\n#18 D:\\laragon\\www\\doantotnghiep\\vendor\\symfony\\console\\Command\\Command.php(326): Illuminate\\Console\\Command->execute(Object(Symfony\\Component\\Console\\Input\\ArgvInput), Object(Illuminate\\Console\\OutputStyle))\n#19 D:\\laragon\\www\\doantotnghiep\\vendor\\laravel\\framework\\src\\Illuminate\\Console\\Command.php(181): Symfony\\Component\\Console\\Command\\Command->run(Object(Symfony\\Component\\Console\\Input\\ArgvInput), Object(Illuminate\\Console\\OutputStyle))\n#20 D:\\laragon\\www\\doantotnghiep\\vendor\\symfony\\console\\Application.php(1096): Illuminate\\Console\\Command->run(Object(Symfony\\Component\\Console\\Input\\ArgvInput), Object(Symfony\\Component\\Console\\Output\\ConsoleOutput))\n#21 D:\\laragon\\www\\doantotnghiep\\vendor\\symfony\\console\\Application.php(324): Symfony\\Component\\Console\\Application->doRunCommand(Object(Illuminate\\Queue\\Console\\WorkCommand), Object(Symfony\\Component\\Console\\Input\\ArgvInput), Object(Symfony\\Component\\Console\\Output\\ConsoleOutput))\n#22 D:\\laragon\\www\\doantotnghiep\\vendor\\symfony\\console\\Application.php(175): Symfony\\Component\\Console\\Application->doRun(Object(Symfony\\Component\\Console\\Input\\ArgvInput), Object(Symfony\\Component\\Console\\Output\\ConsoleOutput))\n#23 D:\\laragon\\www\\doantotnghiep\\vendor\\laravel\\framework\\src\\Illuminate\\Foundation\\Console\\Kernel.php(201): Symfony\\Component\\Console\\Application->run(Object(Symfony\\Component\\Console\\Input\\ArgvInput), Object(Symfony\\Component\\Console\\Output\\ConsoleOutput))\n#24 D:\\laragon\\www\\doantotnghiep\\artisan(37): Illuminate\\Foundation\\Console\\Kernel->handle(Object(Symfony\\Component\\Console\\Input\\ArgvInput), Object(Symfony\\Component\\Console\\Output\\ConsoleOutput))\n#25 {main}', '2024-12-09 19:25:34'),
(43, '5004cbd5-aaad-4b2c-aaa6-cd265a8e04b8', 'database', 'default', '{\"uuid\":\"5004cbd5-aaad-4b2c-aaa6-cd265a8e04b8\",\"displayName\":\"App\\\\Listeners\\\\SendNotification\",\"job\":\"Illuminate\\\\Queue\\\\CallQueuedHandler@call\",\"maxTries\":null,\"maxExceptions\":null,\"failOnTimeout\":false,\"backoff\":null,\"timeout\":null,\"retryUntil\":null,\"data\":{\"commandName\":\"Illuminate\\\\Events\\\\CallQueuedListener\",\"command\":\"O:36:\\\"Illuminate\\\\Events\\\\CallQueuedListener\\\":20:{s:5:\\\"class\\\";s:30:\\\"App\\\\Listeners\\\\SendNotification\\\";s:6:\\\"method\\\";s:6:\\\"handle\\\";s:4:\\\"data\\\";a:1:{i:0;O:22:\\\"App\\\\Events\\\\OrderTicket\\\":1:{s:6:\\\"ticket\\\";O:45:\\\"Illuminate\\\\Contracts\\\\Database\\\\ModelIdentifier\\\":5:{s:5:\\\"class\\\";s:24:\\\"App\\\\Models\\\\TicketBooking\\\";s:2:\\\"id\\\";i:136;s:9:\\\"relations\\\";a:6:{i:0;s:3:\\\"bus\\\";i:1;s:10:\\\"bus.driver\\\";i:2;s:5:\\\"route\\\";i:3;s:4:\\\"trip\\\";i:4;s:13:\\\"ticketDetails\\\";i:5;s:13:\\\"paymentMethod\\\";}s:10:\\\"connection\\\";s:5:\\\"mysql\\\";s:15:\\\"collectionClass\\\";N;}}}s:5:\\\"tries\\\";N;s:13:\\\"maxExceptions\\\";N;s:7:\\\"backoff\\\";N;s:10:\\\"retryUntil\\\";N;s:7:\\\"timeout\\\";N;s:13:\\\"failOnTimeout\\\";b:0;s:17:\\\"shouldBeEncrypted\\\";b:0;s:3:\\\"job\\\";N;s:10:\\\"connection\\\";N;s:5:\\\"queue\\\";N;s:15:\\\"chainConnection\\\";N;s:10:\\\"chainQueue\\\";N;s:19:\\\"chainCatchCallbacks\\\";N;s:5:\\\"delay\\\";N;s:11:\\\"afterCommit\\\";N;s:10:\\\"middleware\\\";a:0:{}s:7:\\\"chained\\\";a:0:{}}\"}}', 'Illuminate\\Database\\Eloquent\\ModelNotFoundException: No query results for model [App\\Models\\TicketBooking]. in D:\\laragon\\www\\doantotnghiep\\vendor\\laravel\\framework\\src\\Illuminate\\Database\\Eloquent\\Builder.php:621\nStack trace:\n#0 D:\\laragon\\www\\doantotnghiep\\vendor\\laravel\\framework\\src\\Illuminate\\Queue\\SerializesAndRestoresModelIdentifiers.php(109): Illuminate\\Database\\Eloquent\\Builder->firstOrFail()\n#1 D:\\laragon\\www\\doantotnghiep\\vendor\\laravel\\framework\\src\\Illuminate\\Queue\\SerializesAndRestoresModelIdentifiers.php(62): App\\Events\\OrderTicket->restoreModel(Object(Illuminate\\Contracts\\Database\\ModelIdentifier))\n#2 D:\\laragon\\www\\doantotnghiep\\vendor\\laravel\\framework\\src\\Illuminate\\Queue\\SerializesModels.php(93): App\\Events\\OrderTicket->getRestoredPropertyValue(Object(Illuminate\\Contracts\\Database\\ModelIdentifier))\n#3 [internal function]: App\\Events\\OrderTicket->__unserialize(Array)\n#4 D:\\laragon\\www\\doantotnghiep\\vendor\\laravel\\framework\\src\\Illuminate\\Queue\\CallQueuedHandler.php(97): unserialize(\'O:36:\"Illuminat...\')\n#5 D:\\laragon\\www\\doantotnghiep\\vendor\\laravel\\framework\\src\\Illuminate\\Queue\\CallQueuedHandler.php(60): Illuminate\\Queue\\CallQueuedHandler->getCommand(Array)\n#6 D:\\laragon\\www\\doantotnghiep\\vendor\\laravel\\framework\\src\\Illuminate\\Queue\\Jobs\\Job.php(102): Illuminate\\Queue\\CallQueuedHandler->call(Object(Illuminate\\Queue\\Jobs\\DatabaseJob), Array)\n#7 D:\\laragon\\www\\doantotnghiep\\vendor\\laravel\\framework\\src\\Illuminate\\Queue\\Worker.php(439): Illuminate\\Queue\\Jobs\\Job->fire()\n#8 D:\\laragon\\www\\doantotnghiep\\vendor\\laravel\\framework\\src\\Illuminate\\Queue\\Worker.php(389): Illuminate\\Queue\\Worker->process(\'database\', Object(Illuminate\\Queue\\Jobs\\DatabaseJob), Object(Illuminate\\Queue\\WorkerOptions))\n#9 D:\\laragon\\www\\doantotnghiep\\vendor\\laravel\\framework\\src\\Illuminate\\Queue\\Worker.php(176): Illuminate\\Queue\\Worker->runJob(Object(Illuminate\\Queue\\Jobs\\DatabaseJob), \'database\', Object(Illuminate\\Queue\\WorkerOptions))\n#10 D:\\laragon\\www\\doantotnghiep\\vendor\\laravel\\framework\\src\\Illuminate\\Queue\\Console\\WorkCommand.php(138): Illuminate\\Queue\\Worker->daemon(\'database\', \'default\', Object(Illuminate\\Queue\\WorkerOptions))\n#11 D:\\laragon\\www\\doantotnghiep\\vendor\\laravel\\framework\\src\\Illuminate\\Queue\\Console\\WorkCommand.php(121): Illuminate\\Queue\\Console\\WorkCommand->runWorker(\'database\', \'default\')\n#12 D:\\laragon\\www\\doantotnghiep\\vendor\\laravel\\framework\\src\\Illuminate\\Container\\BoundMethod.php(36): Illuminate\\Queue\\Console\\WorkCommand->handle()\n#13 D:\\laragon\\www\\doantotnghiep\\vendor\\laravel\\framework\\src\\Illuminate\\Container\\Util.php(41): Illuminate\\Container\\BoundMethod::Illuminate\\Container\\{closure}()\n#14 D:\\laragon\\www\\doantotnghiep\\vendor\\laravel\\framework\\src\\Illuminate\\Container\\BoundMethod.php(93): Illuminate\\Container\\Util::unwrapIfClosure(Object(Closure))\n#15 D:\\laragon\\www\\doantotnghiep\\vendor\\laravel\\framework\\src\\Illuminate\\Container\\BoundMethod.php(37): Illuminate\\Container\\BoundMethod::callBoundMethod(Object(Illuminate\\Foundation\\Application), Array, Object(Closure))\n#16 D:\\laragon\\www\\doantotnghiep\\vendor\\laravel\\framework\\src\\Illuminate\\Container\\Container.php(662): Illuminate\\Container\\BoundMethod::call(Object(Illuminate\\Foundation\\Application), Array, Array, NULL)\n#17 D:\\laragon\\www\\doantotnghiep\\vendor\\laravel\\framework\\src\\Illuminate\\Console\\Command.php(211): Illuminate\\Container\\Container->call(Array)\n#18 D:\\laragon\\www\\doantotnghiep\\vendor\\symfony\\console\\Command\\Command.php(326): Illuminate\\Console\\Command->execute(Object(Symfony\\Component\\Console\\Input\\ArgvInput), Object(Illuminate\\Console\\OutputStyle))\n#19 D:\\laragon\\www\\doantotnghiep\\vendor\\laravel\\framework\\src\\Illuminate\\Console\\Command.php(181): Symfony\\Component\\Console\\Command\\Command->run(Object(Symfony\\Component\\Console\\Input\\ArgvInput), Object(Illuminate\\Console\\OutputStyle))\n#20 D:\\laragon\\www\\doantotnghiep\\vendor\\symfony\\console\\Application.php(1096): Illuminate\\Console\\Command->run(Object(Symfony\\Component\\Console\\Input\\ArgvInput), Object(Symfony\\Component\\Console\\Output\\ConsoleOutput))\n#21 D:\\laragon\\www\\doantotnghiep\\vendor\\symfony\\console\\Application.php(324): Symfony\\Component\\Console\\Application->doRunCommand(Object(Illuminate\\Queue\\Console\\WorkCommand), Object(Symfony\\Component\\Console\\Input\\ArgvInput), Object(Symfony\\Component\\Console\\Output\\ConsoleOutput))\n#22 D:\\laragon\\www\\doantotnghiep\\vendor\\symfony\\console\\Application.php(175): Symfony\\Component\\Console\\Application->doRun(Object(Symfony\\Component\\Console\\Input\\ArgvInput), Object(Symfony\\Component\\Console\\Output\\ConsoleOutput))\n#23 D:\\laragon\\www\\doantotnghiep\\vendor\\laravel\\framework\\src\\Illuminate\\Foundation\\Console\\Kernel.php(201): Symfony\\Component\\Console\\Application->run(Object(Symfony\\Component\\Console\\Input\\ArgvInput), Object(Symfony\\Component\\Console\\Output\\ConsoleOutput))\n#24 D:\\laragon\\www\\doantotnghiep\\artisan(37): Illuminate\\Foundation\\Console\\Kernel->handle(Object(Symfony\\Component\\Console\\Input\\ArgvInput), Object(Symfony\\Component\\Console\\Output\\ConsoleOutput))\n#25 {main}', '2024-12-09 19:25:34');
INSERT INTO `failed_jobs` (`id`, `uuid`, `connection`, `queue`, `payload`, `exception`, `failed_at`) VALUES
(44, 'ab8356b6-b40a-44ba-8388-455f1b632169', 'database', 'default', '{\"uuid\":\"ab8356b6-b40a-44ba-8388-455f1b632169\",\"displayName\":\"App\\\\Listeners\\\\SendNotification\",\"job\":\"Illuminate\\\\Queue\\\\CallQueuedHandler@call\",\"maxTries\":null,\"maxExceptions\":null,\"failOnTimeout\":false,\"backoff\":null,\"timeout\":null,\"retryUntil\":null,\"data\":{\"commandName\":\"Illuminate\\\\Events\\\\CallQueuedListener\",\"command\":\"O:36:\\\"Illuminate\\\\Events\\\\CallQueuedListener\\\":20:{s:5:\\\"class\\\";s:30:\\\"App\\\\Listeners\\\\SendNotification\\\";s:6:\\\"method\\\";s:6:\\\"handle\\\";s:4:\\\"data\\\";a:1:{i:0;O:22:\\\"App\\\\Events\\\\OrderTicket\\\":1:{s:6:\\\"ticket\\\";O:45:\\\"Illuminate\\\\Contracts\\\\Database\\\\ModelIdentifier\\\":5:{s:5:\\\"class\\\";s:24:\\\"App\\\\Models\\\\TicketBooking\\\";s:2:\\\"id\\\";i:137;s:9:\\\"relations\\\";a:6:{i:0;s:3:\\\"bus\\\";i:1;s:10:\\\"bus.driver\\\";i:2;s:5:\\\"route\\\";i:3;s:4:\\\"trip\\\";i:4;s:13:\\\"ticketDetails\\\";i:5;s:13:\\\"paymentMethod\\\";}s:10:\\\"connection\\\";s:5:\\\"mysql\\\";s:15:\\\"collectionClass\\\";N;}}}s:5:\\\"tries\\\";N;s:13:\\\"maxExceptions\\\";N;s:7:\\\"backoff\\\";N;s:10:\\\"retryUntil\\\";N;s:7:\\\"timeout\\\";N;s:13:\\\"failOnTimeout\\\";b:0;s:17:\\\"shouldBeEncrypted\\\";b:0;s:3:\\\"job\\\";N;s:10:\\\"connection\\\";N;s:5:\\\"queue\\\";N;s:15:\\\"chainConnection\\\";N;s:10:\\\"chainQueue\\\";N;s:19:\\\"chainCatchCallbacks\\\";N;s:5:\\\"delay\\\";N;s:11:\\\"afterCommit\\\";N;s:10:\\\"middleware\\\";a:0:{}s:7:\\\"chained\\\";a:0:{}}\"}}', 'Illuminate\\Database\\Eloquent\\ModelNotFoundException: No query results for model [App\\Models\\TicketBooking]. in D:\\laragon\\www\\doantotnghiep\\vendor\\laravel\\framework\\src\\Illuminate\\Database\\Eloquent\\Builder.php:621\nStack trace:\n#0 D:\\laragon\\www\\doantotnghiep\\vendor\\laravel\\framework\\src\\Illuminate\\Queue\\SerializesAndRestoresModelIdentifiers.php(109): Illuminate\\Database\\Eloquent\\Builder->firstOrFail()\n#1 D:\\laragon\\www\\doantotnghiep\\vendor\\laravel\\framework\\src\\Illuminate\\Queue\\SerializesAndRestoresModelIdentifiers.php(62): App\\Events\\OrderTicket->restoreModel(Object(Illuminate\\Contracts\\Database\\ModelIdentifier))\n#2 D:\\laragon\\www\\doantotnghiep\\vendor\\laravel\\framework\\src\\Illuminate\\Queue\\SerializesModels.php(93): App\\Events\\OrderTicket->getRestoredPropertyValue(Object(Illuminate\\Contracts\\Database\\ModelIdentifier))\n#3 [internal function]: App\\Events\\OrderTicket->__unserialize(Array)\n#4 D:\\laragon\\www\\doantotnghiep\\vendor\\laravel\\framework\\src\\Illuminate\\Queue\\CallQueuedHandler.php(97): unserialize(\'O:36:\"Illuminat...\')\n#5 D:\\laragon\\www\\doantotnghiep\\vendor\\laravel\\framework\\src\\Illuminate\\Queue\\CallQueuedHandler.php(60): Illuminate\\Queue\\CallQueuedHandler->getCommand(Array)\n#6 D:\\laragon\\www\\doantotnghiep\\vendor\\laravel\\framework\\src\\Illuminate\\Queue\\Jobs\\Job.php(102): Illuminate\\Queue\\CallQueuedHandler->call(Object(Illuminate\\Queue\\Jobs\\DatabaseJob), Array)\n#7 D:\\laragon\\www\\doantotnghiep\\vendor\\laravel\\framework\\src\\Illuminate\\Queue\\Worker.php(439): Illuminate\\Queue\\Jobs\\Job->fire()\n#8 D:\\laragon\\www\\doantotnghiep\\vendor\\laravel\\framework\\src\\Illuminate\\Queue\\Worker.php(389): Illuminate\\Queue\\Worker->process(\'database\', Object(Illuminate\\Queue\\Jobs\\DatabaseJob), Object(Illuminate\\Queue\\WorkerOptions))\n#9 D:\\laragon\\www\\doantotnghiep\\vendor\\laravel\\framework\\src\\Illuminate\\Queue\\Worker.php(176): Illuminate\\Queue\\Worker->runJob(Object(Illuminate\\Queue\\Jobs\\DatabaseJob), \'database\', Object(Illuminate\\Queue\\WorkerOptions))\n#10 D:\\laragon\\www\\doantotnghiep\\vendor\\laravel\\framework\\src\\Illuminate\\Queue\\Console\\WorkCommand.php(138): Illuminate\\Queue\\Worker->daemon(\'database\', \'default\', Object(Illuminate\\Queue\\WorkerOptions))\n#11 D:\\laragon\\www\\doantotnghiep\\vendor\\laravel\\framework\\src\\Illuminate\\Queue\\Console\\WorkCommand.php(121): Illuminate\\Queue\\Console\\WorkCommand->runWorker(\'database\', \'default\')\n#12 D:\\laragon\\www\\doantotnghiep\\vendor\\laravel\\framework\\src\\Illuminate\\Container\\BoundMethod.php(36): Illuminate\\Queue\\Console\\WorkCommand->handle()\n#13 D:\\laragon\\www\\doantotnghiep\\vendor\\laravel\\framework\\src\\Illuminate\\Container\\Util.php(41): Illuminate\\Container\\BoundMethod::Illuminate\\Container\\{closure}()\n#14 D:\\laragon\\www\\doantotnghiep\\vendor\\laravel\\framework\\src\\Illuminate\\Container\\BoundMethod.php(93): Illuminate\\Container\\Util::unwrapIfClosure(Object(Closure))\n#15 D:\\laragon\\www\\doantotnghiep\\vendor\\laravel\\framework\\src\\Illuminate\\Container\\BoundMethod.php(37): Illuminate\\Container\\BoundMethod::callBoundMethod(Object(Illuminate\\Foundation\\Application), Array, Object(Closure))\n#16 D:\\laragon\\www\\doantotnghiep\\vendor\\laravel\\framework\\src\\Illuminate\\Container\\Container.php(662): Illuminate\\Container\\BoundMethod::call(Object(Illuminate\\Foundation\\Application), Array, Array, NULL)\n#17 D:\\laragon\\www\\doantotnghiep\\vendor\\laravel\\framework\\src\\Illuminate\\Console\\Command.php(211): Illuminate\\Container\\Container->call(Array)\n#18 D:\\laragon\\www\\doantotnghiep\\vendor\\symfony\\console\\Command\\Command.php(326): Illuminate\\Console\\Command->execute(Object(Symfony\\Component\\Console\\Input\\ArgvInput), Object(Illuminate\\Console\\OutputStyle))\n#19 D:\\laragon\\www\\doantotnghiep\\vendor\\laravel\\framework\\src\\Illuminate\\Console\\Command.php(181): Symfony\\Component\\Console\\Command\\Command->run(Object(Symfony\\Component\\Console\\Input\\ArgvInput), Object(Illuminate\\Console\\OutputStyle))\n#20 D:\\laragon\\www\\doantotnghiep\\vendor\\symfony\\console\\Application.php(1096): Illuminate\\Console\\Command->run(Object(Symfony\\Component\\Console\\Input\\ArgvInput), Object(Symfony\\Component\\Console\\Output\\ConsoleOutput))\n#21 D:\\laragon\\www\\doantotnghiep\\vendor\\symfony\\console\\Application.php(324): Symfony\\Component\\Console\\Application->doRunCommand(Object(Illuminate\\Queue\\Console\\WorkCommand), Object(Symfony\\Component\\Console\\Input\\ArgvInput), Object(Symfony\\Component\\Console\\Output\\ConsoleOutput))\n#22 D:\\laragon\\www\\doantotnghiep\\vendor\\symfony\\console\\Application.php(175): Symfony\\Component\\Console\\Application->doRun(Object(Symfony\\Component\\Console\\Input\\ArgvInput), Object(Symfony\\Component\\Console\\Output\\ConsoleOutput))\n#23 D:\\laragon\\www\\doantotnghiep\\vendor\\laravel\\framework\\src\\Illuminate\\Foundation\\Console\\Kernel.php(201): Symfony\\Component\\Console\\Application->run(Object(Symfony\\Component\\Console\\Input\\ArgvInput), Object(Symfony\\Component\\Console\\Output\\ConsoleOutput))\n#24 D:\\laragon\\www\\doantotnghiep\\artisan(37): Illuminate\\Foundation\\Console\\Kernel->handle(Object(Symfony\\Component\\Console\\Input\\ArgvInput), Object(Symfony\\Component\\Console\\Output\\ConsoleOutput))\n#25 {main}', '2024-12-09 19:25:34'),
(45, '88438418-9d53-4aa7-b43c-9c2aea9c382b', 'database', 'default', '{\"uuid\":\"88438418-9d53-4aa7-b43c-9c2aea9c382b\",\"displayName\":\"App\\\\Listeners\\\\SendNotification\",\"job\":\"Illuminate\\\\Queue\\\\CallQueuedHandler@call\",\"maxTries\":null,\"maxExceptions\":null,\"failOnTimeout\":false,\"backoff\":null,\"timeout\":null,\"retryUntil\":null,\"data\":{\"commandName\":\"Illuminate\\\\Events\\\\CallQueuedListener\",\"command\":\"O:36:\\\"Illuminate\\\\Events\\\\CallQueuedListener\\\":20:{s:5:\\\"class\\\";s:30:\\\"App\\\\Listeners\\\\SendNotification\\\";s:6:\\\"method\\\";s:6:\\\"handle\\\";s:4:\\\"data\\\";a:1:{i:0;O:22:\\\"App\\\\Events\\\\OrderTicket\\\":1:{s:6:\\\"ticket\\\";O:45:\\\"Illuminate\\\\Contracts\\\\Database\\\\ModelIdentifier\\\":5:{s:5:\\\"class\\\";s:24:\\\"App\\\\Models\\\\TicketBooking\\\";s:2:\\\"id\\\";i:138;s:9:\\\"relations\\\";a:6:{i:0;s:3:\\\"bus\\\";i:1;s:10:\\\"bus.driver\\\";i:2;s:5:\\\"route\\\";i:3;s:4:\\\"trip\\\";i:4;s:13:\\\"ticketDetails\\\";i:5;s:13:\\\"paymentMethod\\\";}s:10:\\\"connection\\\";s:5:\\\"mysql\\\";s:15:\\\"collectionClass\\\";N;}}}s:5:\\\"tries\\\";N;s:13:\\\"maxExceptions\\\";N;s:7:\\\"backoff\\\";N;s:10:\\\"retryUntil\\\";N;s:7:\\\"timeout\\\";N;s:13:\\\"failOnTimeout\\\";b:0;s:17:\\\"shouldBeEncrypted\\\";b:0;s:3:\\\"job\\\";N;s:10:\\\"connection\\\";N;s:5:\\\"queue\\\";N;s:15:\\\"chainConnection\\\";N;s:10:\\\"chainQueue\\\";N;s:19:\\\"chainCatchCallbacks\\\";N;s:5:\\\"delay\\\";N;s:11:\\\"afterCommit\\\";N;s:10:\\\"middleware\\\";a:0:{}s:7:\\\"chained\\\";a:0:{}}\"}}', 'Illuminate\\Database\\Eloquent\\ModelNotFoundException: No query results for model [App\\Models\\TicketBooking]. in D:\\laragon\\www\\doantotnghiep\\vendor\\laravel\\framework\\src\\Illuminate\\Database\\Eloquent\\Builder.php:621\nStack trace:\n#0 D:\\laragon\\www\\doantotnghiep\\vendor\\laravel\\framework\\src\\Illuminate\\Queue\\SerializesAndRestoresModelIdentifiers.php(109): Illuminate\\Database\\Eloquent\\Builder->firstOrFail()\n#1 D:\\laragon\\www\\doantotnghiep\\vendor\\laravel\\framework\\src\\Illuminate\\Queue\\SerializesAndRestoresModelIdentifiers.php(62): App\\Events\\OrderTicket->restoreModel(Object(Illuminate\\Contracts\\Database\\ModelIdentifier))\n#2 D:\\laragon\\www\\doantotnghiep\\vendor\\laravel\\framework\\src\\Illuminate\\Queue\\SerializesModels.php(93): App\\Events\\OrderTicket->getRestoredPropertyValue(Object(Illuminate\\Contracts\\Database\\ModelIdentifier))\n#3 [internal function]: App\\Events\\OrderTicket->__unserialize(Array)\n#4 D:\\laragon\\www\\doantotnghiep\\vendor\\laravel\\framework\\src\\Illuminate\\Queue\\CallQueuedHandler.php(97): unserialize(\'O:36:\"Illuminat...\')\n#5 D:\\laragon\\www\\doantotnghiep\\vendor\\laravel\\framework\\src\\Illuminate\\Queue\\CallQueuedHandler.php(60): Illuminate\\Queue\\CallQueuedHandler->getCommand(Array)\n#6 D:\\laragon\\www\\doantotnghiep\\vendor\\laravel\\framework\\src\\Illuminate\\Queue\\Jobs\\Job.php(102): Illuminate\\Queue\\CallQueuedHandler->call(Object(Illuminate\\Queue\\Jobs\\DatabaseJob), Array)\n#7 D:\\laragon\\www\\doantotnghiep\\vendor\\laravel\\framework\\src\\Illuminate\\Queue\\Worker.php(439): Illuminate\\Queue\\Jobs\\Job->fire()\n#8 D:\\laragon\\www\\doantotnghiep\\vendor\\laravel\\framework\\src\\Illuminate\\Queue\\Worker.php(389): Illuminate\\Queue\\Worker->process(\'database\', Object(Illuminate\\Queue\\Jobs\\DatabaseJob), Object(Illuminate\\Queue\\WorkerOptions))\n#9 D:\\laragon\\www\\doantotnghiep\\vendor\\laravel\\framework\\src\\Illuminate\\Queue\\Worker.php(176): Illuminate\\Queue\\Worker->runJob(Object(Illuminate\\Queue\\Jobs\\DatabaseJob), \'database\', Object(Illuminate\\Queue\\WorkerOptions))\n#10 D:\\laragon\\www\\doantotnghiep\\vendor\\laravel\\framework\\src\\Illuminate\\Queue\\Console\\WorkCommand.php(138): Illuminate\\Queue\\Worker->daemon(\'database\', \'default\', Object(Illuminate\\Queue\\WorkerOptions))\n#11 D:\\laragon\\www\\doantotnghiep\\vendor\\laravel\\framework\\src\\Illuminate\\Queue\\Console\\WorkCommand.php(121): Illuminate\\Queue\\Console\\WorkCommand->runWorker(\'database\', \'default\')\n#12 D:\\laragon\\www\\doantotnghiep\\vendor\\laravel\\framework\\src\\Illuminate\\Container\\BoundMethod.php(36): Illuminate\\Queue\\Console\\WorkCommand->handle()\n#13 D:\\laragon\\www\\doantotnghiep\\vendor\\laravel\\framework\\src\\Illuminate\\Container\\Util.php(41): Illuminate\\Container\\BoundMethod::Illuminate\\Container\\{closure}()\n#14 D:\\laragon\\www\\doantotnghiep\\vendor\\laravel\\framework\\src\\Illuminate\\Container\\BoundMethod.php(93): Illuminate\\Container\\Util::unwrapIfClosure(Object(Closure))\n#15 D:\\laragon\\www\\doantotnghiep\\vendor\\laravel\\framework\\src\\Illuminate\\Container\\BoundMethod.php(37): Illuminate\\Container\\BoundMethod::callBoundMethod(Object(Illuminate\\Foundation\\Application), Array, Object(Closure))\n#16 D:\\laragon\\www\\doantotnghiep\\vendor\\laravel\\framework\\src\\Illuminate\\Container\\Container.php(662): Illuminate\\Container\\BoundMethod::call(Object(Illuminate\\Foundation\\Application), Array, Array, NULL)\n#17 D:\\laragon\\www\\doantotnghiep\\vendor\\laravel\\framework\\src\\Illuminate\\Console\\Command.php(211): Illuminate\\Container\\Container->call(Array)\n#18 D:\\laragon\\www\\doantotnghiep\\vendor\\symfony\\console\\Command\\Command.php(326): Illuminate\\Console\\Command->execute(Object(Symfony\\Component\\Console\\Input\\ArgvInput), Object(Illuminate\\Console\\OutputStyle))\n#19 D:\\laragon\\www\\doantotnghiep\\vendor\\laravel\\framework\\src\\Illuminate\\Console\\Command.php(181): Symfony\\Component\\Console\\Command\\Command->run(Object(Symfony\\Component\\Console\\Input\\ArgvInput), Object(Illuminate\\Console\\OutputStyle))\n#20 D:\\laragon\\www\\doantotnghiep\\vendor\\symfony\\console\\Application.php(1096): Illuminate\\Console\\Command->run(Object(Symfony\\Component\\Console\\Input\\ArgvInput), Object(Symfony\\Component\\Console\\Output\\ConsoleOutput))\n#21 D:\\laragon\\www\\doantotnghiep\\vendor\\symfony\\console\\Application.php(324): Symfony\\Component\\Console\\Application->doRunCommand(Object(Illuminate\\Queue\\Console\\WorkCommand), Object(Symfony\\Component\\Console\\Input\\ArgvInput), Object(Symfony\\Component\\Console\\Output\\ConsoleOutput))\n#22 D:\\laragon\\www\\doantotnghiep\\vendor\\symfony\\console\\Application.php(175): Symfony\\Component\\Console\\Application->doRun(Object(Symfony\\Component\\Console\\Input\\ArgvInput), Object(Symfony\\Component\\Console\\Output\\ConsoleOutput))\n#23 D:\\laragon\\www\\doantotnghiep\\vendor\\laravel\\framework\\src\\Illuminate\\Foundation\\Console\\Kernel.php(201): Symfony\\Component\\Console\\Application->run(Object(Symfony\\Component\\Console\\Input\\ArgvInput), Object(Symfony\\Component\\Console\\Output\\ConsoleOutput))\n#24 D:\\laragon\\www\\doantotnghiep\\artisan(37): Illuminate\\Foundation\\Console\\Kernel->handle(Object(Symfony\\Component\\Console\\Input\\ArgvInput), Object(Symfony\\Component\\Console\\Output\\ConsoleOutput))\n#25 {main}', '2024-12-09 19:25:52'),
(46, '110eeecc-3cb7-4c6b-9850-0d6c1b18bc39', 'database', 'default', '{\"uuid\":\"110eeecc-3cb7-4c6b-9850-0d6c1b18bc39\",\"displayName\":\"App\\\\Listeners\\\\SendNotification\",\"job\":\"Illuminate\\\\Queue\\\\CallQueuedHandler@call\",\"maxTries\":null,\"maxExceptions\":null,\"failOnTimeout\":false,\"backoff\":null,\"timeout\":null,\"retryUntil\":null,\"data\":{\"commandName\":\"Illuminate\\\\Events\\\\CallQueuedListener\",\"command\":\"O:36:\\\"Illuminate\\\\Events\\\\CallQueuedListener\\\":20:{s:5:\\\"class\\\";s:30:\\\"App\\\\Listeners\\\\SendNotification\\\";s:6:\\\"method\\\";s:6:\\\"handle\\\";s:4:\\\"data\\\";a:1:{i:0;O:22:\\\"App\\\\Events\\\\OrderTicket\\\":1:{s:6:\\\"ticket\\\";O:45:\\\"Illuminate\\\\Contracts\\\\Database\\\\ModelIdentifier\\\":5:{s:5:\\\"class\\\";s:24:\\\"App\\\\Models\\\\TicketBooking\\\";s:2:\\\"id\\\";i:139;s:9:\\\"relations\\\";a:6:{i:0;s:3:\\\"bus\\\";i:1;s:10:\\\"bus.driver\\\";i:2;s:5:\\\"route\\\";i:3;s:4:\\\"trip\\\";i:4;s:13:\\\"ticketDetails\\\";i:5;s:13:\\\"paymentMethod\\\";}s:10:\\\"connection\\\";s:5:\\\"mysql\\\";s:15:\\\"collectionClass\\\";N;}}}s:5:\\\"tries\\\";N;s:13:\\\"maxExceptions\\\";N;s:7:\\\"backoff\\\";N;s:10:\\\"retryUntil\\\";N;s:7:\\\"timeout\\\";N;s:13:\\\"failOnTimeout\\\";b:0;s:17:\\\"shouldBeEncrypted\\\";b:0;s:3:\\\"job\\\";N;s:10:\\\"connection\\\";N;s:5:\\\"queue\\\";N;s:15:\\\"chainConnection\\\";N;s:10:\\\"chainQueue\\\";N;s:19:\\\"chainCatchCallbacks\\\";N;s:5:\\\"delay\\\";N;s:11:\\\"afterCommit\\\";N;s:10:\\\"middleware\\\";a:0:{}s:7:\\\"chained\\\";a:0:{}}\"}}', 'Illuminate\\Database\\Eloquent\\ModelNotFoundException: No query results for model [App\\Models\\TicketBooking]. in D:\\laragon\\www\\doantotnghiep\\vendor\\laravel\\framework\\src\\Illuminate\\Database\\Eloquent\\Builder.php:621\nStack trace:\n#0 D:\\laragon\\www\\doantotnghiep\\vendor\\laravel\\framework\\src\\Illuminate\\Queue\\SerializesAndRestoresModelIdentifiers.php(109): Illuminate\\Database\\Eloquent\\Builder->firstOrFail()\n#1 D:\\laragon\\www\\doantotnghiep\\vendor\\laravel\\framework\\src\\Illuminate\\Queue\\SerializesAndRestoresModelIdentifiers.php(62): App\\Events\\OrderTicket->restoreModel(Object(Illuminate\\Contracts\\Database\\ModelIdentifier))\n#2 D:\\laragon\\www\\doantotnghiep\\vendor\\laravel\\framework\\src\\Illuminate\\Queue\\SerializesModels.php(93): App\\Events\\OrderTicket->getRestoredPropertyValue(Object(Illuminate\\Contracts\\Database\\ModelIdentifier))\n#3 [internal function]: App\\Events\\OrderTicket->__unserialize(Array)\n#4 D:\\laragon\\www\\doantotnghiep\\vendor\\laravel\\framework\\src\\Illuminate\\Queue\\CallQueuedHandler.php(97): unserialize(\'O:36:\"Illuminat...\')\n#5 D:\\laragon\\www\\doantotnghiep\\vendor\\laravel\\framework\\src\\Illuminate\\Queue\\CallQueuedHandler.php(60): Illuminate\\Queue\\CallQueuedHandler->getCommand(Array)\n#6 D:\\laragon\\www\\doantotnghiep\\vendor\\laravel\\framework\\src\\Illuminate\\Queue\\Jobs\\Job.php(102): Illuminate\\Queue\\CallQueuedHandler->call(Object(Illuminate\\Queue\\Jobs\\DatabaseJob), Array)\n#7 D:\\laragon\\www\\doantotnghiep\\vendor\\laravel\\framework\\src\\Illuminate\\Queue\\Worker.php(439): Illuminate\\Queue\\Jobs\\Job->fire()\n#8 D:\\laragon\\www\\doantotnghiep\\vendor\\laravel\\framework\\src\\Illuminate\\Queue\\Worker.php(389): Illuminate\\Queue\\Worker->process(\'database\', Object(Illuminate\\Queue\\Jobs\\DatabaseJob), Object(Illuminate\\Queue\\WorkerOptions))\n#9 D:\\laragon\\www\\doantotnghiep\\vendor\\laravel\\framework\\src\\Illuminate\\Queue\\Worker.php(176): Illuminate\\Queue\\Worker->runJob(Object(Illuminate\\Queue\\Jobs\\DatabaseJob), \'database\', Object(Illuminate\\Queue\\WorkerOptions))\n#10 D:\\laragon\\www\\doantotnghiep\\vendor\\laravel\\framework\\src\\Illuminate\\Queue\\Console\\WorkCommand.php(138): Illuminate\\Queue\\Worker->daemon(\'database\', \'default\', Object(Illuminate\\Queue\\WorkerOptions))\n#11 D:\\laragon\\www\\doantotnghiep\\vendor\\laravel\\framework\\src\\Illuminate\\Queue\\Console\\WorkCommand.php(121): Illuminate\\Queue\\Console\\WorkCommand->runWorker(\'database\', \'default\')\n#12 D:\\laragon\\www\\doantotnghiep\\vendor\\laravel\\framework\\src\\Illuminate\\Container\\BoundMethod.php(36): Illuminate\\Queue\\Console\\WorkCommand->handle()\n#13 D:\\laragon\\www\\doantotnghiep\\vendor\\laravel\\framework\\src\\Illuminate\\Container\\Util.php(41): Illuminate\\Container\\BoundMethod::Illuminate\\Container\\{closure}()\n#14 D:\\laragon\\www\\doantotnghiep\\vendor\\laravel\\framework\\src\\Illuminate\\Container\\BoundMethod.php(93): Illuminate\\Container\\Util::unwrapIfClosure(Object(Closure))\n#15 D:\\laragon\\www\\doantotnghiep\\vendor\\laravel\\framework\\src\\Illuminate\\Container\\BoundMethod.php(37): Illuminate\\Container\\BoundMethod::callBoundMethod(Object(Illuminate\\Foundation\\Application), Array, Object(Closure))\n#16 D:\\laragon\\www\\doantotnghiep\\vendor\\laravel\\framework\\src\\Illuminate\\Container\\Container.php(662): Illuminate\\Container\\BoundMethod::call(Object(Illuminate\\Foundation\\Application), Array, Array, NULL)\n#17 D:\\laragon\\www\\doantotnghiep\\vendor\\laravel\\framework\\src\\Illuminate\\Console\\Command.php(211): Illuminate\\Container\\Container->call(Array)\n#18 D:\\laragon\\www\\doantotnghiep\\vendor\\symfony\\console\\Command\\Command.php(326): Illuminate\\Console\\Command->execute(Object(Symfony\\Component\\Console\\Input\\ArgvInput), Object(Illuminate\\Console\\OutputStyle))\n#19 D:\\laragon\\www\\doantotnghiep\\vendor\\laravel\\framework\\src\\Illuminate\\Console\\Command.php(181): Symfony\\Component\\Console\\Command\\Command->run(Object(Symfony\\Component\\Console\\Input\\ArgvInput), Object(Illuminate\\Console\\OutputStyle))\n#20 D:\\laragon\\www\\doantotnghiep\\vendor\\symfony\\console\\Application.php(1096): Illuminate\\Console\\Command->run(Object(Symfony\\Component\\Console\\Input\\ArgvInput), Object(Symfony\\Component\\Console\\Output\\ConsoleOutput))\n#21 D:\\laragon\\www\\doantotnghiep\\vendor\\symfony\\console\\Application.php(324): Symfony\\Component\\Console\\Application->doRunCommand(Object(Illuminate\\Queue\\Console\\WorkCommand), Object(Symfony\\Component\\Console\\Input\\ArgvInput), Object(Symfony\\Component\\Console\\Output\\ConsoleOutput))\n#22 D:\\laragon\\www\\doantotnghiep\\vendor\\symfony\\console\\Application.php(175): Symfony\\Component\\Console\\Application->doRun(Object(Symfony\\Component\\Console\\Input\\ArgvInput), Object(Symfony\\Component\\Console\\Output\\ConsoleOutput))\n#23 D:\\laragon\\www\\doantotnghiep\\vendor\\laravel\\framework\\src\\Illuminate\\Foundation\\Console\\Kernel.php(201): Symfony\\Component\\Console\\Application->run(Object(Symfony\\Component\\Console\\Input\\ArgvInput), Object(Symfony\\Component\\Console\\Output\\ConsoleOutput))\n#24 D:\\laragon\\www\\doantotnghiep\\artisan(37): Illuminate\\Foundation\\Console\\Kernel->handle(Object(Symfony\\Component\\Console\\Input\\ArgvInput), Object(Symfony\\Component\\Console\\Output\\ConsoleOutput))\n#25 {main}', '2024-12-09 19:25:52'),
(47, '466a5913-4805-48ad-a548-fad502427465', 'database', 'default', '{\"uuid\":\"466a5913-4805-48ad-a548-fad502427465\",\"displayName\":\"App\\\\Listeners\\\\SendNotification\",\"job\":\"Illuminate\\\\Queue\\\\CallQueuedHandler@call\",\"maxTries\":null,\"maxExceptions\":null,\"failOnTimeout\":false,\"backoff\":null,\"timeout\":null,\"retryUntil\":null,\"data\":{\"commandName\":\"Illuminate\\\\Events\\\\CallQueuedListener\",\"command\":\"O:36:\\\"Illuminate\\\\Events\\\\CallQueuedListener\\\":20:{s:5:\\\"class\\\";s:30:\\\"App\\\\Listeners\\\\SendNotification\\\";s:6:\\\"method\\\";s:6:\\\"handle\\\";s:4:\\\"data\\\";a:1:{i:0;O:22:\\\"App\\\\Events\\\\OrderTicket\\\":1:{s:6:\\\"ticket\\\";O:45:\\\"Illuminate\\\\Contracts\\\\Database\\\\ModelIdentifier\\\":5:{s:5:\\\"class\\\";s:24:\\\"App\\\\Models\\\\TicketBooking\\\";s:2:\\\"id\\\";i:140;s:9:\\\"relations\\\";a:6:{i:0;s:3:\\\"bus\\\";i:1;s:10:\\\"bus.driver\\\";i:2;s:5:\\\"route\\\";i:3;s:4:\\\"trip\\\";i:4;s:13:\\\"ticketDetails\\\";i:5;s:13:\\\"paymentMethod\\\";}s:10:\\\"connection\\\";s:5:\\\"mysql\\\";s:15:\\\"collectionClass\\\";N;}}}s:5:\\\"tries\\\";N;s:13:\\\"maxExceptions\\\";N;s:7:\\\"backoff\\\";N;s:10:\\\"retryUntil\\\";N;s:7:\\\"timeout\\\";N;s:13:\\\"failOnTimeout\\\";b:0;s:17:\\\"shouldBeEncrypted\\\";b:0;s:3:\\\"job\\\";N;s:10:\\\"connection\\\";N;s:5:\\\"queue\\\";N;s:15:\\\"chainConnection\\\";N;s:10:\\\"chainQueue\\\";N;s:19:\\\"chainCatchCallbacks\\\";N;s:5:\\\"delay\\\";N;s:11:\\\"afterCommit\\\";N;s:10:\\\"middleware\\\";a:0:{}s:7:\\\"chained\\\";a:0:{}}\"}}', 'Illuminate\\Database\\Eloquent\\ModelNotFoundException: No query results for model [App\\Models\\TicketBooking]. in D:\\laragon\\www\\doantotnghiep\\vendor\\laravel\\framework\\src\\Illuminate\\Database\\Eloquent\\Builder.php:621\nStack trace:\n#0 D:\\laragon\\www\\doantotnghiep\\vendor\\laravel\\framework\\src\\Illuminate\\Queue\\SerializesAndRestoresModelIdentifiers.php(109): Illuminate\\Database\\Eloquent\\Builder->firstOrFail()\n#1 D:\\laragon\\www\\doantotnghiep\\vendor\\laravel\\framework\\src\\Illuminate\\Queue\\SerializesAndRestoresModelIdentifiers.php(62): App\\Events\\OrderTicket->restoreModel(Object(Illuminate\\Contracts\\Database\\ModelIdentifier))\n#2 D:\\laragon\\www\\doantotnghiep\\vendor\\laravel\\framework\\src\\Illuminate\\Queue\\SerializesModels.php(93): App\\Events\\OrderTicket->getRestoredPropertyValue(Object(Illuminate\\Contracts\\Database\\ModelIdentifier))\n#3 [internal function]: App\\Events\\OrderTicket->__unserialize(Array)\n#4 D:\\laragon\\www\\doantotnghiep\\vendor\\laravel\\framework\\src\\Illuminate\\Queue\\CallQueuedHandler.php(97): unserialize(\'O:36:\"Illuminat...\')\n#5 D:\\laragon\\www\\doantotnghiep\\vendor\\laravel\\framework\\src\\Illuminate\\Queue\\CallQueuedHandler.php(60): Illuminate\\Queue\\CallQueuedHandler->getCommand(Array)\n#6 D:\\laragon\\www\\doantotnghiep\\vendor\\laravel\\framework\\src\\Illuminate\\Queue\\Jobs\\Job.php(102): Illuminate\\Queue\\CallQueuedHandler->call(Object(Illuminate\\Queue\\Jobs\\DatabaseJob), Array)\n#7 D:\\laragon\\www\\doantotnghiep\\vendor\\laravel\\framework\\src\\Illuminate\\Queue\\Worker.php(439): Illuminate\\Queue\\Jobs\\Job->fire()\n#8 D:\\laragon\\www\\doantotnghiep\\vendor\\laravel\\framework\\src\\Illuminate\\Queue\\Worker.php(389): Illuminate\\Queue\\Worker->process(\'database\', Object(Illuminate\\Queue\\Jobs\\DatabaseJob), Object(Illuminate\\Queue\\WorkerOptions))\n#9 D:\\laragon\\www\\doantotnghiep\\vendor\\laravel\\framework\\src\\Illuminate\\Queue\\Worker.php(176): Illuminate\\Queue\\Worker->runJob(Object(Illuminate\\Queue\\Jobs\\DatabaseJob), \'database\', Object(Illuminate\\Queue\\WorkerOptions))\n#10 D:\\laragon\\www\\doantotnghiep\\vendor\\laravel\\framework\\src\\Illuminate\\Queue\\Console\\WorkCommand.php(138): Illuminate\\Queue\\Worker->daemon(\'database\', \'default\', Object(Illuminate\\Queue\\WorkerOptions))\n#11 D:\\laragon\\www\\doantotnghiep\\vendor\\laravel\\framework\\src\\Illuminate\\Queue\\Console\\WorkCommand.php(121): Illuminate\\Queue\\Console\\WorkCommand->runWorker(\'database\', \'default\')\n#12 D:\\laragon\\www\\doantotnghiep\\vendor\\laravel\\framework\\src\\Illuminate\\Container\\BoundMethod.php(36): Illuminate\\Queue\\Console\\WorkCommand->handle()\n#13 D:\\laragon\\www\\doantotnghiep\\vendor\\laravel\\framework\\src\\Illuminate\\Container\\Util.php(41): Illuminate\\Container\\BoundMethod::Illuminate\\Container\\{closure}()\n#14 D:\\laragon\\www\\doantotnghiep\\vendor\\laravel\\framework\\src\\Illuminate\\Container\\BoundMethod.php(93): Illuminate\\Container\\Util::unwrapIfClosure(Object(Closure))\n#15 D:\\laragon\\www\\doantotnghiep\\vendor\\laravel\\framework\\src\\Illuminate\\Container\\BoundMethod.php(37): Illuminate\\Container\\BoundMethod::callBoundMethod(Object(Illuminate\\Foundation\\Application), Array, Object(Closure))\n#16 D:\\laragon\\www\\doantotnghiep\\vendor\\laravel\\framework\\src\\Illuminate\\Container\\Container.php(662): Illuminate\\Container\\BoundMethod::call(Object(Illuminate\\Foundation\\Application), Array, Array, NULL)\n#17 D:\\laragon\\www\\doantotnghiep\\vendor\\laravel\\framework\\src\\Illuminate\\Console\\Command.php(211): Illuminate\\Container\\Container->call(Array)\n#18 D:\\laragon\\www\\doantotnghiep\\vendor\\symfony\\console\\Command\\Command.php(326): Illuminate\\Console\\Command->execute(Object(Symfony\\Component\\Console\\Input\\ArgvInput), Object(Illuminate\\Console\\OutputStyle))\n#19 D:\\laragon\\www\\doantotnghiep\\vendor\\laravel\\framework\\src\\Illuminate\\Console\\Command.php(181): Symfony\\Component\\Console\\Command\\Command->run(Object(Symfony\\Component\\Console\\Input\\ArgvInput), Object(Illuminate\\Console\\OutputStyle))\n#20 D:\\laragon\\www\\doantotnghiep\\vendor\\symfony\\console\\Application.php(1096): Illuminate\\Console\\Command->run(Object(Symfony\\Component\\Console\\Input\\ArgvInput), Object(Symfony\\Component\\Console\\Output\\ConsoleOutput))\n#21 D:\\laragon\\www\\doantotnghiep\\vendor\\symfony\\console\\Application.php(324): Symfony\\Component\\Console\\Application->doRunCommand(Object(Illuminate\\Queue\\Console\\WorkCommand), Object(Symfony\\Component\\Console\\Input\\ArgvInput), Object(Symfony\\Component\\Console\\Output\\ConsoleOutput))\n#22 D:\\laragon\\www\\doantotnghiep\\vendor\\symfony\\console\\Application.php(175): Symfony\\Component\\Console\\Application->doRun(Object(Symfony\\Component\\Console\\Input\\ArgvInput), Object(Symfony\\Component\\Console\\Output\\ConsoleOutput))\n#23 D:\\laragon\\www\\doantotnghiep\\vendor\\laravel\\framework\\src\\Illuminate\\Foundation\\Console\\Kernel.php(201): Symfony\\Component\\Console\\Application->run(Object(Symfony\\Component\\Console\\Input\\ArgvInput), Object(Symfony\\Component\\Console\\Output\\ConsoleOutput))\n#24 D:\\laragon\\www\\doantotnghiep\\artisan(37): Illuminate\\Foundation\\Console\\Kernel->handle(Object(Symfony\\Component\\Console\\Input\\ArgvInput), Object(Symfony\\Component\\Console\\Output\\ConsoleOutput))\n#25 {main}', '2024-12-09 19:25:52'),
(48, 'd2e416da-ef2a-430c-a8dc-51a053340813', 'database', 'default', '{\"uuid\":\"d2e416da-ef2a-430c-a8dc-51a053340813\",\"displayName\":\"App\\\\Listeners\\\\SendNotification\",\"job\":\"Illuminate\\\\Queue\\\\CallQueuedHandler@call\",\"maxTries\":null,\"maxExceptions\":null,\"failOnTimeout\":false,\"backoff\":null,\"timeout\":null,\"retryUntil\":null,\"data\":{\"commandName\":\"Illuminate\\\\Events\\\\CallQueuedListener\",\"command\":\"O:36:\\\"Illuminate\\\\Events\\\\CallQueuedListener\\\":20:{s:5:\\\"class\\\";s:30:\\\"App\\\\Listeners\\\\SendNotification\\\";s:6:\\\"method\\\";s:6:\\\"handle\\\";s:4:\\\"data\\\";a:1:{i:0;O:22:\\\"App\\\\Events\\\\OrderTicket\\\":1:{s:6:\\\"ticket\\\";O:45:\\\"Illuminate\\\\Contracts\\\\Database\\\\ModelIdentifier\\\":5:{s:5:\\\"class\\\";s:24:\\\"App\\\\Models\\\\TicketBooking\\\";s:2:\\\"id\\\";i:141;s:9:\\\"relations\\\";a:6:{i:0;s:3:\\\"bus\\\";i:1;s:10:\\\"bus.driver\\\";i:2;s:5:\\\"route\\\";i:3;s:4:\\\"trip\\\";i:4;s:13:\\\"ticketDetails\\\";i:5;s:13:\\\"paymentMethod\\\";}s:10:\\\"connection\\\";s:5:\\\"mysql\\\";s:15:\\\"collectionClass\\\";N;}}}s:5:\\\"tries\\\";N;s:13:\\\"maxExceptions\\\";N;s:7:\\\"backoff\\\";N;s:10:\\\"retryUntil\\\";N;s:7:\\\"timeout\\\";N;s:13:\\\"failOnTimeout\\\";b:0;s:17:\\\"shouldBeEncrypted\\\";b:0;s:3:\\\"job\\\";N;s:10:\\\"connection\\\";N;s:5:\\\"queue\\\";N;s:15:\\\"chainConnection\\\";N;s:10:\\\"chainQueue\\\";N;s:19:\\\"chainCatchCallbacks\\\";N;s:5:\\\"delay\\\";N;s:11:\\\"afterCommit\\\";N;s:10:\\\"middleware\\\";a:0:{}s:7:\\\"chained\\\";a:0:{}}\"}}', 'Illuminate\\Database\\Eloquent\\ModelNotFoundException: No query results for model [App\\Models\\TicketBooking]. in D:\\laragon\\www\\doantotnghiep\\vendor\\laravel\\framework\\src\\Illuminate\\Database\\Eloquent\\Builder.php:621\nStack trace:\n#0 D:\\laragon\\www\\doantotnghiep\\vendor\\laravel\\framework\\src\\Illuminate\\Queue\\SerializesAndRestoresModelIdentifiers.php(109): Illuminate\\Database\\Eloquent\\Builder->firstOrFail()\n#1 D:\\laragon\\www\\doantotnghiep\\vendor\\laravel\\framework\\src\\Illuminate\\Queue\\SerializesAndRestoresModelIdentifiers.php(62): App\\Events\\OrderTicket->restoreModel(Object(Illuminate\\Contracts\\Database\\ModelIdentifier))\n#2 D:\\laragon\\www\\doantotnghiep\\vendor\\laravel\\framework\\src\\Illuminate\\Queue\\SerializesModels.php(93): App\\Events\\OrderTicket->getRestoredPropertyValue(Object(Illuminate\\Contracts\\Database\\ModelIdentifier))\n#3 [internal function]: App\\Events\\OrderTicket->__unserialize(Array)\n#4 D:\\laragon\\www\\doantotnghiep\\vendor\\laravel\\framework\\src\\Illuminate\\Queue\\CallQueuedHandler.php(97): unserialize(\'O:36:\"Illuminat...\')\n#5 D:\\laragon\\www\\doantotnghiep\\vendor\\laravel\\framework\\src\\Illuminate\\Queue\\CallQueuedHandler.php(60): Illuminate\\Queue\\CallQueuedHandler->getCommand(Array)\n#6 D:\\laragon\\www\\doantotnghiep\\vendor\\laravel\\framework\\src\\Illuminate\\Queue\\Jobs\\Job.php(102): Illuminate\\Queue\\CallQueuedHandler->call(Object(Illuminate\\Queue\\Jobs\\DatabaseJob), Array)\n#7 D:\\laragon\\www\\doantotnghiep\\vendor\\laravel\\framework\\src\\Illuminate\\Queue\\Worker.php(439): Illuminate\\Queue\\Jobs\\Job->fire()\n#8 D:\\laragon\\www\\doantotnghiep\\vendor\\laravel\\framework\\src\\Illuminate\\Queue\\Worker.php(389): Illuminate\\Queue\\Worker->process(\'database\', Object(Illuminate\\Queue\\Jobs\\DatabaseJob), Object(Illuminate\\Queue\\WorkerOptions))\n#9 D:\\laragon\\www\\doantotnghiep\\vendor\\laravel\\framework\\src\\Illuminate\\Queue\\Worker.php(176): Illuminate\\Queue\\Worker->runJob(Object(Illuminate\\Queue\\Jobs\\DatabaseJob), \'database\', Object(Illuminate\\Queue\\WorkerOptions))\n#10 D:\\laragon\\www\\doantotnghiep\\vendor\\laravel\\framework\\src\\Illuminate\\Queue\\Console\\WorkCommand.php(138): Illuminate\\Queue\\Worker->daemon(\'database\', \'default\', Object(Illuminate\\Queue\\WorkerOptions))\n#11 D:\\laragon\\www\\doantotnghiep\\vendor\\laravel\\framework\\src\\Illuminate\\Queue\\Console\\WorkCommand.php(121): Illuminate\\Queue\\Console\\WorkCommand->runWorker(\'database\', \'default\')\n#12 D:\\laragon\\www\\doantotnghiep\\vendor\\laravel\\framework\\src\\Illuminate\\Container\\BoundMethod.php(36): Illuminate\\Queue\\Console\\WorkCommand->handle()\n#13 D:\\laragon\\www\\doantotnghiep\\vendor\\laravel\\framework\\src\\Illuminate\\Container\\Util.php(41): Illuminate\\Container\\BoundMethod::Illuminate\\Container\\{closure}()\n#14 D:\\laragon\\www\\doantotnghiep\\vendor\\laravel\\framework\\src\\Illuminate\\Container\\BoundMethod.php(93): Illuminate\\Container\\Util::unwrapIfClosure(Object(Closure))\n#15 D:\\laragon\\www\\doantotnghiep\\vendor\\laravel\\framework\\src\\Illuminate\\Container\\BoundMethod.php(37): Illuminate\\Container\\BoundMethod::callBoundMethod(Object(Illuminate\\Foundation\\Application), Array, Object(Closure))\n#16 D:\\laragon\\www\\doantotnghiep\\vendor\\laravel\\framework\\src\\Illuminate\\Container\\Container.php(662): Illuminate\\Container\\BoundMethod::call(Object(Illuminate\\Foundation\\Application), Array, Array, NULL)\n#17 D:\\laragon\\www\\doantotnghiep\\vendor\\laravel\\framework\\src\\Illuminate\\Console\\Command.php(211): Illuminate\\Container\\Container->call(Array)\n#18 D:\\laragon\\www\\doantotnghiep\\vendor\\symfony\\console\\Command\\Command.php(326): Illuminate\\Console\\Command->execute(Object(Symfony\\Component\\Console\\Input\\ArgvInput), Object(Illuminate\\Console\\OutputStyle))\n#19 D:\\laragon\\www\\doantotnghiep\\vendor\\laravel\\framework\\src\\Illuminate\\Console\\Command.php(181): Symfony\\Component\\Console\\Command\\Command->run(Object(Symfony\\Component\\Console\\Input\\ArgvInput), Object(Illuminate\\Console\\OutputStyle))\n#20 D:\\laragon\\www\\doantotnghiep\\vendor\\symfony\\console\\Application.php(1096): Illuminate\\Console\\Command->run(Object(Symfony\\Component\\Console\\Input\\ArgvInput), Object(Symfony\\Component\\Console\\Output\\ConsoleOutput))\n#21 D:\\laragon\\www\\doantotnghiep\\vendor\\symfony\\console\\Application.php(324): Symfony\\Component\\Console\\Application->doRunCommand(Object(Illuminate\\Queue\\Console\\WorkCommand), Object(Symfony\\Component\\Console\\Input\\ArgvInput), Object(Symfony\\Component\\Console\\Output\\ConsoleOutput))\n#22 D:\\laragon\\www\\doantotnghiep\\vendor\\symfony\\console\\Application.php(175): Symfony\\Component\\Console\\Application->doRun(Object(Symfony\\Component\\Console\\Input\\ArgvInput), Object(Symfony\\Component\\Console\\Output\\ConsoleOutput))\n#23 D:\\laragon\\www\\doantotnghiep\\vendor\\laravel\\framework\\src\\Illuminate\\Foundation\\Console\\Kernel.php(201): Symfony\\Component\\Console\\Application->run(Object(Symfony\\Component\\Console\\Input\\ArgvInput), Object(Symfony\\Component\\Console\\Output\\ConsoleOutput))\n#24 D:\\laragon\\www\\doantotnghiep\\artisan(37): Illuminate\\Foundation\\Console\\Kernel->handle(Object(Symfony\\Component\\Console\\Input\\ArgvInput), Object(Symfony\\Component\\Console\\Output\\ConsoleOutput))\n#25 {main}', '2024-12-09 19:25:52'),
(49, '1eecf1b8-ba01-4241-a1c7-3001ecc56d77', 'database', 'default', '{\"uuid\":\"1eecf1b8-ba01-4241-a1c7-3001ecc56d77\",\"displayName\":\"App\\\\Listeners\\\\SendNotification\",\"job\":\"Illuminate\\\\Queue\\\\CallQueuedHandler@call\",\"maxTries\":null,\"maxExceptions\":null,\"failOnTimeout\":false,\"backoff\":null,\"timeout\":null,\"retryUntil\":null,\"data\":{\"commandName\":\"Illuminate\\\\Events\\\\CallQueuedListener\",\"command\":\"O:36:\\\"Illuminate\\\\Events\\\\CallQueuedListener\\\":20:{s:5:\\\"class\\\";s:30:\\\"App\\\\Listeners\\\\SendNotification\\\";s:6:\\\"method\\\";s:6:\\\"handle\\\";s:4:\\\"data\\\";a:1:{i:0;O:22:\\\"App\\\\Events\\\\OrderTicket\\\":1:{s:6:\\\"ticket\\\";O:45:\\\"Illuminate\\\\Contracts\\\\Database\\\\ModelIdentifier\\\":5:{s:5:\\\"class\\\";s:24:\\\"App\\\\Models\\\\TicketBooking\\\";s:2:\\\"id\\\";i:142;s:9:\\\"relations\\\";a:6:{i:0;s:3:\\\"bus\\\";i:1;s:10:\\\"bus.driver\\\";i:2;s:5:\\\"route\\\";i:3;s:4:\\\"trip\\\";i:4;s:13:\\\"ticketDetails\\\";i:5;s:13:\\\"paymentMethod\\\";}s:10:\\\"connection\\\";s:5:\\\"mysql\\\";s:15:\\\"collectionClass\\\";N;}}}s:5:\\\"tries\\\";N;s:13:\\\"maxExceptions\\\";N;s:7:\\\"backoff\\\";N;s:10:\\\"retryUntil\\\";N;s:7:\\\"timeout\\\";N;s:13:\\\"failOnTimeout\\\";b:0;s:17:\\\"shouldBeEncrypted\\\";b:0;s:3:\\\"job\\\";N;s:10:\\\"connection\\\";N;s:5:\\\"queue\\\";N;s:15:\\\"chainConnection\\\";N;s:10:\\\"chainQueue\\\";N;s:19:\\\"chainCatchCallbacks\\\";N;s:5:\\\"delay\\\";N;s:11:\\\"afterCommit\\\";N;s:10:\\\"middleware\\\";a:0:{}s:7:\\\"chained\\\";a:0:{}}\"}}', 'Illuminate\\Database\\Eloquent\\ModelNotFoundException: No query results for model [App\\Models\\TicketBooking]. in D:\\laragon\\www\\doantotnghiep\\vendor\\laravel\\framework\\src\\Illuminate\\Database\\Eloquent\\Builder.php:621\nStack trace:\n#0 D:\\laragon\\www\\doantotnghiep\\vendor\\laravel\\framework\\src\\Illuminate\\Queue\\SerializesAndRestoresModelIdentifiers.php(109): Illuminate\\Database\\Eloquent\\Builder->firstOrFail()\n#1 D:\\laragon\\www\\doantotnghiep\\vendor\\laravel\\framework\\src\\Illuminate\\Queue\\SerializesAndRestoresModelIdentifiers.php(62): App\\Events\\OrderTicket->restoreModel(Object(Illuminate\\Contracts\\Database\\ModelIdentifier))\n#2 D:\\laragon\\www\\doantotnghiep\\vendor\\laravel\\framework\\src\\Illuminate\\Queue\\SerializesModels.php(93): App\\Events\\OrderTicket->getRestoredPropertyValue(Object(Illuminate\\Contracts\\Database\\ModelIdentifier))\n#3 [internal function]: App\\Events\\OrderTicket->__unserialize(Array)\n#4 D:\\laragon\\www\\doantotnghiep\\vendor\\laravel\\framework\\src\\Illuminate\\Queue\\CallQueuedHandler.php(97): unserialize(\'O:36:\"Illuminat...\')\n#5 D:\\laragon\\www\\doantotnghiep\\vendor\\laravel\\framework\\src\\Illuminate\\Queue\\CallQueuedHandler.php(60): Illuminate\\Queue\\CallQueuedHandler->getCommand(Array)\n#6 D:\\laragon\\www\\doantotnghiep\\vendor\\laravel\\framework\\src\\Illuminate\\Queue\\Jobs\\Job.php(102): Illuminate\\Queue\\CallQueuedHandler->call(Object(Illuminate\\Queue\\Jobs\\DatabaseJob), Array)\n#7 D:\\laragon\\www\\doantotnghiep\\vendor\\laravel\\framework\\src\\Illuminate\\Queue\\Worker.php(439): Illuminate\\Queue\\Jobs\\Job->fire()\n#8 D:\\laragon\\www\\doantotnghiep\\vendor\\laravel\\framework\\src\\Illuminate\\Queue\\Worker.php(389): Illuminate\\Queue\\Worker->process(\'database\', Object(Illuminate\\Queue\\Jobs\\DatabaseJob), Object(Illuminate\\Queue\\WorkerOptions))\n#9 D:\\laragon\\www\\doantotnghiep\\vendor\\laravel\\framework\\src\\Illuminate\\Queue\\Worker.php(176): Illuminate\\Queue\\Worker->runJob(Object(Illuminate\\Queue\\Jobs\\DatabaseJob), \'database\', Object(Illuminate\\Queue\\WorkerOptions))\n#10 D:\\laragon\\www\\doantotnghiep\\vendor\\laravel\\framework\\src\\Illuminate\\Queue\\Console\\WorkCommand.php(138): Illuminate\\Queue\\Worker->daemon(\'database\', \'default\', Object(Illuminate\\Queue\\WorkerOptions))\n#11 D:\\laragon\\www\\doantotnghiep\\vendor\\laravel\\framework\\src\\Illuminate\\Queue\\Console\\WorkCommand.php(121): Illuminate\\Queue\\Console\\WorkCommand->runWorker(\'database\', \'default\')\n#12 D:\\laragon\\www\\doantotnghiep\\vendor\\laravel\\framework\\src\\Illuminate\\Container\\BoundMethod.php(36): Illuminate\\Queue\\Console\\WorkCommand->handle()\n#13 D:\\laragon\\www\\doantotnghiep\\vendor\\laravel\\framework\\src\\Illuminate\\Container\\Util.php(41): Illuminate\\Container\\BoundMethod::Illuminate\\Container\\{closure}()\n#14 D:\\laragon\\www\\doantotnghiep\\vendor\\laravel\\framework\\src\\Illuminate\\Container\\BoundMethod.php(93): Illuminate\\Container\\Util::unwrapIfClosure(Object(Closure))\n#15 D:\\laragon\\www\\doantotnghiep\\vendor\\laravel\\framework\\src\\Illuminate\\Container\\BoundMethod.php(37): Illuminate\\Container\\BoundMethod::callBoundMethod(Object(Illuminate\\Foundation\\Application), Array, Object(Closure))\n#16 D:\\laragon\\www\\doantotnghiep\\vendor\\laravel\\framework\\src\\Illuminate\\Container\\Container.php(662): Illuminate\\Container\\BoundMethod::call(Object(Illuminate\\Foundation\\Application), Array, Array, NULL)\n#17 D:\\laragon\\www\\doantotnghiep\\vendor\\laravel\\framework\\src\\Illuminate\\Console\\Command.php(211): Illuminate\\Container\\Container->call(Array)\n#18 D:\\laragon\\www\\doantotnghiep\\vendor\\symfony\\console\\Command\\Command.php(326): Illuminate\\Console\\Command->execute(Object(Symfony\\Component\\Console\\Input\\ArgvInput), Object(Illuminate\\Console\\OutputStyle))\n#19 D:\\laragon\\www\\doantotnghiep\\vendor\\laravel\\framework\\src\\Illuminate\\Console\\Command.php(181): Symfony\\Component\\Console\\Command\\Command->run(Object(Symfony\\Component\\Console\\Input\\ArgvInput), Object(Illuminate\\Console\\OutputStyle))\n#20 D:\\laragon\\www\\doantotnghiep\\vendor\\symfony\\console\\Application.php(1096): Illuminate\\Console\\Command->run(Object(Symfony\\Component\\Console\\Input\\ArgvInput), Object(Symfony\\Component\\Console\\Output\\ConsoleOutput))\n#21 D:\\laragon\\www\\doantotnghiep\\vendor\\symfony\\console\\Application.php(324): Symfony\\Component\\Console\\Application->doRunCommand(Object(Illuminate\\Queue\\Console\\WorkCommand), Object(Symfony\\Component\\Console\\Input\\ArgvInput), Object(Symfony\\Component\\Console\\Output\\ConsoleOutput))\n#22 D:\\laragon\\www\\doantotnghiep\\vendor\\symfony\\console\\Application.php(175): Symfony\\Component\\Console\\Application->doRun(Object(Symfony\\Component\\Console\\Input\\ArgvInput), Object(Symfony\\Component\\Console\\Output\\ConsoleOutput))\n#23 D:\\laragon\\www\\doantotnghiep\\vendor\\laravel\\framework\\src\\Illuminate\\Foundation\\Console\\Kernel.php(201): Symfony\\Component\\Console\\Application->run(Object(Symfony\\Component\\Console\\Input\\ArgvInput), Object(Symfony\\Component\\Console\\Output\\ConsoleOutput))\n#24 D:\\laragon\\www\\doantotnghiep\\artisan(37): Illuminate\\Foundation\\Console\\Kernel->handle(Object(Symfony\\Component\\Console\\Input\\ArgvInput), Object(Symfony\\Component\\Console\\Output\\ConsoleOutput))\n#25 {main}', '2024-12-09 19:25:52'),
(50, '20b7c518-46dd-41c1-abff-3d24112381b2', 'database', 'default', '{\"uuid\":\"20b7c518-46dd-41c1-abff-3d24112381b2\",\"displayName\":\"App\\\\Listeners\\\\SendNotification\",\"job\":\"Illuminate\\\\Queue\\\\CallQueuedHandler@call\",\"maxTries\":null,\"maxExceptions\":null,\"failOnTimeout\":false,\"backoff\":null,\"timeout\":null,\"retryUntil\":null,\"data\":{\"commandName\":\"Illuminate\\\\Events\\\\CallQueuedListener\",\"command\":\"O:36:\\\"Illuminate\\\\Events\\\\CallQueuedListener\\\":20:{s:5:\\\"class\\\";s:30:\\\"App\\\\Listeners\\\\SendNotification\\\";s:6:\\\"method\\\";s:6:\\\"handle\\\";s:4:\\\"data\\\";a:1:{i:0;O:22:\\\"App\\\\Events\\\\OrderTicket\\\":1:{s:6:\\\"ticket\\\";O:45:\\\"Illuminate\\\\Contracts\\\\Database\\\\ModelIdentifier\\\":5:{s:5:\\\"class\\\";s:24:\\\"App\\\\Models\\\\TicketBooking\\\";s:2:\\\"id\\\";i:143;s:9:\\\"relations\\\";a:6:{i:0;s:3:\\\"bus\\\";i:1;s:10:\\\"bus.driver\\\";i:2;s:5:\\\"route\\\";i:3;s:4:\\\"trip\\\";i:4;s:13:\\\"ticketDetails\\\";i:5;s:13:\\\"paymentMethod\\\";}s:10:\\\"connection\\\";s:5:\\\"mysql\\\";s:15:\\\"collectionClass\\\";N;}}}s:5:\\\"tries\\\";N;s:13:\\\"maxExceptions\\\";N;s:7:\\\"backoff\\\";N;s:10:\\\"retryUntil\\\";N;s:7:\\\"timeout\\\";N;s:13:\\\"failOnTimeout\\\";b:0;s:17:\\\"shouldBeEncrypted\\\";b:0;s:3:\\\"job\\\";N;s:10:\\\"connection\\\";N;s:5:\\\"queue\\\";N;s:15:\\\"chainConnection\\\";N;s:10:\\\"chainQueue\\\";N;s:19:\\\"chainCatchCallbacks\\\";N;s:5:\\\"delay\\\";N;s:11:\\\"afterCommit\\\";N;s:10:\\\"middleware\\\";a:0:{}s:7:\\\"chained\\\";a:0:{}}\"}}', 'Illuminate\\Database\\Eloquent\\ModelNotFoundException: No query results for model [App\\Models\\TicketBooking]. in D:\\laragon\\www\\doantotnghiep\\vendor\\laravel\\framework\\src\\Illuminate\\Database\\Eloquent\\Builder.php:621\nStack trace:\n#0 D:\\laragon\\www\\doantotnghiep\\vendor\\laravel\\framework\\src\\Illuminate\\Queue\\SerializesAndRestoresModelIdentifiers.php(109): Illuminate\\Database\\Eloquent\\Builder->firstOrFail()\n#1 D:\\laragon\\www\\doantotnghiep\\vendor\\laravel\\framework\\src\\Illuminate\\Queue\\SerializesAndRestoresModelIdentifiers.php(62): App\\Events\\OrderTicket->restoreModel(Object(Illuminate\\Contracts\\Database\\ModelIdentifier))\n#2 D:\\laragon\\www\\doantotnghiep\\vendor\\laravel\\framework\\src\\Illuminate\\Queue\\SerializesModels.php(93): App\\Events\\OrderTicket->getRestoredPropertyValue(Object(Illuminate\\Contracts\\Database\\ModelIdentifier))\n#3 [internal function]: App\\Events\\OrderTicket->__unserialize(Array)\n#4 D:\\laragon\\www\\doantotnghiep\\vendor\\laravel\\framework\\src\\Illuminate\\Queue\\CallQueuedHandler.php(97): unserialize(\'O:36:\"Illuminat...\')\n#5 D:\\laragon\\www\\doantotnghiep\\vendor\\laravel\\framework\\src\\Illuminate\\Queue\\CallQueuedHandler.php(60): Illuminate\\Queue\\CallQueuedHandler->getCommand(Array)\n#6 D:\\laragon\\www\\doantotnghiep\\vendor\\laravel\\framework\\src\\Illuminate\\Queue\\Jobs\\Job.php(102): Illuminate\\Queue\\CallQueuedHandler->call(Object(Illuminate\\Queue\\Jobs\\DatabaseJob), Array)\n#7 D:\\laragon\\www\\doantotnghiep\\vendor\\laravel\\framework\\src\\Illuminate\\Queue\\Worker.php(439): Illuminate\\Queue\\Jobs\\Job->fire()\n#8 D:\\laragon\\www\\doantotnghiep\\vendor\\laravel\\framework\\src\\Illuminate\\Queue\\Worker.php(389): Illuminate\\Queue\\Worker->process(\'database\', Object(Illuminate\\Queue\\Jobs\\DatabaseJob), Object(Illuminate\\Queue\\WorkerOptions))\n#9 D:\\laragon\\www\\doantotnghiep\\vendor\\laravel\\framework\\src\\Illuminate\\Queue\\Worker.php(176): Illuminate\\Queue\\Worker->runJob(Object(Illuminate\\Queue\\Jobs\\DatabaseJob), \'database\', Object(Illuminate\\Queue\\WorkerOptions))\n#10 D:\\laragon\\www\\doantotnghiep\\vendor\\laravel\\framework\\src\\Illuminate\\Queue\\Console\\WorkCommand.php(138): Illuminate\\Queue\\Worker->daemon(\'database\', \'default\', Object(Illuminate\\Queue\\WorkerOptions))\n#11 D:\\laragon\\www\\doantotnghiep\\vendor\\laravel\\framework\\src\\Illuminate\\Queue\\Console\\WorkCommand.php(121): Illuminate\\Queue\\Console\\WorkCommand->runWorker(\'database\', \'default\')\n#12 D:\\laragon\\www\\doantotnghiep\\vendor\\laravel\\framework\\src\\Illuminate\\Container\\BoundMethod.php(36): Illuminate\\Queue\\Console\\WorkCommand->handle()\n#13 D:\\laragon\\www\\doantotnghiep\\vendor\\laravel\\framework\\src\\Illuminate\\Container\\Util.php(41): Illuminate\\Container\\BoundMethod::Illuminate\\Container\\{closure}()\n#14 D:\\laragon\\www\\doantotnghiep\\vendor\\laravel\\framework\\src\\Illuminate\\Container\\BoundMethod.php(93): Illuminate\\Container\\Util::unwrapIfClosure(Object(Closure))\n#15 D:\\laragon\\www\\doantotnghiep\\vendor\\laravel\\framework\\src\\Illuminate\\Container\\BoundMethod.php(37): Illuminate\\Container\\BoundMethod::callBoundMethod(Object(Illuminate\\Foundation\\Application), Array, Object(Closure))\n#16 D:\\laragon\\www\\doantotnghiep\\vendor\\laravel\\framework\\src\\Illuminate\\Container\\Container.php(662): Illuminate\\Container\\BoundMethod::call(Object(Illuminate\\Foundation\\Application), Array, Array, NULL)\n#17 D:\\laragon\\www\\doantotnghiep\\vendor\\laravel\\framework\\src\\Illuminate\\Console\\Command.php(211): Illuminate\\Container\\Container->call(Array)\n#18 D:\\laragon\\www\\doantotnghiep\\vendor\\symfony\\console\\Command\\Command.php(326): Illuminate\\Console\\Command->execute(Object(Symfony\\Component\\Console\\Input\\ArgvInput), Object(Illuminate\\Console\\OutputStyle))\n#19 D:\\laragon\\www\\doantotnghiep\\vendor\\laravel\\framework\\src\\Illuminate\\Console\\Command.php(181): Symfony\\Component\\Console\\Command\\Command->run(Object(Symfony\\Component\\Console\\Input\\ArgvInput), Object(Illuminate\\Console\\OutputStyle))\n#20 D:\\laragon\\www\\doantotnghiep\\vendor\\symfony\\console\\Application.php(1096): Illuminate\\Console\\Command->run(Object(Symfony\\Component\\Console\\Input\\ArgvInput), Object(Symfony\\Component\\Console\\Output\\ConsoleOutput))\n#21 D:\\laragon\\www\\doantotnghiep\\vendor\\symfony\\console\\Application.php(324): Symfony\\Component\\Console\\Application->doRunCommand(Object(Illuminate\\Queue\\Console\\WorkCommand), Object(Symfony\\Component\\Console\\Input\\ArgvInput), Object(Symfony\\Component\\Console\\Output\\ConsoleOutput))\n#22 D:\\laragon\\www\\doantotnghiep\\vendor\\symfony\\console\\Application.php(175): Symfony\\Component\\Console\\Application->doRun(Object(Symfony\\Component\\Console\\Input\\ArgvInput), Object(Symfony\\Component\\Console\\Output\\ConsoleOutput))\n#23 D:\\laragon\\www\\doantotnghiep\\vendor\\laravel\\framework\\src\\Illuminate\\Foundation\\Console\\Kernel.php(201): Symfony\\Component\\Console\\Application->run(Object(Symfony\\Component\\Console\\Input\\ArgvInput), Object(Symfony\\Component\\Console\\Output\\ConsoleOutput))\n#24 D:\\laragon\\www\\doantotnghiep\\artisan(37): Illuminate\\Foundation\\Console\\Kernel->handle(Object(Symfony\\Component\\Console\\Input\\ArgvInput), Object(Symfony\\Component\\Console\\Output\\ConsoleOutput))\n#25 {main}', '2024-12-09 19:25:52');

-- --------------------------------------------------------

--
-- Table structure for table `information`
--

CREATE TABLE `information` (
  `id` bigint UNSIGNED NOT NULL,
  `title` varchar(255) CHARACTER SET utf8mb4 COLLATE utf8mb4_unicode_ci NOT NULL,
  `summary` varchar(255) CHARACTER SET utf8mb4 COLLATE utf8mb4_unicode_ci NOT NULL,
  `content` mediumtext CHARACTER SET utf8mb4 COLLATE utf8mb4_unicode_ci NOT NULL,
  `thumbnail_image` varchar(255) CHARACTER SET utf8mb4 COLLATE utf8mb4_unicode_ci NOT NULL,
  `views_count` int NOT NULL DEFAULT '0',
  `deleted_at` timestamp NULL DEFAULT NULL,
  `created_at` timestamp NULL DEFAULT NULL,
  `updated_at` timestamp NULL DEFAULT NULL
) ENGINE=InnoDB DEFAULT CHARSET=utf8mb4 COLLATE=utf8mb4_unicode_ci;

--
-- Dumping data for table `information`
--

INSERT INTO `information` (`id`, `title`, `summary`, `content`, `thumbnail_image`, `views_count`, `deleted_at`, `created_at`, `updated_at`) VALUES
(1, 'banner chung cư mini', '<p>dvbdf</p>', '<p>&nbsp;cx fcd</p>', 'information/5jOq695dA1b4uBVsVKqTfhR0k5OCFS3FC24mnReJ.jpg', 1, '2024-11-04 02:40:44', '2024-11-04 02:38:48', '2024-11-04 02:40:44'),
(2, 'Levelnkjjo', '<p>hbuhuh</p>', '<p>ekfjeifjoe</p>', 'information/sGod1XtokolMnEqKSDloO5Iv9lVaTbNiQrmOlrx3.jpg', 0, '2024-11-08 08:32:32', '2024-11-08 08:32:03', '2024-11-08 08:32:32'),
(3, '3473278423', '<p>sakjdnkjasd</p>', '<p>sâcdadasc</p>', 'information/PxguKaU8Z8ADSFw2uOWldlNmEVYZN4kUVfdIfGsa.jpg', 1, NULL, '2024-11-17 00:15:36', '2024-12-07 18:51:03');

-- --------------------------------------------------------

--
-- Table structure for table `information_new_category`
--

CREATE TABLE `information_new_category` (
  `information_id` bigint UNSIGNED NOT NULL,
  `new_category_id` bigint UNSIGNED NOT NULL,
  `created_at` timestamp NULL DEFAULT NULL,
  `updated_at` timestamp NULL DEFAULT NULL
) ENGINE=InnoDB DEFAULT CHARSET=utf8mb4 COLLATE=utf8mb4_unicode_ci;

--
-- Dumping data for table `information_new_category`
--

INSERT INTO `information_new_category` (`information_id`, `new_category_id`, `created_at`, `updated_at`) VALUES
(3, 4, NULL, NULL);

-- --------------------------------------------------------

--
-- Table structure for table `jobs`
--

CREATE TABLE `jobs` (
  `id` bigint UNSIGNED NOT NULL,
  `queue` varchar(255) CHARACTER SET utf8mb4 COLLATE utf8mb4_unicode_ci NOT NULL,
  `payload` longtext CHARACTER SET utf8mb4 COLLATE utf8mb4_unicode_ci NOT NULL,
  `attempts` tinyint UNSIGNED NOT NULL,
  `reserved_at` int UNSIGNED DEFAULT NULL,
  `available_at` int UNSIGNED NOT NULL,
  `created_at` int UNSIGNED NOT NULL
) ENGINE=InnoDB DEFAULT CHARSET=utf8mb4 COLLATE=utf8mb4_unicode_ci;

-- --------------------------------------------------------

--
-- Table structure for table `migrations`
--

CREATE TABLE `migrations` (
  `id` int UNSIGNED NOT NULL,
  `migration` varchar(255) CHARACTER SET utf8mb4 COLLATE utf8mb4_unicode_ci NOT NULL,
  `batch` int NOT NULL
) ENGINE=InnoDB DEFAULT CHARSET=utf8mb4 COLLATE=utf8mb4_unicode_ci;

--
-- Dumping data for table `migrations`
--

INSERT INTO `migrations` (`id`, `migration`, `batch`) VALUES
(1, '2014_10_12_000000_create_users_table', 1),
(2, '2014_10_12_100000_create_password_reset_tokens_table', 1),
(3, '2019_08_19_000000_create_failed_jobs_table', 1),
(4, '2019_12_14_000001_create_personal_access_tokens_table', 1),
(5, '2024_10_01_090823_create_contacts_table', 1),
(6, '2024_10_01_154042_create_roles_table', 1),
(7, '2024_10_07_073808_create_banners_table', 1),
(8, '2024_10_08_085305_create_new_categories_table', 1),
(9, '2024_10_08_090840_create_information_table', 1),
(10, '2024_10_08_090928_create_information_new_category_table', 1),
(11, '2024_10_26_035922_create_buses_table', 1),
(12, '2024_10_26_040119_create_bus_seats_table', 1),
(13, '2024_10_26_040139_create_stops_table', 1),
(14, '2024_10_26_040146_create_routes_table', 1),
(15, '2024_10_26_040205_create_stages_table', 1),
(16, '2024_10_26_040209_create_trips_table', 1),
(17, '2024_10_26_095811_create_promotions_table', 1),
(18, '2024_10_26_095827_create_promotion_users_table', 1),
(19, '2024_10_26_095914_create_payment_methods_table', 1),
(20, '2024_10_26_095937_create_reviews_table', 1),
(21, '2024_11_02_141447_create_ticket_bookings_table', 1),
(22, '2024_11_02_141522_create_ticket_detail_table', 1),
(23, '2024_11_02_154621_create_ticket_details_table', 2),
(24, '2024_11_05_034146_create_jobs_table', 3),
(25, '2024_11_12_144253_create_drivers_table', 4),
(26, '2024_10_31_082933_create_admins_table', 5),
(28, '2024_11_28_163558_add_otp_to_users_table', 6),
(29, '2024_12_01_010710_create_promotion_categories_table', 7),
(30, '2024_12_01_011720_create_promotions_table', 8),
(31, '2024_12_01_011359_create_promotion_route_table', 9),
(32, '2024_12_01_011339_create_promotion_users_table', 10);

-- --------------------------------------------------------

--
-- Table structure for table `new_categories`
--

CREATE TABLE `new_categories` (
  `id` bigint UNSIGNED NOT NULL,
  `name` varchar(255) CHARACTER SET utf8mb4 COLLATE utf8mb4_unicode_ci NOT NULL,
  `description` text CHARACTER SET utf8mb4 COLLATE utf8mb4_unicode_ci NOT NULL,
  `is_active` tinyint(1) NOT NULL DEFAULT '1',
  `deleted_at` timestamp NULL DEFAULT NULL,
  `created_at` timestamp NULL DEFAULT NULL,
  `updated_at` timestamp NULL DEFAULT NULL
) ENGINE=InnoDB DEFAULT CHARSET=utf8mb4 COLLATE=utf8mb4_unicode_ci;

--
-- Dumping data for table `new_categories`
--

INSERT INTO `new_categories` (`id`, `name`, `description`, `is_active`, `deleted_at`, `created_at`, `updated_at`) VALUES
(1, 'Phùng Thị Hồng Nhungwwwwwwwwwwwwwwwwwww', 'm mmm', 1, '2024-11-08 08:31:16', '2024-11-08 08:31:08', '2024-11-08 08:31:16'),
(2, 'hoạt động', '11', 1, NULL, '2024-11-17 00:15:02', '2024-11-17 00:15:02'),
(3, 'tuyến đường', '22', 1, NULL, '2024-11-17 00:15:09', '2024-11-17 00:15:09'),
(4, 'chính sách', '33', 1, NULL, '2024-11-17 00:15:17', '2024-12-07 18:50:54');

-- --------------------------------------------------------

--
-- Table structure for table `password_reset_tokens`
--

CREATE TABLE `password_reset_tokens` (
  `email` varchar(255) CHARACTER SET utf8mb4 COLLATE utf8mb4_unicode_ci NOT NULL,
  `token` varchar(255) CHARACTER SET utf8mb4 COLLATE utf8mb4_unicode_ci NOT NULL,
  `created_at` timestamp NULL DEFAULT NULL
) ENGINE=InnoDB DEFAULT CHARSET=utf8mb4 COLLATE=utf8mb4_unicode_ci;

-- --------------------------------------------------------

--
-- Table structure for table `payment_methods`
--

CREATE TABLE `payment_methods` (
  `id` bigint UNSIGNED NOT NULL,
  `name` varchar(255) CHARACTER SET utf8mb4 COLLATE utf8mb4_unicode_ci NOT NULL,
  `created_at` timestamp NULL DEFAULT NULL,
  `updated_at` timestamp NULL DEFAULT NULL
) ENGINE=InnoDB DEFAULT CHARSET=utf8mb4 COLLATE=utf8mb4_unicode_ci;

--
-- Dumping data for table `payment_methods`
--

INSERT INTO `payment_methods` (`id`, `name`, `created_at`, `updated_at`) VALUES
(1, 'Thanh toán tại quầy', '2024-11-02 15:04:07', NULL),
(2, 'MoMo', '2024-11-02 15:04:07', NULL),
(3, 'VNPAY', '2024-11-02 15:05:17', NULL);

-- --------------------------------------------------------

--
-- Table structure for table `personal_access_tokens`
--

CREATE TABLE `personal_access_tokens` (
  `id` bigint UNSIGNED NOT NULL,
  `tokenable_type` varchar(255) CHARACTER SET utf8mb4 COLLATE utf8mb4_unicode_ci NOT NULL,
  `tokenable_id` bigint UNSIGNED NOT NULL,
  `name` varchar(255) CHARACTER SET utf8mb4 COLLATE utf8mb4_unicode_ci NOT NULL,
  `token` varchar(64) CHARACTER SET utf8mb4 COLLATE utf8mb4_unicode_ci NOT NULL,
  `abilities` text CHARACTER SET utf8mb4 COLLATE utf8mb4_unicode_ci,
  `last_used_at` timestamp NULL DEFAULT NULL,
  `expires_at` timestamp NULL DEFAULT NULL,
  `created_at` timestamp NULL DEFAULT NULL,
  `updated_at` timestamp NULL DEFAULT NULL
) ENGINE=InnoDB DEFAULT CHARSET=utf8mb4 COLLATE=utf8mb4_unicode_ci;

--
-- Dumping data for table `personal_access_tokens`
--

INSERT INTO `personal_access_tokens` (`id`, `tokenable_type`, `tokenable_id`, `name`, `token`, `abilities`, `last_used_at`, `expires_at`, `created_at`, `updated_at`) VALUES
(1, 'App\\Models\\User', 27, 'DefaultTokenName', 'bc6199e92bd7d5bba5e3ba5e34ec332a2cda830c2e9688fee9c8103b7a0342cc', '[\"*\"]', '2024-11-28 09:58:55', NULL, '2024-11-28 09:57:21', '2024-11-28 09:58:55'),
(2, 'App\\Models\\User', 27, 'DefaultTokenName', 'c898cee14e08ee4761e428a5f2284879fe40b33cc8e247e97fbfd51f69cc7a0b', '[\"*\"]', NULL, NULL, '2024-11-28 10:17:17', '2024-11-28 10:17:17'),
(3, 'App\\Models\\User', 27, 'DefaultTokenName', '73e10b0a2e29a69fa8518d7c314c8427d75642c4219c9ac1281f54596e443720', '[\"*\"]', NULL, NULL, '2024-11-28 10:17:34', '2024-11-28 10:17:34'),
(4, 'App\\Models\\User', 27, 'DefaultTokenName', 'f3f6fc53ee507a9baf66a900148360d55f819c13aacd0bdc4c93add7a74de0e0', '[\"*\"]', NULL, NULL, '2024-11-29 07:04:41', '2024-11-29 07:04:41'),
(5, 'App\\Models\\User', 27, 'DefaultTokenName', 'f72a1b017216a2915eea6ffce5c8a1f9508b6b12d9d0e4af2ce8730e9f5b7eac', '[\"*\"]', NULL, NULL, '2024-11-29 07:05:10', '2024-11-29 07:05:10'),
(6, 'App\\Models\\User', 27, 'DefaultTokenName', 'ff2968102b8aae4b0731c7e532ee8470d4cea25236ef87d47dd1861c21a094f7', '[\"*\"]', NULL, NULL, '2024-11-29 07:05:23', '2024-11-29 07:05:23'),
(7, 'App\\Models\\User', 27, 'DefaultTokenName', 'ff6bd522b06a12bd90f96753562c4a0eece76cc55e07ceaf0ae87c5afbf3883c', '[\"*\"]', NULL, NULL, '2024-11-29 07:05:39', '2024-11-29 07:05:39'),
(8, 'App\\Models\\User', 28, 'DefaultTokenName', '3da4685579dabbb84bca94ad69dc101a87d9d6a3d16b5c72ca66d686f6794a0e', '[\"*\"]', NULL, NULL, '2024-12-07 07:47:49', '2024-12-07 07:47:49'),
(9, 'App\\Models\\User', 28, 'DefaultTokenName', 'bed7cd2aa96f30a2e852b94099aa77c9b0d82653fcbffccd82eff3bf871deb87', '[\"*\"]', NULL, NULL, '2024-12-07 07:47:50', '2024-12-07 07:47:50'),
(10, 'App\\Models\\User', 28, 'DefaultTokenName', '2e2c41ad404f17eaa76b7a97ab5968aaf6561b2f13131cd4c504ebe0dcb7dd9b', '[\"*\"]', '2024-12-07 08:35:29', NULL, '2024-12-07 07:47:55', '2024-12-07 08:35:29');

-- --------------------------------------------------------

--
-- Table structure for table `promotions`
--

CREATE TABLE `promotions` (
  `id` bigint UNSIGNED NOT NULL,
  `title` varchar(255) CHARACTER SET utf8mb4 COLLATE utf8mb4_unicode_ci NOT NULL,
  `image` varchar(255) CHARACTER SET utf8mb4 COLLATE utf8mb4_unicode_ci DEFAULT NULL,
  `code` varchar(255) CHARACTER SET utf8mb4 COLLATE utf8mb4_unicode_ci NOT NULL,
  `discount` decimal(8,2) NOT NULL,
  `start_date` date NOT NULL,
  `end_date` date NOT NULL,
  `description` text CHARACTER SET utf8mb4 COLLATE utf8mb4_unicode_ci NOT NULL,
  `content` text CHARACTER SET utf8mb4 COLLATE utf8mb4_unicode_ci NOT NULL,
  `count` int NOT NULL,
  `status` varchar(255) CHARACTER SET utf8mb4 COLLATE utf8mb4_unicode_ci NOT NULL DEFAULT 'open',
  `route_id` bigint UNSIGNED DEFAULT NULL,
  `user_id` bigint UNSIGNED DEFAULT NULL,
  `promotion_category_id` bigint UNSIGNED DEFAULT NULL,
  `created_at` timestamp NULL DEFAULT NULL,
  `updated_at` timestamp NULL DEFAULT NULL,
  `deleted_at` timestamp NULL DEFAULT NULL
) ENGINE=InnoDB DEFAULT CHARSET=utf8mb4 COLLATE=utf8mb4_unicode_ci;

--
-- Dumping data for table `promotions`
--

INSERT INTO `promotions` (`id`, `title`, `image`, `code`, `discount`, `start_date`, `end_date`, `description`, `content`, `count`, `status`, `route_id`, `user_id`, `promotion_category_id`, `created_at`, `updated_at`, `deleted_at`) VALUES
(18, 'Mã khuyến mãi giành cho người mới', 'promotions/VAyUVSz8160lAmb6Su5dphAYEDEyKuhv4uitFcdL.png', '88369', '3.00', '2024-12-13', '2025-01-01', 'adasdasd', 'sdsdsd', 3, 'pending', NULL, NULL, 1, '2024-12-07 08:04:26', '2024-12-07 08:04:26', NULL),
(19, 'adasdada', 'promotions/Z4pbOjxcp2EI4O4CgqKIUcnhwbJ4lFYmTnWUlinL.png', 'dsads', '11.00', '2024-12-07', '2024-12-17', 'asdasd', 'sdasd', 2, 'open', NULL, NULL, 2, '2024-12-07 08:05:27', '2024-12-07 08:05:27', NULL),
(20, 'sdasdasd', NULL, 'ssssdss', '12.00', '2024-12-11', '2024-12-21', 'sadsdasd', 'sadadas', 1, 'pending', NULL, NULL, 2, '2024-12-07 09:57:51', '2024-12-07 09:57:53', NULL),
(21, 'Black day', 'promotions/2L5tJaAC0zo5hscEllNLJevAc5XGD8u0dwwGRBrm.png', '88369', '50.00', '2024-12-09', '2024-12-10', 'Mã khuyến mãi hấp dẫn', 'Khuyến mãi hấp dẫn', 2, 'closed', NULL, NULL, 2, '2024-12-07 18:53:13', '2024-12-09 19:25:34', NULL);

-- --------------------------------------------------------

--
-- Table structure for table `promotion_categories`
--

CREATE TABLE `promotion_categories` (
  `id` bigint UNSIGNED NOT NULL,
  `name` varchar(255) CHARACTER SET utf8mb4 COLLATE utf8mb4_unicode_ci NOT NULL,
  `description` text CHARACTER SET utf8mb4 COLLATE utf8mb4_unicode_ci,
  `is_active` tinyint(1) NOT NULL DEFAULT '1',
  `deleted_at` timestamp NULL DEFAULT NULL,
  `created_at` timestamp NULL DEFAULT NULL,
  `updated_at` timestamp NULL DEFAULT NULL
) ENGINE=InnoDB DEFAULT CHARSET=utf8mb4 COLLATE=utf8mb4_unicode_ci;

--
-- Dumping data for table `promotion_categories`
--

INSERT INTO `promotion_categories` (`id`, `name`, `description`, `is_active`, `deleted_at`, `created_at`, `updated_at`) VALUES
(1, 'Ưu đãi cho  người mới', 'Ưu đãi cho  người mới', 1, NULL, '2024-12-05 10:34:07', '2024-12-05 10:34:07'),
(2, 'Ưu đãi hấp dẫn', 'Ưu đãi hấp dẫn', 1, NULL, '2024-12-05 10:47:30', '2024-12-07 18:51:57');

-- --------------------------------------------------------

--
-- Table structure for table `promotion_route`
--

CREATE TABLE `promotion_route` (
  `id` bigint UNSIGNED NOT NULL,
  `promotion_id` bigint UNSIGNED NOT NULL,
  `route_id` bigint UNSIGNED NOT NULL,
  `created_at` timestamp NULL DEFAULT NULL,
  `updated_at` timestamp NULL DEFAULT NULL
) ENGINE=InnoDB DEFAULT CHARSET=utf8mb4 COLLATE=utf8mb4_unicode_ci;

--
-- Dumping data for table `promotion_route`
--

INSERT INTO `promotion_route` (`id`, `promotion_id`, `route_id`, `created_at`, `updated_at`) VALUES
(16, 18, 5, NULL, NULL),
(17, 21, 4, NULL, NULL),
(18, 21, 5, NULL, NULL),
(19, 21, 6, NULL, NULL);

-- --------------------------------------------------------

--
-- Table structure for table `promotion_user`
--

CREATE TABLE `promotion_user` (
  `id` bigint UNSIGNED NOT NULL,
  `promotion_id` bigint UNSIGNED NOT NULL,
  `user_id` bigint UNSIGNED NOT NULL,
  `created_at` timestamp NULL DEFAULT NULL,
  `updated_at` timestamp NULL DEFAULT NULL
) ENGINE=InnoDB DEFAULT CHARSET=utf8mb4 COLLATE=utf8mb4_unicode_ci;

--
-- Dumping data for table `promotion_user`
--

INSERT INTO `promotion_user` (`id`, `promotion_id`, `user_id`, `created_at`, `updated_at`) VALUES
(28, 18, 28, NULL, NULL),
(29, 21, 13, NULL, NULL),
(30, 21, 16, NULL, NULL),
(31, 21, 17, NULL, NULL),
(32, 21, 19, NULL, NULL),
(33, 21, 20, NULL, NULL),
(34, 21, 24, NULL, NULL),
(35, 21, 25, NULL, NULL),
(36, 21, 26, NULL, NULL),
(37, 21, 27, NULL, NULL),
(38, 21, 28, NULL, NULL);

-- --------------------------------------------------------

--
-- Table structure for table `reviews`
--

CREATE TABLE `reviews` (
  `id` bigint UNSIGNED NOT NULL,
  `trip_id` bigint UNSIGNED NOT NULL,
  `user_id` bigint UNSIGNED NOT NULL,
  `rating` int NOT NULL,
  `comment` text CHARACTER SET utf8mb4 COLLATE utf8mb4_unicode_ci NOT NULL,
  `deleted_at` timestamp NULL DEFAULT NULL,
  `is_active` tinyint(1) NOT NULL DEFAULT '0',
  `created_at` timestamp NULL DEFAULT NULL,
  `updated_at` timestamp NULL DEFAULT NULL
) ENGINE=InnoDB DEFAULT CHARSET=utf8mb4 COLLATE=utf8mb4_unicode_ci;

-- --------------------------------------------------------

--
-- Table structure for table `roles`
--

CREATE TABLE `roles` (
  `id` bigint UNSIGNED NOT NULL,
  `name_role` varchar(255) CHARACTER SET utf8mb4 COLLATE utf8mb4_unicode_ci NOT NULL,
  `description` text CHARACTER SET utf8mb4 COLLATE utf8mb4_unicode_ci NOT NULL,
  `is_active` tinyint(1) NOT NULL DEFAULT '1',
  `deleted_at` timestamp NULL DEFAULT NULL,
  `created_at` timestamp NULL DEFAULT NULL,
  `updated_at` timestamp NULL DEFAULT NULL
) ENGINE=InnoDB DEFAULT CHARSET=utf8mb4 COLLATE=utf8mb4_unicode_ci;

--
-- Dumping data for table `roles`
--

INSERT INTO `roles` (`id`, `name_role`, `description`, `is_active`, `deleted_at`, `created_at`, `updated_at`) VALUES
(1, 'Phùng Thị Hồng Nhung', 'nkmkmlkl', 1, '2024-11-08 08:38:48', '2024-11-08 08:38:39', '2024-11-08 08:38:48'),
(2, 'admin', '1', 1, NULL, '2024-11-17 00:14:15', '2024-11-17 00:14:15'),
(3, 'nhân viên', '1', 1, NULL, '2024-11-17 00:14:21', '2024-11-17 00:14:21'),
(4, 'tài xế', '2', 1, NULL, '2024-11-17 00:14:27', '2024-11-17 00:14:27');

-- --------------------------------------------------------

--
-- Table structure for table `routes`
--

CREATE TABLE `routes` (
  `id` bigint UNSIGNED NOT NULL,
  `route_name` varchar(255) CHARACTER SET utf8mb4 COLLATE utf8mb4_unicode_ci NOT NULL,
  `start_route_id` bigint UNSIGNED NOT NULL,
  `end_route_id` bigint UNSIGNED NOT NULL,
  `cycle` int NOT NULL,
  `route_price` decimal(10,2) NOT NULL,
  `length` decimal(10,2) NOT NULL,
  `is_active` tinyint(1) NOT NULL DEFAULT '1',
  `description` text CHARACTER SET utf8mb4 COLLATE utf8mb4_unicode_ci NOT NULL,
  `deleted_at` timestamp NULL DEFAULT NULL,
  `created_at` timestamp NULL DEFAULT NULL,
  `updated_at` timestamp NULL DEFAULT NULL
) ENGINE=InnoDB DEFAULT CHARSET=utf8mb4 COLLATE=utf8mb4_unicode_ci;

--
-- Dumping data for table `routes`
--

INSERT INTO `routes` (`id`, `route_name`, `start_route_id`, `end_route_id`, `cycle`, `route_price`, `length`, `is_active`, `description`, `deleted_at`, `created_at`, `updated_at`) VALUES
(4, 'Tuyên Quang - Hà Nội', 15, 22, 240, '140000.00', '140.00', 1, 'Chạy cao tốc', NULL, '2024-10-26 21:11:11', '2024-10-27 00:44:02'),
(5, 'Chiêm Hóa - Hà Nội', 12, 22, 240, '180000.00', '180.00', 1, 'Chạy cao tốc', NULL, '2024-10-26 22:28:12', '2024-10-27 00:43:48'),
(6, 'Na Hang - Hà Nội', 11, 22, 180, '250000.00', '250.00', 1, 'Chạy cao tốc', NULL, '2024-10-26 22:37:39', '2024-10-27 00:43:33');

-- --------------------------------------------------------

--
-- Table structure for table `stages`
--

CREATE TABLE `stages` (
  `id` bigint UNSIGNED NOT NULL,
  `route_id` bigint UNSIGNED NOT NULL,
  `start_stop_id` bigint UNSIGNED NOT NULL,
  `end_stop_id` bigint UNSIGNED NOT NULL,
  `fare` decimal(10,2) NOT NULL,
  `deleted_at` timestamp NULL DEFAULT NULL,
  `created_at` timestamp NULL DEFAULT NULL,
  `updated_at` timestamp NULL DEFAULT NULL,
  `is_active` tinyint(1) NOT NULL DEFAULT '1'
) ENGINE=InnoDB DEFAULT CHARSET=utf8mb4 COLLATE=utf8mb4_unicode_ci;

--
-- Dumping data for table `stages`
--

INSERT INTO `stages` (`id`, `route_id`, `start_stop_id`, `end_stop_id`, `fare`, `deleted_at`, `created_at`, `updated_at`, `is_active`) VALUES
(34, 4, 15, 17, '60000.00', NULL, '2024-10-26 21:11:11', '2024-10-26 21:11:11', 1),
(35, 4, 15, 18, '80000.00', NULL, '2024-10-26 21:11:11', '2024-10-26 21:11:11', 1),
(36, 4, 15, 20, '100000.00', NULL, '2024-10-26 21:11:11', '2024-10-26 21:11:11', 1),
(37, 4, 15, 21, '120000.00', NULL, '2024-10-26 21:11:11', '2024-10-26 21:11:11', 1),
(38, 4, 15, 22, '140000.00', NULL, '2024-10-26 21:11:11', '2024-10-26 21:11:11', 1),
(39, 4, 17, 18, '60000.00', NULL, '2024-10-26 21:11:11', '2024-10-26 21:11:11', 1),
(40, 4, 17, 20, '80000.00', NULL, '2024-10-26 21:11:11', '2024-10-26 21:11:11', 1),
(41, 4, 17, 21, '100000.00', NULL, '2024-10-26 21:11:11', '2024-10-26 21:11:11', 1),
(42, 4, 17, 22, '120000.00', NULL, '2024-10-26 21:11:11', '2024-10-26 21:11:11', 1),
(43, 4, 18, 20, '60000.00', NULL, '2024-10-26 21:11:11', '2024-10-26 21:11:11', 1),
(44, 4, 18, 21, '80000.00', NULL, '2024-10-26 21:11:11', '2024-10-26 21:11:11', 1),
(45, 4, 18, 22, '100000.00', NULL, '2024-10-26 21:11:11', '2024-10-26 21:11:11', 1),
(46, 4, 20, 21, '60000.00', NULL, '2024-10-26 21:11:11', '2024-10-26 21:11:11', 1),
(47, 4, 20, 22, '80000.00', NULL, '2024-10-26 21:11:11', '2024-10-26 21:11:11', 1),
(48, 4, 21, 22, '60000.00', NULL, '2024-10-26 21:11:11', '2024-10-26 21:11:11', 1),
(49, 5, 12, 13, '40000.00', NULL, '2024-10-26 22:28:12', '2024-10-26 22:28:12', 1),
(50, 5, 12, 14, '50000.00', NULL, '2024-10-26 22:28:12', '2024-10-26 22:28:12', 1),
(51, 5, 12, 15, '60000.00', NULL, '2024-10-26 22:28:12', '2024-10-26 22:28:12', 1),
(52, 5, 12, 17, '80000.00', NULL, '2024-10-26 22:28:12', '2024-10-26 22:28:12', 1),
(53, 5, 12, 18, '100000.00', NULL, '2024-10-26 22:28:12', '2024-10-26 22:28:12', 1),
(54, 5, 12, 20, '120000.00', NULL, '2024-10-26 22:28:12', '2024-10-26 22:28:12', 1),
(55, 5, 12, 21, '140000.00', NULL, '2024-10-26 22:28:12', '2024-10-26 22:28:12', 1),
(56, 5, 12, 22, '180000.00', NULL, '2024-10-26 22:28:12', '2024-10-26 22:28:12', 1),
(57, 5, 13, 14, '40000.00', NULL, '2024-10-26 22:28:12', '2024-10-26 22:28:12', 1),
(58, 5, 13, 15, '50000.00', NULL, '2024-10-26 22:28:12', '2024-10-26 22:28:12', 1),
(59, 5, 13, 17, '60000.00', NULL, '2024-10-26 22:28:12', '2024-10-26 22:28:12', 1),
(60, 5, 13, 18, '80000.00', NULL, '2024-10-26 22:28:12', '2024-10-26 22:28:12', 1),
(61, 5, 13, 20, '100000.00', NULL, '2024-10-26 22:28:12', '2024-10-26 22:28:12', 1),
(62, 5, 13, 21, '120000.00', NULL, '2024-10-26 22:28:12', '2024-10-26 22:28:12', 1),
(63, 5, 13, 22, '140000.00', NULL, '2024-10-26 22:28:12', '2024-10-26 22:28:12', 1),
(64, 5, 14, 15, '40000.00', NULL, '2024-10-26 22:28:12', '2024-10-26 22:28:12', 1),
(65, 5, 14, 17, '50000.00', NULL, '2024-10-26 22:28:12', '2024-10-26 22:28:12', 1),
(66, 5, 14, 18, '60000.00', NULL, '2024-10-26 22:28:12', '2024-10-26 22:28:12', 1),
(67, 5, 14, 20, '80000.00', NULL, '2024-10-26 22:28:12', '2024-10-26 22:28:12', 1),
(68, 5, 14, 21, '100000.00', NULL, '2024-10-26 22:28:12', '2024-10-26 22:28:12', 1),
(69, 5, 14, 22, '120000.00', NULL, '2024-10-26 22:28:12', '2024-10-26 22:28:12', 1),
(70, 5, 15, 17, '40000.00', NULL, '2024-10-26 22:28:12', '2024-10-26 22:28:12', 1),
(71, 5, 15, 18, '50000.00', NULL, '2024-10-26 22:28:12', '2024-10-26 22:28:12', 1),
(72, 5, 15, 20, '60000.00', NULL, '2024-10-26 22:28:12', '2024-10-26 22:28:12', 1),
(73, 5, 15, 21, '80000.00', NULL, '2024-10-26 22:28:12', '2024-10-26 22:28:12', 1),
(74, 5, 15, 22, '100000.00', NULL, '2024-10-26 22:28:12', '2024-10-26 22:28:12', 1),
(75, 5, 17, 18, '40000.00', NULL, '2024-10-26 22:28:12', '2024-10-26 22:28:12', 1),
(76, 5, 17, 20, '50000.00', NULL, '2024-10-26 22:28:12', '2024-10-26 22:28:12', 1),
(77, 5, 17, 21, '60000.00', NULL, '2024-10-26 22:28:12', '2024-10-26 22:28:12', 1),
(78, 5, 17, 22, '80000.00', NULL, '2024-10-26 22:28:12', '2024-10-26 22:28:12', 1),
(79, 5, 18, 20, '40000.00', NULL, '2024-10-26 22:28:12', '2024-10-26 22:28:12', 1),
(80, 5, 18, 21, '50000.00', NULL, '2024-10-26 22:28:12', '2024-10-26 22:28:12', 1),
(81, 5, 18, 22, '60000.00', NULL, '2024-10-26 22:28:12', '2024-10-26 22:28:12', 1),
(82, 5, 20, 21, '40000.00', NULL, '2024-10-26 22:28:12', '2024-10-26 22:28:12', 1),
(83, 5, 20, 22, '50000.00', NULL, '2024-10-26 22:28:12', '2024-10-26 22:28:12', 1),
(84, 5, 21, 22, '40000.00', NULL, '2024-10-26 22:28:12', '2024-10-26 22:28:12', 1),
(85, 6, 11, 12, '80000.00', NULL, '2024-10-26 22:37:39', '2024-10-26 22:37:39', 1),
(86, 6, 11, 13, '100000.00', NULL, '2024-10-26 22:37:39', '2024-10-26 22:37:39', 1),
(87, 6, 11, 14, '120000.00', NULL, '2024-10-26 22:37:39', '2024-10-26 22:37:39', 1),
(88, 6, 11, 15, '140000.00', NULL, '2024-10-26 22:37:39', '2024-10-26 22:37:39', 1),
(89, 6, 11, 17, '160000.00', NULL, '2024-10-26 22:37:39', '2024-10-26 22:37:39', 1),
(90, 6, 11, 18, '180000.00', NULL, '2024-10-26 22:37:39', '2024-10-26 22:37:39', 1),
(91, 6, 11, 20, '200000.00', NULL, '2024-10-26 22:37:40', '2024-10-26 22:37:40', 1),
(92, 6, 11, 21, '230000.00', NULL, '2024-10-26 22:37:40', '2024-10-26 22:37:40', 1),
(93, 6, 11, 22, '250000.00', NULL, '2024-10-26 22:37:40', '2024-10-26 22:37:40', 1),
(94, 6, 12, 13, '80000.00', NULL, '2024-10-26 22:37:40', '2024-10-26 22:37:40', 1),
(95, 6, 12, 14, '100000.00', NULL, '2024-10-26 22:37:40', '2024-10-26 22:37:40', 1),
(96, 6, 12, 15, '120000.00', NULL, '2024-10-26 22:37:40', '2024-10-26 22:37:40', 1),
(97, 6, 12, 17, '140000.00', NULL, '2024-10-26 22:37:40', '2024-10-26 22:37:40', 1),
(98, 6, 12, 18, '160000.00', NULL, '2024-10-26 22:37:40', '2024-10-26 22:37:40', 1),
(99, 6, 12, 20, '180000.00', NULL, '2024-10-26 22:37:40', '2024-10-26 22:37:40', 1),
(100, 6, 12, 21, '200000.00', NULL, '2024-10-26 22:37:40', '2024-10-26 22:37:40', 1),
(101, 6, 12, 22, '222222.00', NULL, '2024-10-26 22:37:40', '2024-10-27 07:41:34', 1),
(102, 6, 13, 14, '80000.00', NULL, '2024-10-26 22:37:40', '2024-10-26 22:37:40', 1),
(103, 6, 13, 15, '100000.00', NULL, '2024-10-26 22:37:40', '2024-10-26 22:37:40', 1),
(104, 6, 13, 17, '120000.00', NULL, '2024-10-26 22:37:40', '2024-10-26 22:37:40', 1),
(105, 6, 13, 18, '140000.00', NULL, '2024-10-26 22:37:40', '2024-10-26 22:37:40', 1),
(106, 6, 13, 20, '160000.00', NULL, '2024-10-26 22:37:40', '2024-10-26 22:37:40', 1),
(107, 6, 13, 21, '180000.00', NULL, '2024-10-26 22:37:40', '2024-10-26 22:37:40', 1),
(108, 6, 13, 22, '200000.00', NULL, '2024-10-26 22:37:40', '2024-10-26 22:37:40', 1),
(109, 6, 14, 15, '80000.00', NULL, '2024-10-26 22:37:40', '2024-10-26 22:37:40', 1),
(110, 6, 14, 17, '100000.00', NULL, '2024-10-26 22:37:40', '2024-10-26 22:37:40', 1),
(111, 6, 14, 18, '120000.00', NULL, '2024-10-26 22:37:40', '2024-10-26 22:37:40', 1),
(112, 6, 14, 20, '140000.00', NULL, '2024-10-26 22:37:40', '2024-10-26 22:37:40', 1),
(113, 6, 14, 21, '160000.00', NULL, '2024-10-26 22:37:40', '2024-10-26 22:37:40', 1),
(114, 6, 14, 22, '180000.00', NULL, '2024-10-26 22:37:40', '2024-10-26 22:37:40', 1),
(115, 6, 15, 17, '80000.00', NULL, '2024-10-26 22:37:40', '2024-10-26 22:37:40', 1),
(116, 6, 15, 18, '100000.00', NULL, '2024-10-26 22:37:40', '2024-10-26 22:37:40', 1),
(117, 6, 15, 20, '120000.00', NULL, '2024-10-26 22:37:40', '2024-10-26 22:37:40', 1),
(118, 6, 15, 21, '140000.00', NULL, '2024-10-26 22:37:40', '2024-10-26 22:37:40', 1),
(119, 6, 15, 22, '160000.00', NULL, '2024-10-26 22:37:40', '2024-10-26 22:37:40', 1),
(120, 6, 17, 18, '80000.00', NULL, '2024-10-26 22:37:40', '2024-10-26 22:37:40', 1),
(121, 6, 17, 20, '100000.00', NULL, '2024-10-26 22:37:40', '2024-10-26 22:37:40', 1),
(122, 6, 17, 21, '120000.00', NULL, '2024-10-26 22:37:40', '2024-10-26 22:37:40', 1),
(123, 6, 17, 22, '140000.00', NULL, '2024-10-26 22:37:40', '2024-10-26 22:37:40', 1),
(124, 6, 18, 20, '80000.00', NULL, '2024-10-26 22:37:40', '2024-10-26 22:37:40', 1),
(125, 6, 18, 21, '100000.00', NULL, '2024-10-26 22:37:40', '2024-10-26 22:37:40', 1),
(126, 6, 18, 22, '120000.00', NULL, '2024-10-26 22:37:40', '2024-10-26 22:37:40', 1),
(127, 6, 20, 21, '80000.00', NULL, '2024-10-26 22:37:40', '2024-10-26 22:37:40', 1),
(128, 6, 20, 22, '100000.00', NULL, '2024-10-26 22:37:40', '2024-10-26 22:37:40', 1),
(129, 6, 21, 22, '80000.00', NULL, '2024-10-26 22:37:40', '2024-10-26 22:37:40', 1);

-- --------------------------------------------------------

--
-- Table structure for table `stops`
--

CREATE TABLE `stops` (
  `id` bigint UNSIGNED NOT NULL,
  `stop_name` varchar(255) CHARACTER SET utf8mb4 COLLATE utf8mb4_unicode_ci NOT NULL,
  `parent_id` bigint UNSIGNED DEFAULT NULL,
  `image` varchar(255) CHARACTER SET utf8mb4 COLLATE utf8mb4_unicode_ci NOT NULL,
  `is_active` tinyint(1) NOT NULL DEFAULT '1',
  `description` text CHARACTER SET utf8mb4 COLLATE utf8mb4_unicode_ci NOT NULL,
  `deleted_at` timestamp NULL DEFAULT NULL,
  `created_at` timestamp NULL DEFAULT NULL,
  `updated_at` timestamp NULL DEFAULT NULL
) ENGINE=InnoDB DEFAULT CHARSET=utf8mb4 COLLATE=utf8mb4_unicode_ci;

--
-- Dumping data for table `stops`
--

INSERT INTO `stops` (`id`, `stop_name`, `parent_id`, `image`, `is_active`, `description`, `deleted_at`, `created_at`, `updated_at`) VALUES
(10, 'Tuyên Quang', NULL, 'stops/DstWKHxnqKhbMC60blodsO6TetxCnUD4vCdoNMNP.jpg', 1, '<p>Thành Phố Tuyên Quang</p>', NULL, '2024-10-26 06:51:38', '2024-11-04 01:58:04'),
(11, 'Na Hang', 10, 'stops/GyJynDgxhlmtzxfDLwl8ODZKbmxwYlnKD1l5N5ET.jpg', 1, '<p>Thị trấn Na Hang</p>', NULL, '2024-10-26 06:52:04', '2024-10-26 07:08:29'),
(12, 'Chiêm Hóa', 10, 'stops/CDbFDzz7KCY7Tk62f0yPufEpAqZbfgjuTVfIoOYl.jpg', 1, '<p>Thị trấn Vĩnh Lộc</p>', NULL, '2024-10-26 06:52:29', '2024-10-26 07:08:28'),
(13, 'Hàm Yên', 10, 'stops/fHYbsGt19meZN0BXlhZkzkhxn8AK3trz5kyinjV8.jpg', 1, '<p>Huyện Hàm Yên - Tuyên Quang</p>', NULL, '2024-10-26 06:53:44', '2024-10-26 07:08:26'),
(14, 'Xuân Vân', 10, 'stops/GYEMTOc5cVTBpsnNLs1uhDeCq93JlEN2TJzDt0oT.jpg', 1, '<p>Xuân Vân Yên Sơn</p>', NULL, '2024-10-26 06:56:50', '2024-10-26 07:08:25'),
(15, 'Thành Phố Tuyên Quang', 10, 'stops/1hGLeh2d1O39bjKOUZjAomQI98SNQP6tBVEJlWWw.jpg', 1, '<p>Thành Phố Tuyên Quang</p>', NULL, '2024-10-26 06:58:32', '2024-10-26 07:08:24'),
(16, 'Phú Thọ', NULL, 'stops/VRVctiR6Yj9tfDtvQN6Z5xhqwQgYrrJL8NTN3vz2.jpg', 1, '<p>Thành Phố Việt Trì</p>', NULL, '2024-10-26 06:59:09', '2024-11-04 01:58:53'),
(17, 'Cầu Hai', 16, 'stops/06XnHguseEveK9UgQKF0hgVgHlxNhImok50ibtae.webp', 1, '<p>Cầu Hai - Phú Thọ</p>', NULL, '2024-10-26 07:00:15', '2024-10-26 07:07:49'),
(18, 'KM7 Phú Thọ', 16, 'stops/DH86ZQU8XgDZs622Vvr3Wdjyxy3qpwXDUdXBUOwT.jpg', 1, '<p>Phú Thọ</p>', NULL, '2024-10-26 07:01:28', '2024-10-26 07:07:48'),
(19, 'Hà Nội', NULL, 'stops/SwnjtsYdHAWNcF0v5nGs2JNGCKkSfOI5OAazXuNw.jpg', 1, '<p>Thành Phố Hà Nội</p>', NULL, '2024-10-26 07:01:58', '2024-11-04 02:05:44'),
(20, 'Đường Cao tốc Nội Bài - Lào Cai', 19, 'stops/7ZvWQ2T64GB3i8HGVnyw6n2TjKgvWxZHk0KdZh6e.jpg', 1, '<p>Đường Cao tốc Nội Bài - Lào Cai</p>', NULL, '2024-10-26 07:03:24', '2024-10-26 07:07:44'),
(21, 'Ngã tư Kim Anh', 19, 'stops/5Cz5CUqpDEGdz1OoVmZrbZkRKMTB9GF5miTPNV81.jpg', 1, '<p>Hà Nội</p>', NULL, '2024-10-26 07:03:54', '2024-10-26 07:07:43'),
(22, 'Bến xe Mỹ Đình', 19, 'stops/TnwebkfrzNF8BtKUfkH4nYhqmBL9bUNRnUGqs4ii.jpg', 1, '<p>Hà Nội</p>', NULL, '2024-10-26 07:04:20', '2024-10-26 07:07:41'),
(33, 'Hạ Long', NULL, 'stops/pJviHeu99yqCGIDQZdxLJK5lKDdy3mIzll4bBtT1.jpg', 1, '<p>sdadad</p>', '2024-11-12 18:22:33', '2024-11-12 18:21:19', '2024-11-12 18:22:33'),
(34, 'njasjknsajk', NULL, 'stops/OcxJEkAMPXZ4Jpp92oFbZ2gDQkgwfqgMATUaUsVv.jpg', 1, '<p>jadbasbskadnkd</p>', '2024-11-14 08:25:34', '2024-11-14 08:25:28', '2024-11-14 08:25:34'),
(35, 'nhung về đi', NULL, 'stops/tuxzbpAQSDILYKyLGKhpG3jT0xYIx93DPgLIPSGs.jpg', 1, '<p>đi ngủ</p>', '2024-11-17 00:34:43', '2024-11-14 08:29:01', '2024-11-17 00:34:43'),
(36, 'Thái Nguyên1', 10, 'stops/pf0zDUJ1IUouZAmlXWTq1pjoirrVUhfOboQut4db.jpg', 1, '<p>akdfbhkadbf</p>', '2024-11-17 00:38:36', '2024-11-17 00:38:17', '2024-11-17 00:38:36'),
(37, 'Bến xe Nước Ngầm', 19, 'stops/p4Saa2Q0fabUP1myCNfN8hyDUyxH0LjJHvV4ATnI.png', 1, '<p>ac quy 666</p>', '2024-12-07 18:31:47', '2024-11-17 12:09:26', '2024-12-07 18:31:47'),
(38, 'Sân vận động Mỹ Đình', 19, 'stops/T8XIewruBsmgTeECPxIsbYIKgyjI2X6nugplTgd7.png', 1, '<p>Hà Nội</p>', '2024-12-07 19:14:44', '2024-12-07 18:47:08', '2024-12-07 19:14:44');

-- --------------------------------------------------------

--
-- Table structure for table `ticket_bookings`
--

CREATE TABLE `ticket_bookings` (
  `id` bigint UNSIGNED NOT NULL,
  `trip_id` bigint UNSIGNED NOT NULL,
  `bus_id` bigint UNSIGNED NOT NULL,
  `route_id` bigint UNSIGNED NOT NULL,
  `user_id` bigint UNSIGNED DEFAULT NULL,
  `payment_method_id` bigint UNSIGNED NOT NULL,
  `order_code` varchar(30) CHARACTER SET utf8mb4 COLLATE utf8mb4_unicode_ci NOT NULL,
  `location_start` varchar(255) CHARACTER SET utf8mb4 COLLATE utf8mb4_unicode_ci NOT NULL,
  `id_start_stop` varchar(255) CHARACTER SET utf8mb4 COLLATE utf8mb4_unicode_ci NOT NULL,
  `location_end` varchar(255) CHARACTER SET utf8mb4 COLLATE utf8mb4_unicode_ci NOT NULL,
  `id_end_stop` varchar(255) CHARACTER SET utf8mb4 COLLATE utf8mb4_unicode_ci NOT NULL,
  `name` varchar(255) CHARACTER SET utf8mb4 COLLATE utf8mb4_unicode_ci NOT NULL,
  `email` varchar(255) CHARACTER SET utf8mb4 COLLATE utf8mb4_unicode_ci DEFAULT NULL,
  `phone` varchar(255) CHARACTER SET utf8mb4 COLLATE utf8mb4_unicode_ci NOT NULL,
  `note` text CHARACTER SET utf8mb4 COLLATE utf8mb4_unicode_ci,
  `time_start` time NOT NULL,
  `date` date NOT NULL,
  `total_price` decimal(10,2) NOT NULL,
  `total_tickets` int NOT NULL,
  `status` varchar(255) CHARACTER SET utf8mb4 COLLATE utf8mb4_unicode_ci NOT NULL DEFAULT 'unpaid',
  `created_at` timestamp NULL DEFAULT NULL,
  `updated_at` timestamp NULL DEFAULT NULL
) ENGINE=InnoDB DEFAULT CHARSET=utf8mb4 COLLATE=utf8mb4_unicode_ci;

--
-- Dumping data for table `ticket_bookings`
--

INSERT INTO `ticket_bookings` (`id`, `trip_id`, `bus_id`, `route_id`, `user_id`, `payment_method_id`, `order_code`, `location_start`, `id_start_stop`, `location_end`, `id_end_stop`, `name`, `email`, `phone`, `note`, `time_start`, `date`, `total_price`, `total_tickets`, `status`, `created_at`, `updated_at`) VALUES
(144, 157, 1, 6, 24, 2, '1733754898', 'Tại Bến', '12', 'Tại Bến', '22', 'hhai03', 'mahoanghaicv@gmail.com', '0917555305', NULL, '06:00:00', '2024-12-10', '444444.00', 2, 'unpaid', '2024-12-09 07:34:58', '2024-12-09 07:34:58'),
(146, 157, 1, 6, 24, 3, '1733754926', 'Tại Bến', '12', 'Tại Bến', '22', 'hhai03', 'mahoanghaicv@gmail.com', '0917555305', NULL, '06:00:00', '2024-12-10', '444444.00', 2, 'unpaid', '2024-12-09 07:35:26', '2024-12-09 07:35:26'),
(147, 157, 1, 6, 24, 2, '1733797738', 'Tại Bến', '12', 'Tại Bến', '22', 'hhai03', 'mahoanghaicv@gmail.com', '0917555305', NULL, '06:00:00', '2024-12-11', '444444.00', 2, 'paid', '2024-12-09 19:28:59', '2024-12-09 19:30:02');

-- --------------------------------------------------------

--
-- Table structure for table `ticket_details`
--

CREATE TABLE `ticket_details` (
  `id` bigint UNSIGNED NOT NULL,
  `ticket_code` varchar(30) CHARACTER SET utf8mb4 COLLATE utf8mb4_unicode_ci NOT NULL,
  `ticket_booking_id` bigint UNSIGNED NOT NULL,
  `name_seat` varchar(255) CHARACTER SET utf8mb4 COLLATE utf8mb4_unicode_ci NOT NULL,
  `price` decimal(10,2) NOT NULL,
  `status` enum('available','selected','booked','lock') CHARACTER SET utf8mb4 COLLATE utf8mb4_unicode_ci NOT NULL DEFAULT 'available',
  `created_at` timestamp NULL DEFAULT NULL,
  `updated_at` timestamp NULL DEFAULT NULL
) ENGINE=InnoDB DEFAULT CHARSET=utf8mb4 COLLATE=utf8mb4_unicode_ci;

--
-- Dumping data for table `ticket_details`
--

INSERT INTO `ticket_details` (`id`, `ticket_code`, `ticket_booking_id`, `name_seat`, `price`, `status`, `created_at`, `updated_at`) VALUES
(285, 'DZIDK1SQ', 147, 'A13', '222222.00', 'booked', '2024-12-09 19:28:59', '2024-12-09 19:30:02'),
(286, 'OZXNHFAM', 147, 'A14', '222222.00', 'booked', '2024-12-09 19:28:59', '2024-12-09 19:30:02');

-- --------------------------------------------------------

--
-- Table structure for table `trips`
--

CREATE TABLE `trips` (
  `id` bigint UNSIGNED NOT NULL,
  `route_id` bigint UNSIGNED NOT NULL,
  `bus_id` bigint UNSIGNED NOT NULL,
  `time_start` time NOT NULL,
  `direction` enum('outbound','return') CHARACTER SET utf8mb4 COLLATE utf8mb4_unicode_ci NOT NULL,
  `created_at` timestamp NULL DEFAULT NULL,
  `updated_at` timestamp NULL DEFAULT NULL,
  `deleted_at` timestamp NULL DEFAULT NULL,
  `is_active` tinyint(1) NOT NULL DEFAULT '1'
) ENGINE=InnoDB DEFAULT CHARSET=utf8mb4 COLLATE=utf8mb4_unicode_ci;

--
-- Dumping data for table `trips`
--

INSERT INTO `trips` (`id`, `route_id`, `bus_id`, `time_start`, `direction`, `created_at`, `updated_at`, `deleted_at`, `is_active`) VALUES
(157, 6, 1, '06:00:00', 'outbound', '2024-10-27 00:53:44', '2024-10-27 00:53:44', NULL, 0),
(158, 6, 2, '09:00:00', 'outbound', '2024-10-27 00:53:44', '2024-10-27 00:53:44', NULL, 0),
(159, 6, 3, '12:00:00', 'outbound', '2024-10-27 00:53:44', '2024-10-27 05:40:55', NULL, 1),
(161, 6, 5, '18:00:00', 'outbound', '2024-10-27 00:53:44', '2024-10-27 05:40:54', NULL, 1),
(162, 6, 6, '21:00:00', 'outbound', '2024-10-27 00:53:44', '2024-10-27 05:40:54', NULL, 1),
(163, 5, 7, '08:00:00', 'outbound', '2024-10-27 00:54:26', '2024-10-27 05:40:53', NULL, 1),
(165, 5, 9, '16:00:00', 'outbound', '2024-10-27 00:54:26', '2024-10-27 05:40:52', NULL, 1),
(166, 5, 10, '20:00:00', 'outbound', '2024-10-27 00:54:26', '2024-10-27 05:40:52', NULL, 1),
(167, 4, 8, '07:00:00', 'outbound', '2024-10-27 01:03:28', '2024-10-27 05:40:51', NULL, 1),
(168, 4, 11, '11:00:00', 'outbound', '2024-10-27 01:03:28', '2024-10-27 05:40:50', NULL, 1),
(169, 4, 12, '15:00:00', 'outbound', '2024-10-27 01:03:28', '2024-10-27 05:40:49', NULL, 1),
(170, 4, 13, '19:00:00', 'outbound', '2024-10-27 01:03:28', '2024-10-27 05:40:49', NULL, 1),
(171, 5, 23, '23:55:00', 'outbound', '2024-10-28 16:49:34', '2024-12-09 18:55:51', NULL, 1);

-- --------------------------------------------------------

--
-- Table structure for table `users`
--

CREATE TABLE `users` (
  `id` bigint UNSIGNED NOT NULL,
  `name` varchar(255) CHARACTER SET utf8mb4 COLLATE utf8mb4_unicode_ci NOT NULL,
  `type` varchar(255) CHARACTER SET utf8mb4 COLLATE utf8mb4_unicode_ci NOT NULL DEFAULT 'user',
  `email` varchar(255) CHARACTER SET utf8mb4 COLLATE utf8mb4_unicode_ci NOT NULL,
  `phone` varchar(255) CHARACTER SET utf8mb4 COLLATE utf8mb4_unicode_ci NOT NULL,
  `address` varchar(255) CHARACTER SET utf8mb4 COLLATE utf8mb4_unicode_ci DEFAULT NULL,
  `email_verified_at` timestamp NULL DEFAULT NULL,
  `password` varchar(255) CHARACTER SET utf8mb4 COLLATE utf8mb4_unicode_ci DEFAULT NULL,
  `is_active` tinyint(1) NOT NULL DEFAULT '1',
  `remember_token` varchar(100) CHARACTER SET utf8mb4 COLLATE utf8mb4_unicode_ci DEFAULT NULL,
  `deleted_at` timestamp NULL DEFAULT NULL,
  `created_at` timestamp NULL DEFAULT NULL,
  `updated_at` timestamp NULL DEFAULT NULL,
  `otp` varchar(255) CHARACTER SET utf8mb4 COLLATE utf8mb4_unicode_ci DEFAULT NULL,
  `otp_expires_at` timestamp NULL DEFAULT NULL
) ENGINE=InnoDB DEFAULT CHARSET=utf8mb4 COLLATE=utf8mb4_unicode_ci;

--
-- Dumping data for table `users`
--

INSERT INTO `users` (`id`, `name`, `type`, `email`, `phone`, `address`, `email_verified_at`, `password`, `is_active`, `remember_token`, `deleted_at`, `created_at`, `updated_at`, `otp`, `otp_expires_at`) VALUES
(13, 'Ma Hoàng Hải', 'user', 'mahoanghaicv@gmail.com', '0917555305', NULL, NULL, NULL, 1, NULL, NULL, '2024-11-03 07:54:27', '2024-11-03 07:54:27', NULL, NULL),
(16, 'hhai03', 'user', 'haimhph33857@fpt.edu.vn', '0352441179', NULL, NULL, NULL, 1, NULL, NULL, '2024-11-03 08:50:01', '2024-11-03 08:50:01', NULL, NULL),
(17, 'hằng', 'user', 'mahoanghaicv1@gmail.com', '0917555305', NULL, NULL, NULL, 1, NULL, NULL, '2024-11-03 08:51:28', '2024-11-03 08:51:28', NULL, NULL),
(19, 'hhai03', 'user', 'mahoanghaicv@gmail.com1', '0917555305', NULL, NULL, NULL, 1, NULL, NULL, '2024-11-03 09:31:51', '2024-11-03 09:31:51', NULL, NULL),
(20, 'Phùng Thị Hồng Nhung', 'employee', 'nhungpthph37011@fpt.edu.vn', '0987654321', 'dfgdfdfgdfg', NULL, NULL, 1, NULL, NULL, '2024-11-03 20:54:03', '2024-11-17 10:36:17', NULL, NULL),
(24, 'Nguyễn Quốc Triệu', 'employee', 'anhtrieu1467@gmail.com', '0387214423', 'Làng Đan nhiễm', NULL, '$2y$12$jYXJluiJqLUP26ME4OZvpeQOnt8vOTMFrONjrB0Ls8jNKcAogaIM2', 1, NULL, NULL, '2024-11-17 10:35:02', '2024-11-17 10:35:17', NULL, NULL),
(25, 'Nguyễn Quốc Triệu', 'employee', 'yen111@gmail.com', '0387214423', 'Làng Đan nhiễm', NULL, '$2y$12$PSUd2n8G6XzQjFneuCDtZuHsyr5PAbmyOL5n3akfdkmgTW68KrEvy', 1, NULL, NULL, '2024-11-17 10:37:48', '2024-11-17 10:37:48', NULL, NULL),
(26, 'Nguyễn Quốc Triệu', 'employee', 'anhtrieu457@gmail.com', '0387214423', 'Làng Đan nhiễm', NULL, '$2y$12$ohH1hSYskB./.xDI7DmPZOOFBIDHKum0QS3VXmM0Q2Cr0i01whu9O', 1, NULL, NULL, '2024-11-17 12:15:04', '2024-11-17 12:15:04', NULL, NULL),
(27, 'quoctrieu', 'user', 'anhtrieu147@gmail.com', '0387214423', 'dan nhiem', NULL, '$2y$12$5njVU6w1oACosGPNlrxFAOfmeMUtb1Kn0FJaTL1fRZQ0BmDcN1xjy', 1, NULL, NULL, '2024-11-28 09:57:21', '2024-11-29 07:04:31', NULL, NULL),
(28, 'letrong long', 'user', 'longltph36997@fpt.edu.vn', '0987535333', 'Hải dương', NULL, '$2y$12$7qov93hMjl/3QZlPMQ4CVO.tWOhqu4QNEAVyTvboweoTDodEwpnE2', 1, NULL, NULL, '2024-12-07 07:47:49', '2024-12-07 07:47:49', NULL, NULL);

--
-- Indexes for dumped tables
--

--
-- Indexes for table `admins`
--
ALTER TABLE `admins`
  ADD PRIMARY KEY (`id`),
  ADD UNIQUE KEY `admins_email_unique` (`email`);

--
-- Indexes for table `banners`
--
ALTER TABLE `banners`
  ADD PRIMARY KEY (`id`);

--
-- Indexes for table `buses`
--
ALTER TABLE `buses`
  ADD PRIMARY KEY (`id`),
  ADD KEY `buses_driver_id_foreign` (`driver_id`);

--
-- Indexes for table `contacts`
--
ALTER TABLE `contacts`
  ADD PRIMARY KEY (`id`);

--
-- Indexes for table `drivers`
--
ALTER TABLE `drivers`
  ADD PRIMARY KEY (`id`),
  ADD UNIQUE KEY `drivers_email_unique` (`email`);

--
-- Indexes for table `failed_jobs`
--
ALTER TABLE `failed_jobs`
  ADD PRIMARY KEY (`id`),
  ADD UNIQUE KEY `failed_jobs_uuid_unique` (`uuid`);

--
-- Indexes for table `information`
--
ALTER TABLE `information`
  ADD PRIMARY KEY (`id`);

--
-- Indexes for table `information_new_category`
--
ALTER TABLE `information_new_category`
  ADD PRIMARY KEY (`information_id`,`new_category_id`),
  ADD KEY `information_new_category_new_category_id_foreign` (`new_category_id`);

--
-- Indexes for table `jobs`
--
ALTER TABLE `jobs`
  ADD PRIMARY KEY (`id`),
  ADD KEY `jobs_queue_index` (`queue`);

--
-- Indexes for table `migrations`
--
ALTER TABLE `migrations`
  ADD PRIMARY KEY (`id`);

--
-- Indexes for table `new_categories`
--
ALTER TABLE `new_categories`
  ADD PRIMARY KEY (`id`);

--
-- Indexes for table `password_reset_tokens`
--
ALTER TABLE `password_reset_tokens`
  ADD PRIMARY KEY (`email`);

--
-- Indexes for table `payment_methods`
--
ALTER TABLE `payment_methods`
  ADD PRIMARY KEY (`id`);

--
-- Indexes for table `personal_access_tokens`
--
ALTER TABLE `personal_access_tokens`
  ADD PRIMARY KEY (`id`),
  ADD UNIQUE KEY `personal_access_tokens_token_unique` (`token`),
  ADD KEY `personal_access_tokens_tokenable_type_tokenable_id_index` (`tokenable_type`,`tokenable_id`);

--
-- Indexes for table `promotions`
--
ALTER TABLE `promotions`
  ADD PRIMARY KEY (`id`),
  ADD KEY `promotions_route_id_foreign` (`route_id`),
  ADD KEY `promotions_user_id_foreign` (`user_id`),
  ADD KEY `promotions_promotion_category_id_foreign` (`promotion_category_id`);

--
-- Indexes for table `promotion_categories`
--
ALTER TABLE `promotion_categories`
  ADD PRIMARY KEY (`id`);

--
-- Indexes for table `promotion_route`
--
ALTER TABLE `promotion_route`
  ADD PRIMARY KEY (`id`),
  ADD KEY `promotion_route_promotion_id_foreign` (`promotion_id`),
  ADD KEY `promotion_route_route_id_foreign` (`route_id`);

--
-- Indexes for table `promotion_user`
--
ALTER TABLE `promotion_user`
  ADD PRIMARY KEY (`id`),
  ADD KEY `promotion_user_promotion_id_foreign` (`promotion_id`),
  ADD KEY `promotion_user_user_id_foreign` (`user_id`);

--
-- Indexes for table `reviews`
--
ALTER TABLE `reviews`
  ADD PRIMARY KEY (`id`),
  ADD KEY `reviews_trip_id_foreign` (`trip_id`),
  ADD KEY `reviews_user_id_foreign` (`user_id`);

--
-- Indexes for table `roles`
--
ALTER TABLE `roles`
  ADD PRIMARY KEY (`id`);

--
-- Indexes for table `routes`
--
ALTER TABLE `routes`
  ADD PRIMARY KEY (`id`),
  ADD KEY `routes_start_route_id_foreign` (`start_route_id`) USING BTREE,
  ADD KEY `routes_end_route_id_foreign` (`end_route_id`) USING BTREE;

--
-- Indexes for table `stages`
--
ALTER TABLE `stages`
  ADD PRIMARY KEY (`id`),
  ADD KEY `stages_route_id_foreign` (`route_id`),
  ADD KEY `stages_start_stop_id_foreign` (`start_stop_id`),
  ADD KEY `stages_end_stop_id_foreign` (`end_stop_id`);

--
-- Indexes for table `stops`
--
ALTER TABLE `stops`
  ADD PRIMARY KEY (`id`),
  ADD KEY `stops_parent_id_foreign` (`parent_id`);

--
-- Indexes for table `ticket_bookings`
--
ALTER TABLE `ticket_bookings`
  ADD PRIMARY KEY (`id`),
  ADD UNIQUE KEY `ticket_bookings_order_code_unique` (`order_code`),
  ADD KEY `ticket_bookings_user_id_foreign` (`user_id`),
  ADD KEY `ticket_bookings_payment_method_id_foreign` (`payment_method_id`),
  ADD KEY `ticket_bookings_trip_id_foreign` (`trip_id`),
  ADD KEY `ticket_bookings_bus_id_foreign` (`bus_id`),
  ADD KEY `ticket_bookings_route_id_foreign` (`route_id`);

--
-- Indexes for table `ticket_details`
--
ALTER TABLE `ticket_details`
  ADD PRIMARY KEY (`id`),
  ADD UNIQUE KEY `ticket_details_ticket_code_unique` (`ticket_code`),
  ADD KEY `ticket_details_ticket_booking_id_foreign` (`ticket_booking_id`);

--
-- Indexes for table `trips`
--
ALTER TABLE `trips`
  ADD PRIMARY KEY (`id`),
  ADD KEY `trips_route_id_foreign` (`route_id`),
  ADD KEY `trips_bus_id_foreign` (`bus_id`);

--
-- Indexes for table `users`
--
ALTER TABLE `users`
  ADD PRIMARY KEY (`id`),
  ADD UNIQUE KEY `users_email_unique` (`email`);

--
-- AUTO_INCREMENT for dumped tables
--

--
-- AUTO_INCREMENT for table `admins`
--
ALTER TABLE `admins`
  MODIFY `id` bigint UNSIGNED NOT NULL AUTO_INCREMENT, AUTO_INCREMENT=3;

--
-- AUTO_INCREMENT for table `banners`
--
ALTER TABLE `banners`
  MODIFY `id` bigint UNSIGNED NOT NULL AUTO_INCREMENT, AUTO_INCREMENT=7;

--
-- AUTO_INCREMENT for table `buses`
--
ALTER TABLE `buses`
  MODIFY `id` bigint UNSIGNED NOT NULL AUTO_INCREMENT, AUTO_INCREMENT=24;

--
-- AUTO_INCREMENT for table `contacts`
--
ALTER TABLE `contacts`
  MODIFY `id` bigint UNSIGNED NOT NULL AUTO_INCREMENT, AUTO_INCREMENT=3;

--
-- AUTO_INCREMENT for table `drivers`
--
ALTER TABLE `drivers`
  MODIFY `id` bigint UNSIGNED NOT NULL AUTO_INCREMENT, AUTO_INCREMENT=27;

--
-- AUTO_INCREMENT for table `failed_jobs`
--
ALTER TABLE `failed_jobs`
  MODIFY `id` bigint UNSIGNED NOT NULL AUTO_INCREMENT, AUTO_INCREMENT=51;

--
-- AUTO_INCREMENT for table `information`
--
ALTER TABLE `information`
  MODIFY `id` bigint UNSIGNED NOT NULL AUTO_INCREMENT, AUTO_INCREMENT=4;

--
-- AUTO_INCREMENT for table `jobs`
--
ALTER TABLE `jobs`
  MODIFY `id` bigint UNSIGNED NOT NULL AUTO_INCREMENT, AUTO_INCREMENT=148;

--
-- AUTO_INCREMENT for table `migrations`
--
ALTER TABLE `migrations`
  MODIFY `id` int UNSIGNED NOT NULL AUTO_INCREMENT, AUTO_INCREMENT=33;

--
-- AUTO_INCREMENT for table `new_categories`
--
ALTER TABLE `new_categories`
  MODIFY `id` bigint UNSIGNED NOT NULL AUTO_INCREMENT, AUTO_INCREMENT=5;

--
-- AUTO_INCREMENT for table `payment_methods`
--
ALTER TABLE `payment_methods`
  MODIFY `id` bigint UNSIGNED NOT NULL AUTO_INCREMENT, AUTO_INCREMENT=4;

--
-- AUTO_INCREMENT for table `personal_access_tokens`
--
ALTER TABLE `personal_access_tokens`
  MODIFY `id` bigint UNSIGNED NOT NULL AUTO_INCREMENT, AUTO_INCREMENT=11;

--
-- AUTO_INCREMENT for table `promotions`
--
ALTER TABLE `promotions`
  MODIFY `id` bigint UNSIGNED NOT NULL AUTO_INCREMENT, AUTO_INCREMENT=22;

--
-- AUTO_INCREMENT for table `promotion_categories`
--
ALTER TABLE `promotion_categories`
  MODIFY `id` bigint UNSIGNED NOT NULL AUTO_INCREMENT, AUTO_INCREMENT=3;

--
-- AUTO_INCREMENT for table `promotion_route`
--
ALTER TABLE `promotion_route`
  MODIFY `id` bigint UNSIGNED NOT NULL AUTO_INCREMENT, AUTO_INCREMENT=22;

--
-- AUTO_INCREMENT for table `promotion_user`
--
ALTER TABLE `promotion_user`
  MODIFY `id` bigint UNSIGNED NOT NULL AUTO_INCREMENT, AUTO_INCREMENT=39;

--
-- AUTO_INCREMENT for table `reviews`
--
ALTER TABLE `reviews`
  MODIFY `id` bigint UNSIGNED NOT NULL AUTO_INCREMENT;

--
-- AUTO_INCREMENT for table `roles`
--
ALTER TABLE `roles`
  MODIFY `id` bigint UNSIGNED NOT NULL AUTO_INCREMENT, AUTO_INCREMENT=5;

--
-- AUTO_INCREMENT for table `routes`
--
ALTER TABLE `routes`
  MODIFY `id` bigint UNSIGNED NOT NULL AUTO_INCREMENT, AUTO_INCREMENT=10;

--
-- AUTO_INCREMENT for table `stages`
--
ALTER TABLE `stages`
  MODIFY `id` bigint UNSIGNED NOT NULL AUTO_INCREMENT, AUTO_INCREMENT=164;

--
-- AUTO_INCREMENT for table `stops`
--
ALTER TABLE `stops`
  MODIFY `id` bigint UNSIGNED NOT NULL AUTO_INCREMENT, AUTO_INCREMENT=39;

--
-- AUTO_INCREMENT for table `ticket_bookings`
--
ALTER TABLE `ticket_bookings`
  MODIFY `id` bigint UNSIGNED NOT NULL AUTO_INCREMENT, AUTO_INCREMENT=148;

--
-- AUTO_INCREMENT for table `ticket_details`
--
ALTER TABLE `ticket_details`
  MODIFY `id` bigint UNSIGNED NOT NULL AUTO_INCREMENT, AUTO_INCREMENT=287;

--
-- AUTO_INCREMENT for table `trips`
--
ALTER TABLE `trips`
  MODIFY `id` bigint UNSIGNED NOT NULL AUTO_INCREMENT, AUTO_INCREMENT=176;

--
-- AUTO_INCREMENT for table `users`
--
ALTER TABLE `users`
  MODIFY `id` bigint UNSIGNED NOT NULL AUTO_INCREMENT, AUTO_INCREMENT=29;

--
-- Constraints for dumped tables
--

--
-- Constraints for table `information_new_category`
--
ALTER TABLE `information_new_category`
  ADD CONSTRAINT `information_new_category_information_id_foreign` FOREIGN KEY (`information_id`) REFERENCES `information` (`id`),
  ADD CONSTRAINT `information_new_category_new_category_id_foreign` FOREIGN KEY (`new_category_id`) REFERENCES `new_categories` (`id`);

--
-- Constraints for table `promotions`
--
ALTER TABLE `promotions`
  ADD CONSTRAINT `promotions_promotion_category_id_foreign` FOREIGN KEY (`promotion_category_id`) REFERENCES `promotion_categories` (`id`) ON DELETE CASCADE,
  ADD CONSTRAINT `promotions_route_id_foreign` FOREIGN KEY (`route_id`) REFERENCES `routes` (`id`) ON DELETE CASCADE,
  ADD CONSTRAINT `promotions_user_id_foreign` FOREIGN KEY (`user_id`) REFERENCES `users` (`id`) ON DELETE CASCADE;

--
-- Constraints for table `promotion_route`
--
ALTER TABLE `promotion_route`
  ADD CONSTRAINT `promotion_route_promotion_id_foreign` FOREIGN KEY (`promotion_id`) REFERENCES `promotions` (`id`) ON DELETE CASCADE,
  ADD CONSTRAINT `promotion_route_route_id_foreign` FOREIGN KEY (`route_id`) REFERENCES `routes` (`id`) ON DELETE CASCADE;

--
-- Constraints for table `promotion_user`
--
ALTER TABLE `promotion_user`
  ADD CONSTRAINT `promotion_user_promotion_id_foreign` FOREIGN KEY (`promotion_id`) REFERENCES `promotions` (`id`) ON DELETE CASCADE,
  ADD CONSTRAINT `promotion_user_user_id_foreign` FOREIGN KEY (`user_id`) REFERENCES `users` (`id`) ON DELETE CASCADE;

--
-- Constraints for table `reviews`
--
ALTER TABLE `reviews`
  ADD CONSTRAINT `reviews_trip_id_foreign` FOREIGN KEY (`trip_id`) REFERENCES `trips` (`id`) ON DELETE CASCADE,
  ADD CONSTRAINT `reviews_user_id_foreign` FOREIGN KEY (`user_id`) REFERENCES `users` (`id`) ON DELETE CASCADE;

--
-- Constraints for table `stages`
--
ALTER TABLE `stages`
  ADD CONSTRAINT `stages_end_stop_id_foreign` FOREIGN KEY (`end_stop_id`) REFERENCES `stops` (`id`) ON DELETE CASCADE,
  ADD CONSTRAINT `stages_route_id_foreign` FOREIGN KEY (`route_id`) REFERENCES `routes` (`id`) ON DELETE CASCADE,
  ADD CONSTRAINT `stages_start_stop_id_foreign` FOREIGN KEY (`start_stop_id`) REFERENCES `stops` (`id`) ON DELETE CASCADE;

--
-- Constraints for table `stops`
--
ALTER TABLE `stops`
  ADD CONSTRAINT `stops_parent_id_foreign` FOREIGN KEY (`parent_id`) REFERENCES `stops` (`id`) ON DELETE CASCADE;

--
-- Constraints for table `ticket_bookings`
--
ALTER TABLE `ticket_bookings`
  ADD CONSTRAINT `ticket_bookings_bus_id_foreign` FOREIGN KEY (`bus_id`) REFERENCES `buses` (`id`) ON DELETE CASCADE ON UPDATE RESTRICT,
  ADD CONSTRAINT `ticket_bookings_payment_method_id_foreign` FOREIGN KEY (`payment_method_id`) REFERENCES `payment_methods` (`id`) ON DELETE CASCADE,
  ADD CONSTRAINT `ticket_bookings_route_id_foreign` FOREIGN KEY (`route_id`) REFERENCES `routes` (`id`) ON DELETE CASCADE,
  ADD CONSTRAINT `ticket_bookings_trip_id_foreign` FOREIGN KEY (`trip_id`) REFERENCES `trips` (`id`) ON DELETE CASCADE,
  ADD CONSTRAINT `ticket_bookings_user_id_foreign` FOREIGN KEY (`user_id`) REFERENCES `users` (`id`) ON DELETE CASCADE;

--
-- Constraints for table `ticket_details`
--
ALTER TABLE `ticket_details`
  ADD CONSTRAINT `ticket_details_ticket_booking_id_foreign` FOREIGN KEY (`ticket_booking_id`) REFERENCES `ticket_bookings` (`id`) ON DELETE CASCADE;

--
-- Constraints for table `trips`
--
ALTER TABLE `trips`
  ADD CONSTRAINT `trips_bus_id_foreign` FOREIGN KEY (`bus_id`) REFERENCES `buses` (`id`) ON DELETE CASCADE ON UPDATE RESTRICT,
  ADD CONSTRAINT `trips_route_id_foreign` FOREIGN KEY (`route_id`) REFERENCES `routes` (`id`) ON DELETE CASCADE;
COMMIT;

/*!40101 SET CHARACTER_SET_CLIENT=@OLD_CHARACTER_SET_CLIENT */;
/*!40101 SET CHARACTER_SET_RESULTS=@OLD_CHARACTER_SET_RESULTS */;
/*!40101 SET COLLATION_CONNECTION=@OLD_COLLATION_CONNECTION */;
